<ImportExportXml version="9.2.21064.151" SolutionPackageVersion="9.2" languagecode="1033" generatedBy="CrmLive" xmlns:xsi="http://www.w3.org/2001/XMLSchema-instance">
  <SolutionManifest>
    <UniqueName>TMP_Sprint23</UniqueName>
    <LocalizedNames>
      <LocalizedName description="TMP_Sprint23" languagecode="1033" />
    </LocalizedNames>
    <Descriptions />
    <Version>1.0.0.0</Version>
    <Managed>0</Managed>
    <Publisher>
      <UniqueName>tmpdefaultpublisher</UniqueName>
      <LocalizedNames>
        <LocalizedName description="TMP Default Publisher" languagecode="1033" />
      </LocalizedNames>
      <Descriptions />
      <EMailAddress xsi:nil="true"></EMailAddress>
      <SupportingWebsiteUrl xsi:nil="true"></SupportingWebsiteUrl>
      <CustomizationPrefix>tmp</CustomizationPrefix>
      <CustomizationOptionValuePrefix>17897</CustomizationOptionValuePrefix>
      <Addresses>
        <Address>
          <AddressNumber>1</AddressNumber>
          <AddressTypeCode>1</AddressTypeCode>
          <City xsi:nil="true"></City>
          <County xsi:nil="true"></County>
          <Country xsi:nil="true"></Country>
          <Fax xsi:nil="true"></Fax>
          <FreightTermsCode xsi:nil="true"></FreightTermsCode>
          <ImportSequenceNumber xsi:nil="true"></ImportSequenceNumber>
          <Latitude xsi:nil="true"></Latitude>
          <Line1 xsi:nil="true"></Line1>
          <Line2 xsi:nil="true"></Line2>
          <Line3 xsi:nil="true"></Line3>
          <Longitude xsi:nil="true"></Longitude>
          <Name xsi:nil="true"></Name>
          <PostalCode xsi:nil="true"></PostalCode>
          <PostOfficeBox xsi:nil="true"></PostOfficeBox>
          <PrimaryContactName xsi:nil="true"></PrimaryContactName>
          <ShippingMethodCode>1</ShippingMethodCode>
          <StateOrProvince xsi:nil="true"></StateOrProvince>
          <Telephone1 xsi:nil="true"></Telephone1>
          <Telephone2 xsi:nil="true"></Telephone2>
          <Telephone3 xsi:nil="true"></Telephone3>
          <TimeZoneRuleVersionNumber xsi:nil="true"></TimeZoneRuleVersionNumber>
          <UPSZone xsi:nil="true"></UPSZone>
          <UTCOffset xsi:nil="true"></UTCOffset>
          <UTCConversionTimeZoneCode xsi:nil="true"></UTCConversionTimeZoneCode>
        </Address>
        <Address>
          <AddressNumber>2</AddressNumber>
          <AddressTypeCode>1</AddressTypeCode>
          <City xsi:nil="true"></City>
          <County xsi:nil="true"></County>
          <Country xsi:nil="true"></Country>
          <Fax xsi:nil="true"></Fax>
          <FreightTermsCode xsi:nil="true"></FreightTermsCode>
          <ImportSequenceNumber xsi:nil="true"></ImportSequenceNumber>
          <Latitude xsi:nil="true"></Latitude>
          <Line1 xsi:nil="true"></Line1>
          <Line2 xsi:nil="true"></Line2>
          <Line3 xsi:nil="true"></Line3>
          <Longitude xsi:nil="true"></Longitude>
          <Name xsi:nil="true"></Name>
          <PostalCode xsi:nil="true"></PostalCode>
          <PostOfficeBox xsi:nil="true"></PostOfficeBox>
          <PrimaryContactName xsi:nil="true"></PrimaryContactName>
          <ShippingMethodCode>1</ShippingMethodCode>
          <StateOrProvince xsi:nil="true"></StateOrProvince>
          <Telephone1 xsi:nil="true"></Telephone1>
          <Telephone2 xsi:nil="true"></Telephone2>
          <Telephone3 xsi:nil="true"></Telephone3>
          <TimeZoneRuleVersionNumber xsi:nil="true"></TimeZoneRuleVersionNumber>
          <UPSZone xsi:nil="true"></UPSZone>
          <UTCOffset xsi:nil="true"></UTCOffset>
          <UTCConversionTimeZoneCode xsi:nil="true"></UTCConversionTimeZoneCode>
        </Address>
      </Addresses>
    </Publisher>
    <RootComponents>
      <RootComponent type="1" schemaName="mcs_site" behavior="2" />
      <RootComponent type="29" id="{d3c73bb7-ea12-4fe6-a94a-9e72f24cd60d}" behavior="0" />
      <RootComponent type="61" schemaName="tmp_patientflags" behavior="0" />
      <RootComponent type="91" id="{0d237278-589e-4c9f-a279-ca4e878b4d97}" schemaName="TMPPlugins, Version=1.0.0.0, Culture=neutral, PublicKeyToken=2a5c0f48e135418c" behavior="0" />
      <RootComponent type="91" id="{69719429-31ad-4864-8a1f-c6597679e24b}" schemaName="VA.TMP.Integration.Plugins, Version=1.0.0.0, Culture=neutral, PublicKeyToken=f9ed7db8a23d3ea1" behavior="0" />
    </RootComponents>
    <MissingDependencies>
      <MissingDependency>
        <Required type="1" schemaName="mcs_facility" displayName="Facility" solution="Active" />
        <Dependent type="26" schemaName="My Facility - TMP Sites" displayName="My Facility - TMP Sites" parentSchemaName="mcs_site" parentDisplayName="TMP Site" id="{03693f2c-004f-e411-9520-00155d14d8a4}" />
      </MissingDependency>
      <MissingDependency>
        <Required type="1" schemaName="mcs_site" displayName="TMP Site" solution="Active" />
        <Dependent type="1" schemaName="mcs_site" displayName="TMP Site" />
      </MissingDependency>
      <MissingDependency>
        <Required type="2" schemaName="mcs_facilityid" displayName="Facility" parentSchemaName="mcs_facility" parentDisplayName="Facility" solution="Active" />
        <Dependent type="26" schemaName="My Facility - TMP Sites" displayName="My Facility - TMP Sites" parentSchemaName="mcs_site" parentDisplayName="TMP Site" id="{03693f2c-004f-e411-9520-00155d14d8a4}" />
      </MissingDependency>
      <MissingDependency>
        <Required type="2" schemaName="createdby" displayName="Created By" parentSchemaName="mcs_site" parentDisplayName="TMP Site" solution="Active" />
        <Dependent type="26" schemaName="Phone Book iPad Sites (CLC/ER)" displayName="Phone Book iPad Sites (CLC/ER)" parentSchemaName="mcs_site" parentDisplayName="TMP Site" id="{a985d8b2-c7c7-eb11-bacd-001dd802e228}" />
      </MissingDependency>
      <MissingDependency>
        <Required type="2" schemaName="createdby" displayName="Created By" parentSchemaName="mcs_site" parentDisplayName="TMP Site" solution="Active" />
        <Dependent type="26" schemaName="Phone Book iPad Sites" displayName="Phone Book iPad Sites" parentSchemaName="mcs_site" parentDisplayName="TMP Site" id="{cfd9dbd6-78c4-eb11-bacd-001dd802018f}" />
      </MissingDependency>
      <MissingDependency>
        <Required type="2" schemaName="createdon" displayName="Created On" parentSchemaName="mcs_site" parentDisplayName="TMP Site" solution="Active" />
        <Dependent type="26" schemaName="Phone Book iPad Sites (CLC/ER)" displayName="Phone Book iPad Sites (CLC/ER)" parentSchemaName="mcs_site" parentDisplayName="TMP Site" id="{a985d8b2-c7c7-eb11-bacd-001dd802e228}" />
      </MissingDependency>
      <MissingDependency>
        <Required type="2" schemaName="createdon" displayName="Created On" parentSchemaName="mcs_site" parentDisplayName="TMP Site" solution="Active" />
        <Dependent type="26" schemaName="Phone Book iPad Sites" displayName="Phone Book iPad Sites" parentSchemaName="mcs_site" parentDisplayName="TMP Site" id="{cfd9dbd6-78c4-eb11-bacd-001dd802018f}" />
      </MissingDependency>
      <MissingDependency>
        <Required type="2" schemaName="cvt_edphonenumber" displayName="ED Phone Number" parentSchemaName="mcs_site" parentDisplayName="TMP Site" solution="Active" />
        <Dependent type="26" schemaName="Phone Book iPad Sites (CLC/ER)" displayName="Phone Book iPad Sites (CLC/ER)" parentSchemaName="mcs_site" parentDisplayName="TMP Site" id="{a985d8b2-c7c7-eb11-bacd-001dd802e228}" />
      </MissingDependency>
      <MissingDependency>
        <Required type="2" schemaName="cvt_phone" displayName="Main Site Phone #" parentSchemaName="mcs_site" parentDisplayName="TMP Site" solution="Active" />
        <Dependent type="26" schemaName="Phone Book iPad Sites" displayName="Phone Book iPad Sites" parentSchemaName="mcs_site" parentDisplayName="TMP Site" id="{cfd9dbd6-78c4-eb11-bacd-001dd802018f}" />
      </MissingDependency>
      <MissingDependency>
        <Required type="2" schemaName="cvt_vmr" displayName="VMR" parentSchemaName="mcs_site" parentDisplayName="TMP Site" solution="Active" />
        <Dependent type="26" schemaName="Phone Book Sites" displayName="Phone Book Sites" parentSchemaName="mcs_site" parentDisplayName="TMP Site" id="{1d7670eb-ca25-e711-80df-000d3a007bf6}" />
      </MissingDependency>
      <MissingDependency>
        <Required type="2" schemaName="cvt_vmr" displayName="VMR" parentSchemaName="mcs_site" parentDisplayName="TMP Site" solution="Active" />
        <Dependent type="26" schemaName="Phone Book iPad Sites (CLC/ER)" displayName="Phone Book iPad Sites (CLC/ER)" parentSchemaName="mcs_site" parentDisplayName="TMP Site" id="{a985d8b2-c7c7-eb11-bacd-001dd802e228}" />
      </MissingDependency>
      <MissingDependency>
        <Required type="2" schemaName="cvt_vmr" displayName="VMR" parentSchemaName="mcs_site" parentDisplayName="TMP Site" solution="Active" />
        <Dependent type="26" schemaName="Phone Book iPad Sites" displayName="Phone Book iPad Sites" parentSchemaName="mcs_site" parentDisplayName="TMP Site" id="{cfd9dbd6-78c4-eb11-bacd-001dd802018f}" />
      </MissingDependency>
      <MissingDependency>
        <Required type="2" schemaName="mcs_businessunitid" displayName="VISN" parentSchemaName="mcs_site" parentDisplayName="TMP Site" solution="Active" />
        <Dependent type="26" schemaName="My Facility - TMP Sites" displayName="My Facility - TMP Sites" parentSchemaName="mcs_site" parentDisplayName="TMP Site" id="{03693f2c-004f-e411-9520-00155d14d8a4}" />
      </MissingDependency>
      <MissingDependency>
        <Required type="2" schemaName="mcs_businessunitid" displayName="VISN" parentSchemaName="mcs_site" parentDisplayName="TMP Site" solution="Active" />
        <Dependent type="26" schemaName="Phone Book iPad Sites (CLC/ER)" displayName="Phone Book iPad Sites (CLC/ER)" parentSchemaName="mcs_site" parentDisplayName="TMP Site" id="{a985d8b2-c7c7-eb11-bacd-001dd802e228}" />
      </MissingDependency>
      <MissingDependency>
        <Required type="2" schemaName="mcs_businessunitid" displayName="VISN" parentSchemaName="mcs_site" parentDisplayName="TMP Site" solution="Active" />
        <Dependent type="26" schemaName="Phone Book iPad Sites" displayName="Phone Book iPad Sites" parentSchemaName="mcs_site" parentDisplayName="TMP Site" id="{cfd9dbd6-78c4-eb11-bacd-001dd802018f}" />
      </MissingDependency>
      <MissingDependency>
        <Required type="2" schemaName="mcs_facilityid" displayName="Facility" parentSchemaName="mcs_site" parentDisplayName="TMP Site" solution="Active" />
        <Dependent type="26" schemaName="My Facility - TMP Sites" displayName="My Facility - TMP Sites" parentSchemaName="mcs_site" parentDisplayName="TMP Site" id="{03693f2c-004f-e411-9520-00155d14d8a4}" />
      </MissingDependency>
      <MissingDependency>
        <Required type="2" schemaName="mcs_facilityid" displayName="Facility" parentSchemaName="mcs_site" parentDisplayName="TMP Site" solution="Active" />
        <Dependent type="26" schemaName="Phone Book iPad Sites (CLC/ER)" displayName="Phone Book iPad Sites (CLC/ER)" parentSchemaName="mcs_site" parentDisplayName="TMP Site" id="{a985d8b2-c7c7-eb11-bacd-001dd802e228}" />
      </MissingDependency>
      <MissingDependency>
        <Required type="2" schemaName="mcs_facilityid" displayName="Facility" parentSchemaName="mcs_site" parentDisplayName="TMP Site" solution="Active" />
        <Dependent type="26" schemaName="Phone Book iPad Sites" displayName="Phone Book iPad Sites" parentSchemaName="mcs_site" parentDisplayName="TMP Site" id="{cfd9dbd6-78c4-eb11-bacd-001dd802018f}" />
      </MissingDependency>
      <MissingDependency>
        <Required type="2" schemaName="mcs_name" displayName="Name" parentSchemaName="mcs_site" parentDisplayName="TMP Site" solution="Active" />
        <Dependent type="26" schemaName="My Facility - TMP Sites" displayName="My Facility - TMP Sites" parentSchemaName="mcs_site" parentDisplayName="TMP Site" id="{03693f2c-004f-e411-9520-00155d14d8a4}" />
      </MissingDependency>
      <MissingDependency>
        <Required type="2" schemaName="mcs_name" displayName="Name" parentSchemaName="mcs_site" parentDisplayName="TMP Site" solution="Active" />
        <Dependent type="26" schemaName="Phone Book Sites" displayName="Phone Book Sites" parentSchemaName="mcs_site" parentDisplayName="TMP Site" id="{1d7670eb-ca25-e711-80df-000d3a007bf6}" />
      </MissingDependency>
      <MissingDependency>
        <Required type="2" schemaName="mcs_name" displayName="Name" parentSchemaName="mcs_site" parentDisplayName="TMP Site" solution="Active" />
        <Dependent type="26" schemaName="Phone Book iPad Sites (CLC/ER)" displayName="Phone Book iPad Sites (CLC/ER)" parentSchemaName="mcs_site" parentDisplayName="TMP Site" id="{a985d8b2-c7c7-eb11-bacd-001dd802e228}" />
      </MissingDependency>
      <MissingDependency>
        <Required type="2" schemaName="mcs_name" displayName="Name" parentSchemaName="mcs_site" parentDisplayName="TMP Site" solution="Active" />
        <Dependent type="26" schemaName="Phone Book iPad Sites" displayName="Phone Book iPad Sites" parentSchemaName="mcs_site" parentDisplayName="TMP Site" id="{cfd9dbd6-78c4-eb11-bacd-001dd802018f}" />
      </MissingDependency>
      <MissingDependency>
        <Required type="2" schemaName="mcs_parentstationnumber" displayName="Parent Station Number" parentSchemaName="mcs_site" parentDisplayName="TMP Site" solution="Active" />
        <Dependent type="26" schemaName="My Facility - TMP Sites" displayName="My Facility - TMP Sites" parentSchemaName="mcs_site" parentDisplayName="TMP Site" id="{03693f2c-004f-e411-9520-00155d14d8a4}" />
      </MissingDependency>
      <MissingDependency>
        <Required type="2" schemaName="mcs_siteid" displayName="TMP Site" parentSchemaName="mcs_site" parentDisplayName="TMP Site" solution="Active" />
        <Dependent type="26" schemaName="My Facility - TMP Sites" displayName="My Facility - TMP Sites" parentSchemaName="mcs_site" parentDisplayName="TMP Site" id="{03693f2c-004f-e411-9520-00155d14d8a4}" />
      </MissingDependency>
      <MissingDependency>
        <Required type="2" schemaName="mcs_siteid" displayName="TMP Site" parentSchemaName="mcs_site" parentDisplayName="TMP Site" solution="Active" />
        <Dependent type="26" schemaName="Phone Book Sites" displayName="Phone Book Sites" parentSchemaName="mcs_site" parentDisplayName="TMP Site" id="{1d7670eb-ca25-e711-80df-000d3a007bf6}" />
      </MissingDependency>
      <MissingDependency>
        <Required type="2" schemaName="mcs_siteid" displayName="TMP Site" parentSchemaName="mcs_site" parentDisplayName="TMP Site" solution="Active" />
        <Dependent type="26" schemaName="Phone Book iPad Sites (CLC/ER)" displayName="Phone Book iPad Sites (CLC/ER)" parentSchemaName="mcs_site" parentDisplayName="TMP Site" id="{a985d8b2-c7c7-eb11-bacd-001dd802e228}" />
      </MissingDependency>
      <MissingDependency>
        <Required type="2" schemaName="mcs_siteid" displayName="TMP Site" parentSchemaName="mcs_site" parentDisplayName="TMP Site" solution="Active" />
        <Dependent type="26" schemaName="Phone Book iPad Sites" displayName="Phone Book iPad Sites" parentSchemaName="mcs_site" parentDisplayName="TMP Site" id="{cfd9dbd6-78c4-eb11-bacd-001dd802018f}" />
      </MissingDependency>
      <MissingDependency>
        <Required type="2" schemaName="mcs_stationnumber" displayName="Station Number" parentSchemaName="mcs_site" parentDisplayName="TMP Site" solution="Active" />
        <Dependent type="26" schemaName="My Facility - TMP Sites" displayName="My Facility - TMP Sites" parentSchemaName="mcs_site" parentDisplayName="TMP Site" id="{03693f2c-004f-e411-9520-00155d14d8a4}" />
      </MissingDependency>
      <MissingDependency>
        <Required type="2" schemaName="mcs_timezone" displayName="Time Zone" parentSchemaName="mcs_site" parentDisplayName="TMP Site" solution="Active" />
        <Dependent type="26" schemaName="My Facility - TMP Sites" displayName="My Facility - TMP Sites" parentSchemaName="mcs_site" parentDisplayName="TMP Site" id="{03693f2c-004f-e411-9520-00155d14d8a4}" />
      </MissingDependency>
      <MissingDependency>
        <Required type="2" schemaName="mcs_timezone" displayName="Time Zone" parentSchemaName="mcs_site" parentDisplayName="TMP Site" solution="Active" />
        <Dependent type="26" schemaName="Phone Book iPad Sites (CLC/ER)" displayName="Phone Book iPad Sites (CLC/ER)" parentSchemaName="mcs_site" parentDisplayName="TMP Site" id="{a985d8b2-c7c7-eb11-bacd-001dd802e228}" />
      </MissingDependency>
      <MissingDependency>
        <Required type="2" schemaName="mcs_timezone" displayName="Time Zone" parentSchemaName="mcs_site" parentDisplayName="TMP Site" solution="Active" />
        <Dependent type="26" schemaName="Phone Book iPad Sites" displayName="Phone Book iPad Sites" parentSchemaName="mcs_site" parentDisplayName="TMP Site" id="{cfd9dbd6-78c4-eb11-bacd-001dd802018f}" />
      </MissingDependency>
      <MissingDependency>
        <Required type="2" schemaName="mcs_type" displayName="Type" parentSchemaName="mcs_site" parentDisplayName="TMP Site" solution="Active" />
        <Dependent type="26" schemaName="My Facility - TMP Sites" displayName="My Facility - TMP Sites" parentSchemaName="mcs_site" parentDisplayName="TMP Site" id="{03693f2c-004f-e411-9520-00155d14d8a4}" />
      </MissingDependency>
      <MissingDependency>
        <Required type="2" schemaName="mcs_type" displayName="Type" parentSchemaName="mcs_site" parentDisplayName="TMP Site" solution="Active" />
        <Dependent type="26" schemaName="Phone Book Sites" displayName="Phone Book Sites" parentSchemaName="mcs_site" parentDisplayName="TMP Site" id="{1d7670eb-ca25-e711-80df-000d3a007bf6}" />
      </MissingDependency>
      <MissingDependency>
        <Required type="2" schemaName="mcs_type" displayName="Type" parentSchemaName="mcs_site" parentDisplayName="TMP Site" solution="Active" />
        <Dependent type="26" schemaName="Phone Book iPad Sites (CLC/ER)" displayName="Phone Book iPad Sites (CLC/ER)" parentSchemaName="mcs_site" parentDisplayName="TMP Site" id="{a985d8b2-c7c7-eb11-bacd-001dd802e228}" />
      </MissingDependency>
      <MissingDependency>
        <Required type="2" schemaName="mcs_type" displayName="Type" parentSchemaName="mcs_site" parentDisplayName="TMP Site" solution="Active" />
        <Dependent type="26" schemaName="Phone Book iPad Sites" displayName="Phone Book iPad Sites" parentSchemaName="mcs_site" parentDisplayName="TMP Site" id="{cfd9dbd6-78c4-eb11-bacd-001dd802018f}" />
      </MissingDependency>
      <MissingDependency>
        <Required type="2" schemaName="modifiedby" displayName="Modified By" parentSchemaName="mcs_site" parentDisplayName="TMP Site" solution="Active" />
        <Dependent type="26" schemaName="Phone Book iPad Sites (CLC/ER)" displayName="Phone Book iPad Sites (CLC/ER)" parentSchemaName="mcs_site" parentDisplayName="TMP Site" id="{a985d8b2-c7c7-eb11-bacd-001dd802e228}" />
      </MissingDependency>
      <MissingDependency>
        <Required type="2" schemaName="modifiedby" displayName="Modified By" parentSchemaName="mcs_site" parentDisplayName="TMP Site" solution="Active" />
        <Dependent type="26" schemaName="Phone Book iPad Sites" displayName="Phone Book iPad Sites" parentSchemaName="mcs_site" parentDisplayName="TMP Site" id="{cfd9dbd6-78c4-eb11-bacd-001dd802018f}" />
      </MissingDependency>
      <MissingDependency>
        <Required type="2" schemaName="modifiedon" displayName="Modified On" parentSchemaName="mcs_site" parentDisplayName="TMP Site" solution="Active" />
        <Dependent type="26" schemaName="My Facility - TMP Sites" displayName="My Facility - TMP Sites" parentSchemaName="mcs_site" parentDisplayName="TMP Site" id="{03693f2c-004f-e411-9520-00155d14d8a4}" />
      </MissingDependency>
      <MissingDependency>
        <Required type="2" schemaName="modifiedon" displayName="Modified On" parentSchemaName="mcs_site" parentDisplayName="TMP Site" solution="Active" />
        <Dependent type="26" schemaName="Phone Book iPad Sites (CLC/ER)" displayName="Phone Book iPad Sites (CLC/ER)" parentSchemaName="mcs_site" parentDisplayName="TMP Site" id="{a985d8b2-c7c7-eb11-bacd-001dd802e228}" />
      </MissingDependency>
      <MissingDependency>
        <Required type="2" schemaName="modifiedon" displayName="Modified On" parentSchemaName="mcs_site" parentDisplayName="TMP Site" solution="Active" />
        <Dependent type="26" schemaName="Phone Book iPad Sites" displayName="Phone Book iPad Sites" parentSchemaName="mcs_site" parentDisplayName="TMP Site" id="{cfd9dbd6-78c4-eb11-bacd-001dd802018f}" />
      </MissingDependency>
      <MissingDependency>
        <Required type="2" schemaName="ownerid" displayName="Owner" parentSchemaName="mcs_site" parentDisplayName="TMP Site" solution="Active" />
        <Dependent type="26" schemaName="My Facility - TMP Sites" displayName="My Facility - TMP Sites" parentSchemaName="mcs_site" parentDisplayName="TMP Site" id="{03693f2c-004f-e411-9520-00155d14d8a4}" />
      </MissingDependency>
      <MissingDependency>
        <Required type="2" schemaName="statecode" displayName="Status" parentSchemaName="mcs_site" parentDisplayName="TMP Site" solution="Active" />
        <Dependent type="26" schemaName="My Facility - TMP Sites" displayName="My Facility - TMP Sites" parentSchemaName="mcs_site" parentDisplayName="TMP Site" id="{03693f2c-004f-e411-9520-00155d14d8a4}" />
      </MissingDependency>
      <MissingDependency>
        <Required type="2" schemaName="cvt_facility" displayName="Facility" parentSchemaName="systemuser" parentDisplayName="Resource: User" solution="Active" />
        <Dependent type="26" schemaName="My Facility - TMP Sites" displayName="My Facility - TMP Sites" parentSchemaName="mcs_site" parentDisplayName="TMP Site" id="{03693f2c-004f-e411-9520-00155d14d8a4}" />
      </MissingDependency>
      <MissingDependency>
        <Required type="61" schemaName="cvt_site16" displayName="cvt_site16" solution="Active" />
        <Dependent type="1" schemaName="mcs_site" displayName="TMP Site" />
      </MissingDependency>
      <MissingDependency>
        <Required type="61" schemaName="cvt_site32" displayName="cvt_site32" solution="Active" />
        <Dependent type="1" schemaName="mcs_site" displayName="TMP Site" />
      </MissingDependency>
    </MissingDependencies>
  </SolutionManifest>
</ImportExportXml>