<ImportExportXml version="9.2.21061.147" SolutionPackageVersion="9.2" languagecode="1033" generatedBy="CrmLive" xmlns:xsi="http://www.w3.org/2001/XMLSchema-instance">
  <SolutionManifest>
    <UniqueName>cernerdevelopment</UniqueName>
    <LocalizedNames>
      <LocalizedName description="Cerner Integration Release" languagecode="1033" />
    </LocalizedNames>
    <Descriptions>
      <Description description="Upgrade of cernerdevelopment" languagecode="1033" />
    </Descriptions>
    <Version>1.1.0.1</Version>
    <Managed>1</Managed>
    <Publisher>
      <UniqueName>tmpdefaultpublisher</UniqueName>
      <LocalizedNames>
        <LocalizedName description="TMP Default Publisher" languagecode="1033" />
      </LocalizedNames>
      <Descriptions />
      <EMailAddress xsi:nil="true"></EMailAddress>
      <SupportingWebsiteUrl xsi:nil="true"></SupportingWebsiteUrl>
      <CustomizationPrefix>tmp</CustomizationPrefix>
      <CustomizationOptionValuePrefix>17897</CustomizationOptionValuePrefix>
      <Addresses>
        <Address>
          <AddressNumber>1</AddressNumber>
          <AddressTypeCode>1</AddressTypeCode>
          <City xsi:nil="true"></City>
          <County xsi:nil="true"></County>
          <Country xsi:nil="true"></Country>
          <Fax xsi:nil="true"></Fax>
          <FreightTermsCode xsi:nil="true"></FreightTermsCode>
          <ImportSequenceNumber xsi:nil="true"></ImportSequenceNumber>
          <Latitude xsi:nil="true"></Latitude>
          <Line1 xsi:nil="true"></Line1>
          <Line2 xsi:nil="true"></Line2>
          <Line3 xsi:nil="true"></Line3>
          <Longitude xsi:nil="true"></Longitude>
          <Name xsi:nil="true"></Name>
          <PostalCode xsi:nil="true"></PostalCode>
          <PostOfficeBox xsi:nil="true"></PostOfficeBox>
          <PrimaryContactName xsi:nil="true"></PrimaryContactName>
          <ShippingMethodCode>1</ShippingMethodCode>
          <StateOrProvince xsi:nil="true"></StateOrProvince>
          <Telephone1 xsi:nil="true"></Telephone1>
          <Telephone2 xsi:nil="true"></Telephone2>
          <Telephone3 xsi:nil="true"></Telephone3>
          <TimeZoneRuleVersionNumber xsi:nil="true"></TimeZoneRuleVersionNumber>
          <UPSZone xsi:nil="true"></UPSZone>
          <UTCOffset xsi:nil="true"></UTCOffset>
          <UTCConversionTimeZoneCode xsi:nil="true"></UTCConversionTimeZoneCode>
        </Address>
        <Address>
          <AddressNumber>2</AddressNumber>
          <AddressTypeCode>1</AddressTypeCode>
          <City xsi:nil="true"></City>
          <County xsi:nil="true"></County>
          <Country xsi:nil="true"></Country>
          <Fax xsi:nil="true"></Fax>
          <FreightTermsCode xsi:nil="true"></FreightTermsCode>
          <ImportSequenceNumber xsi:nil="true"></ImportSequenceNumber>
          <Latitude xsi:nil="true"></Latitude>
          <Line1 xsi:nil="true"></Line1>
          <Line2 xsi:nil="true"></Line2>
          <Line3 xsi:nil="true"></Line3>
          <Longitude xsi:nil="true"></Longitude>
          <Name xsi:nil="true"></Name>
          <PostalCode xsi:nil="true"></PostalCode>
          <PostOfficeBox xsi:nil="true"></PostOfficeBox>
          <PrimaryContactName xsi:nil="true"></PrimaryContactName>
          <ShippingMethodCode>1</ShippingMethodCode>
          <StateOrProvince xsi:nil="true"></StateOrProvince>
          <Telephone1 xsi:nil="true"></Telephone1>
          <Telephone2 xsi:nil="true"></Telephone2>
          <Telephone3 xsi:nil="true"></Telephone3>
          <TimeZoneRuleVersionNumber xsi:nil="true"></TimeZoneRuleVersionNumber>
          <UPSZone xsi:nil="true"></UPSZone>
          <UTCOffset xsi:nil="true"></UTCOffset>
          <UTCConversionTimeZoneCode xsi:nil="true"></UTCConversionTimeZoneCode>
        </Address>
      </Addresses>
    </Publisher>
    <RootComponents>
      <RootComponent type="1" schemaName="cvt_participatingsite" behavior="2" />
      <RootComponent type="1" schemaName="mcs_facility" behavior="2" />
      <RootComponent type="1" schemaName="serviceappointment" behavior="2" />
      <RootComponent type="9" schemaName="tmp_appointmentmodality" behavior="0" />
      <RootComponent type="60" id="{20edc60f-8689-4bba-8928-e84ce05d0cff}" behavior="0" />
      <RootComponent type="60" id="{75ec0e60-421b-4e71-8f5d-d8de7e0aa04e}" behavior="0" />
      <RootComponent type="60" id="{bd7efcf2-b6b8-4841-acf4-3bd18429e508}" />
      <RootComponent type="61" schemaName="cvt_Facility.OnLoad.js" behavior="0" />
      <RootComponent type="61" schemaName="cvt_GetConsultsForPatient.js" behavior="0" />
      <RootComponent type="61" schemaName="cvt_ViaLogin.js" behavior="0" />
      <RootComponent type="61" schemaName="mcs_serviceactivity.min.js" behavior="0" />
      <RootComponent type="61" schemaName="tmp_app_onload.js" behavior="0" />
      <RootComponent type="61" schemaName="tmp_schedulerAddOn.js" behavior="0" />
      <RootComponent type="91" id="{d24f4cfc-7b69-4e8b-80d5-07908ab49499}" schemaName="TMPPlugins, Version=1.0.0.0, Culture=neutral, PublicKeyToken=2a5c0f48e135418c" behavior="0" />
      <RootComponent type="91" id="{69719429-31ad-4864-8a1f-c6597679e24b}" schemaName="VA.TMP.Integration.Plugins, Version=1.0.0.0, Culture=neutral, PublicKeyToken=f9ed7db8a23d3ea1" behavior="0" />
    </RootComponents>
    <MissingDependencies>
      <MissingDependency>
        <Required type="1" schemaName="cvt_grouppatient" displayName="Group Patient" solution="Active" />
        <Dependent type="60" displayName="Information" parentDisplayName="Appointment" id="{75ec0e60-421b-4e71-8f5d-d8de7e0aa04e}" />
      </MissingDependency>
      <MissingDependency>
        <Required type="1" schemaName="cvt_nonvaemail" displayName="Non-VA Email" solution="Active" />
        <Dependent type="60" displayName="Information" parentDisplayName="Appointment" id="{75ec0e60-421b-4e71-8f5d-d8de7e0aa04e}" />
      </MissingDependency>
      <MissingDependency>
        <Required type="1" schemaName="cvt_participatingsite" displayName="Participating Site" solution="Active" />
        <Dependent type="1" schemaName="cvt_participatingsite" displayName="Participating Site" />
      </MissingDependency>
      <MissingDependency>
        <Required type="1" schemaName="cvt_schedulingresource" displayName="Scheduling Resource" solution="Active" />
        <Dependent type="60" displayName="Information" parentDisplayName="Participating Site" id="{bd7efcf2-b6b8-4841-acf4-3bd18429e508}" />
      </MissingDependency>
      <MissingDependency>
        <Required type="1" schemaName="cvt_vistaintegrationresult" displayName="Vista Integration Result" solution="Active" />
        <Dependent type="60" displayName="Information" parentDisplayName="Appointment" id="{75ec0e60-421b-4e71-8f5d-d8de7e0aa04e}" />
      </MissingDependency>
      <MissingDependency>
        <Required type="1" schemaName="mcs_facility" displayName="Facility" solution="Active" />
        <Dependent type="1" schemaName="mcs_facility" displayName="Facility" />
      </MissingDependency>
      <MissingDependency>
        <Required type="1" schemaName="mcs_integrationresult" displayName="Integration Result" solution="TMPCernerIntegration (1.0.0.0)" />
        <Dependent type="60" displayName="Information" parentDisplayName="Appointment" id="{75ec0e60-421b-4e71-8f5d-d8de7e0aa04e}" />
      </MissingDependency>
      <MissingDependency>
        <Required type="1" schemaName="mcs_services" displayName="Archived Agreement" solution="Active" />
        <Dependent type="60" displayName="Information" parentDisplayName="Appointment" id="{75ec0e60-421b-4e71-8f5d-d8de7e0aa04e}" />
      </MissingDependency>
      <MissingDependency>
        <Required type="1" schemaName="mcs_servicetype" displayName="Specialty" solution="Active" />
        <Dependent type="60" displayName="Information" parentDisplayName="Appointment" id="{75ec0e60-421b-4e71-8f5d-d8de7e0aa04e}" />
      </MissingDependency>
      <MissingDependency>
        <Required type="1" schemaName="mcs_site" displayName="TMP Site" solution="TMPCernerIntegration (1.0.0.0)" />
        <Dependent type="60" displayName="Information" parentDisplayName="Facility" id="{20edc60f-8689-4bba-8928-e84ce05d0cff}" />
      </MissingDependency>
      <MissingDependency>
        <Required type="1" schemaName="serviceappointment" displayName="Appointment" solution="msdynce_Service (9.0.5.56)" />
        <Dependent type="1" schemaName="serviceappointment" displayName="Appointment" />
      </MissingDependency>
      <MissingDependency>
        <Required type="10" schemaName="cvt_serviceappointment_appointment_serviceactivityid" displayName="cvt_serviceappointment_appointment_serviceactivityid" parentSchemaName="appointment" parentDisplayName="Reserve Resource" solution="Active" />
        <Dependent type="60" displayName="Information" parentDisplayName="Appointment" id="{75ec0e60-421b-4e71-8f5d-d8de7e0aa04e}" />
      </MissingDependency>
      <MissingDependency>
        <Required type="10" schemaName="cvt_serviceappointment_cvt_grouppatient_relatedserviceactivityid" displayName="cvt_serviceappointment_cvt_grouppatient_relatedserviceactivityid" parentSchemaName="cvt_grouppatient" parentDisplayName="Group Patient" solution="Active" />
        <Dependent type="60" displayName="Information" parentDisplayName="Appointment" id="{75ec0e60-421b-4e71-8f5d-d8de7e0aa04e}" />
      </MissingDependency>
      <MissingDependency>
        <Required type="10" schemaName="cvt_mcs_facility_cvt_mastertsa_ProviderFacility" displayName="cvt_mcs_facility_cvt_mastertsa_ProviderFacility" parentSchemaName="cvt_mastertsa" parentDisplayName="Master TSA" solution="Active" />
        <Dependent type="60" displayName="Information" parentDisplayName="Facility" id="{20edc60f-8689-4bba-8928-e84ce05d0cff}" />
      </MissingDependency>
      <MissingDependency>
        <Required type="10" schemaName="cvt_serviceappointment_cvt_nonvaemail_serviceappointment" displayName="cvt_serviceappointment_cvt_nonvaemail_serviceappointment" parentSchemaName="cvt_nonvaemail" parentDisplayName="Non-VA Email" solution="Active" />
        <Dependent type="60" displayName="Information" parentDisplayName="Appointment" id="{75ec0e60-421b-4e71-8f5d-d8de7e0aa04e}" />
      </MissingDependency>
      <MissingDependency>
        <Required type="10" schemaName="cvt_cvt_resourcepackage_cvt_participatingsite_resourcepackage" displayName="cvt_cvt_resourcepackage_cvt_participatingsite_resourcepackage" parentSchemaName="cvt_participatingsite" parentDisplayName="Participating Site" solution="Active" />
        <Dependent type="60" displayName="Information" parentDisplayName="Participating Site" id="{bd7efcf2-b6b8-4841-acf4-3bd18429e508}" />
      </MissingDependency>
      <MissingDependency>
        <Required type="10" schemaName="cvt_mcs_facility_cvt_participatingsite_facility" displayName="cvt_mcs_facility_cvt_participatingsite_facility" parentSchemaName="cvt_participatingsite" parentDisplayName="Participating Site" solution="Active" />
        <Dependent type="60" displayName="Information" parentDisplayName="Participating Site" id="{bd7efcf2-b6b8-4841-acf4-3bd18429e508}" />
      </MissingDependency>
      <MissingDependency>
        <Required type="10" schemaName="cvt_mcs_site_cvt_participatingsite_site" displayName="cvt_mcs_site_cvt_participatingsite_site" parentSchemaName="cvt_participatingsite" parentDisplayName="Participating Site" solution="Active" />
        <Dependent type="60" displayName="Information" parentDisplayName="Participating Site" id="{bd7efcf2-b6b8-4841-acf4-3bd18429e508}" />
      </MissingDependency>
      <MissingDependency>
        <Required type="10" schemaName="cvt_service_cvt_participatingsite_relatedservice" displayName="cvt_service_cvt_participatingsite_relatedservice" parentSchemaName="cvt_participatingsite" parentDisplayName="Participating Site" solution="Active" />
        <Dependent type="60" displayName="Information" parentDisplayName="Participating Site" id="{bd7efcf2-b6b8-4841-acf4-3bd18429e508}" />
      </MissingDependency>
      <MissingDependency>
        <Required type="10" schemaName="cvt_mcs_facility_cvt_ppefeedback_facility" displayName="cvt_mcs_facility_cvt_ppefeedback_facility" parentSchemaName="cvt_ppefeedback" parentDisplayName="PPE Feedback" solution="Active" />
        <Dependent type="60" displayName="Information" parentDisplayName="Facility" id="{20edc60f-8689-4bba-8928-e84ce05d0cff}" />
      </MissingDependency>
      <MissingDependency>
        <Required type="10" schemaName="cvt_mcs_facility_cvt_ppereview_facility" displayName="cvt_mcs_facility_cvt_ppereview_facility" parentSchemaName="cvt_ppereview" parentDisplayName="PPE Review" solution="Active" />
        <Dependent type="60" displayName="Information" parentDisplayName="Facility" id="{20edc60f-8689-4bba-8928-e84ce05d0cff}" />
      </MissingDependency>
      <MissingDependency>
        <Required type="10" schemaName="cvt_cvt_participatingsite_cvt_schedulingresource_participatingsite" displayName="cvt_cvt_participatingsite_cvt_schedulingresource_participatingsite" parentSchemaName="cvt_schedulingresource" parentDisplayName="Scheduling Resource" solution="Active" />
        <Dependent type="60" displayName="Information" parentDisplayName="Participating Site" id="{bd7efcf2-b6b8-4841-acf4-3bd18429e508}" />
      </MissingDependency>
      <MissingDependency>
        <Required type="10" schemaName="cvt_mcs_facility_cvt_tssprivileging" displayName="cvt_mcs_facility_cvt_tssprivileging" parentSchemaName="cvt_tssprivileging" parentDisplayName="Telehealth Privileging" solution="Active" />
        <Dependent type="60" displayName="Information" parentDisplayName="Facility" id="{20edc60f-8689-4bba-8928-e84ce05d0cff}" />
      </MissingDependency>
      <MissingDependency>
        <Required type="10" schemaName="cvt_serviceappointment_cvt_vistaintegrationresult_ServiceActivity" displayName="cvt_serviceappointment_cvt_vistaintegrationresult_ServiceActivity" parentSchemaName="cvt_vistaintegrationresult" parentDisplayName="Vista Integration Result" solution="Active" />
        <Dependent type="60" displayName="Information" parentDisplayName="Appointment" id="{75ec0e60-421b-4e71-8f5d-d8de7e0aa04e}" />
      </MissingDependency>
      <MissingDependency>
        <Required type="10" schemaName="cvt_systemuser_mcs_facility_ClinicalApplicationCoordinator" displayName="cvt_systemuser_mcs_facility_ClinicalApplicationCoordinator" parentSchemaName="mcs_facility" parentDisplayName="Facility" solution="Active" />
        <Dependent type="60" displayName="Information" parentDisplayName="Facility" id="{20edc60f-8689-4bba-8928-e84ce05d0cff}" />
      </MissingDependency>
      <MissingDependency>
        <Required type="10" schemaName="cvt_systemuser_mcs_facility_PatientSafetyOfficer" displayName="cvt_systemuser_mcs_facility_PatientSafetyOfficer" parentSchemaName="mcs_facility" parentDisplayName="Facility" solution="Active" />
        <Dependent type="60" displayName="Information" parentDisplayName="Facility" id="{20edc60f-8689-4bba-8928-e84ce05d0cff}" />
      </MissingDependency>
      <MissingDependency>
        <Required type="10" schemaName="mcs_businessunit_mcs_facility" displayName="mcs_businessunit_mcs_facility" parentSchemaName="mcs_facility" parentDisplayName="Facility" solution="Active" />
        <Dependent type="60" displayName="Information" parentDisplayName="Facility" id="{20edc60f-8689-4bba-8928-e84ce05d0cff}" />
      </MissingDependency>
      <MissingDependency>
        <Required type="10" schemaName="mcs_businessunit_mcs_facility_VISN" displayName="mcs_businessunit_mcs_facility_VISN" parentSchemaName="mcs_facility" parentDisplayName="Facility" solution="Active" />
        <Dependent type="60" displayName="Information" parentDisplayName="Facility" id="{20edc60f-8689-4bba-8928-e84ce05d0cff}" />
      </MissingDependency>
      <MissingDependency>
        <Required type="10" schemaName="mcs_serviceappointment_mcs_integrationresult_serviceappointmentid" displayName="mcs_serviceappointment_mcs_integrationresult_serviceappointmentid" parentSchemaName="mcs_integrationresult" parentDisplayName="Integration Result" solution="Active" />
        <Dependent type="60" displayName="Information" parentDisplayName="Appointment" id="{75ec0e60-421b-4e71-8f5d-d8de7e0aa04e}" />
      </MissingDependency>
      <MissingDependency>
        <Required type="10" schemaName="mcs_mcs_facility_mcs_resource_Facility" displayName="mcs_mcs_facility_mcs_resource_Facility" parentSchemaName="mcs_resource" parentDisplayName="TMP Resource" solution="Active" />
        <Dependent type="60" displayName="Information" parentDisplayName="Facility" id="{20edc60f-8689-4bba-8928-e84ce05d0cff}" />
      </MissingDependency>
      <MissingDependency>
        <Required type="10" schemaName="cvt_mcs_facility_mcs_services_PatientFacility" displayName="cvt_mcs_facility_mcs_services_PatientFacility" parentSchemaName="mcs_services" parentDisplayName="Archived Agreement" solution="Active" />
        <Dependent type="60" displayName="Information" parentDisplayName="Facility" id="{20edc60f-8689-4bba-8928-e84ce05d0cff}" />
      </MissingDependency>
      <MissingDependency>
        <Required type="10" schemaName="cvt_mcs_facility_mcs_services_ProviderFacility" displayName="cvt_mcs_facility_mcs_services_ProviderFacility" parentSchemaName="mcs_services" parentDisplayName="Archived Agreement" solution="Active" />
        <Dependent type="60" displayName="Information" parentDisplayName="Facility" id="{20edc60f-8689-4bba-8928-e84ce05d0cff}" />
      </MissingDependency>
      <MissingDependency>
        <Required type="10" schemaName="cvt_mcs_site_mcs_services_relatedpatientsite" displayName="cvt_mcs_site_mcs_services_relatedpatientsite" parentSchemaName="mcs_services" parentDisplayName="Archived Agreement" solution="Active" />
        <Dependent type="60" displayName="Information" parentDisplayName="Appointment" id="{75ec0e60-421b-4e71-8f5d-d8de7e0aa04e}" />
      </MissingDependency>
      <MissingDependency>
        <Required type="10" schemaName="cvt_mcs_site_mcs_services_relatedprovidersiteid" displayName="cvt_mcs_site_mcs_services_relatedprovidersiteid" parentSchemaName="mcs_services" parentDisplayName="Archived Agreement" solution="Active" />
        <Dependent type="60" displayName="Information" parentDisplayName="Appointment" id="{75ec0e60-421b-4e71-8f5d-d8de7e0aa04e}" />
      </MissingDependency>
      <MissingDependency>
        <Required type="10" schemaName="cvt_mcs_servicetype_mcs_servicesubtype" displayName="cvt_mcs_servicetype_mcs_servicesubtype" parentSchemaName="mcs_servicesubtype" parentDisplayName="Specialty Sub-Type" solution="Active" />
        <Dependent type="60" displayName="Information" parentDisplayName="Appointment" id="{75ec0e60-421b-4e71-8f5d-d8de7e0aa04e}" />
      </MissingDependency>
      <MissingDependency>
        <Required type="10" schemaName="mcs_mcs_facility_mcs_site" displayName="mcs_mcs_facility_mcs_site" parentSchemaName="mcs_site" parentDisplayName="TMP Site" solution="Active" />
        <Dependent type="60" displayName="Information" parentDisplayName="Facility" id="{20edc60f-8689-4bba-8928-e84ce05d0cff}" />
      </MissingDependency>
      <MissingDependency>
        <Required type="10" schemaName="cvt_mcs_resource_serviceappointment" displayName="cvt_mcs_resource_serviceappointment" parentSchemaName="serviceappointment" parentDisplayName="Appointment" solution="Active" />
        <Dependent type="60" displayName="Information" parentDisplayName="Appointment" id="{75ec0e60-421b-4e71-8f5d-d8de7e0aa04e}" />
      </MissingDependency>
      <MissingDependency>
        <Required type="10" schemaName="cvt_recurringappointmentmaster_serviceappointment_recurringappointmentsmaster" displayName="cvt_recurringappointmentmaster_serviceappointment_recurringappointmentsmaster" parentSchemaName="serviceappointment" parentDisplayName="Appointment" solution="Active" />
        <Dependent type="60" displayName="Information" parentDisplayName="Appointment" id="{75ec0e60-421b-4e71-8f5d-d8de7e0aa04e}" />
      </MissingDependency>
      <MissingDependency>
        <Required type="10" schemaName="cvt_resourcepackage_serviceappointment" displayName="cvt_resourcepackage_serviceappointment" parentSchemaName="serviceappointment" parentDisplayName="Appointment" solution="Active" />
        <Dependent type="60" displayName="Information" parentDisplayName="Appointment" id="{75ec0e60-421b-4e71-8f5d-d8de7e0aa04e}" />
      </MissingDependency>
      <MissingDependency>
        <Required type="10" schemaName="cvt_systemuser_serviceappointment_relatedproviderid" displayName="cvt_systemuser_serviceappointment_relatedproviderid" parentSchemaName="serviceappointment" parentDisplayName="Appointment" solution="Active" />
        <Dependent type="60" displayName="Information" parentDisplayName="Appointment" id="{75ec0e60-421b-4e71-8f5d-d8de7e0aa04e}" />
      </MissingDependency>
      <MissingDependency>
        <Required type="10" schemaName="mcs_appointment_serviceappointment_appointmentid" displayName="mcs_appointment_serviceappointment_appointmentid" parentSchemaName="serviceappointment" parentDisplayName="Appointment" solution="Active" />
        <Dependent type="60" displayName="Information" parentDisplayName="Appointment" id="{75ec0e60-421b-4e71-8f5d-d8de7e0aa04e}" />
      </MissingDependency>
      <MissingDependency>
        <Required type="10" schemaName="mcs_mcs_services_serviceappointment_relatedtsa" displayName="mcs_mcs_services_serviceappointment_relatedtsa" parentSchemaName="serviceappointment" parentDisplayName="Appointment" solution="Active" />
        <Dependent type="60" displayName="Information" parentDisplayName="Appointment" id="{75ec0e60-421b-4e71-8f5d-d8de7e0aa04e}" />
      </MissingDependency>
      <MissingDependency>
        <Required type="10" schemaName="mcs_mcs_servicesubtype_serviceappointment_servicesubtype" displayName="mcs_mcs_servicesubtype_serviceappointment_servicesubtype" parentSchemaName="serviceappointment" parentDisplayName="Appointment" solution="Active" />
        <Dependent type="60" displayName="Information" parentDisplayName="Appointment" id="{75ec0e60-421b-4e71-8f5d-d8de7e0aa04e}" />
      </MissingDependency>
      <MissingDependency>
        <Required type="10" schemaName="mcs_mcs_servicetype_serviceappointment_servicetype" displayName="mcs_mcs_servicetype_serviceappointment_servicetype" parentSchemaName="serviceappointment" parentDisplayName="Appointment" solution="Active" />
        <Dependent type="60" displayName="Information" parentDisplayName="Appointment" id="{75ec0e60-421b-4e71-8f5d-d8de7e0aa04e}" />
      </MissingDependency>
      <MissingDependency>
        <Required type="10" schemaName="mcs_mcs_site_serviceappointment_relatedprovidersite" displayName="mcs_mcs_site_serviceappointment_relatedprovidersite" parentSchemaName="serviceappointment" parentDisplayName="Appointment" solution="Active" />
        <Dependent type="60" displayName="Information" parentDisplayName="Appointment" id="{75ec0e60-421b-4e71-8f5d-d8de7e0aa04e}" />
      </MissingDependency>
      <MissingDependency>
        <Required type="10" schemaName="mcs_mcs_site_serviceappointment_relatedsite" displayName="mcs_mcs_site_serviceappointment_relatedsite" parentSchemaName="serviceappointment" parentDisplayName="Appointment" solution="Active" />
        <Dependent type="60" displayName="Information" parentDisplayName="Appointment" id="{75ec0e60-421b-4e71-8f5d-d8de7e0aa04e}" />
      </MissingDependency>
      <MissingDependency>
        <Required type="10" schemaName="cvt_mcs_facility_systemuser_facility" displayName="cvt_mcs_facility_systemuser_facility" parentSchemaName="systemuser" parentDisplayName="Resource: User" solution="Active" />
        <Dependent type="60" displayName="Information" parentDisplayName="Facility" id="{20edc60f-8689-4bba-8928-e84ce05d0cff}" />
      </MissingDependency>
      <MissingDependency>
        <Required type="10" schemaName="cvt_mcs_facility_team_Facility" displayName="cvt_mcs_facility_team_Facility" parentSchemaName="team" parentDisplayName="Team" solution="Active" />
        <Dependent type="60" displayName="Information" parentDisplayName="Facility" id="{20edc60f-8689-4bba-8928-e84ce05d0cff}" />
      </MissingDependency>
      <MissingDependency>
        <Required type="2" schemaName="createdby" displayName="Created By" parentSchemaName="cvt_participatingsite" parentDisplayName="Participating Site" solution="Active" />
        <Dependent type="60" displayName="Information" parentDisplayName="Participating Site" id="{bd7efcf2-b6b8-4841-acf4-3bd18429e508}" />
      </MissingDependency>
      <MissingDependency>
        <Required type="2" schemaName="createdon" displayName="Created On" parentSchemaName="cvt_participatingsite" parentDisplayName="Participating Site" solution="Active" />
        <Dependent type="60" displayName="Information" parentDisplayName="Participating Site" id="{bd7efcf2-b6b8-4841-acf4-3bd18429e508}" />
      </MissingDependency>
      <MissingDependency>
        <Required type="2" schemaName="cvt_facility" displayName="Facility" parentSchemaName="cvt_participatingsite" parentDisplayName="Participating Site" solution="Active" />
        <Dependent type="60" displayName="Information" parentDisplayName="Participating Site" id="{bd7efcf2-b6b8-4841-acf4-3bd18429e508}" />
      </MissingDependency>
      <MissingDependency>
        <Required type="2" schemaName="cvt_locationtype" displayName="Location Type" parentSchemaName="cvt_participatingsite" parentDisplayName="Participating Site" solution="Active" />
        <Dependent type="60" displayName="Information" parentDisplayName="Participating Site" id="{bd7efcf2-b6b8-4841-acf4-3bd18429e508}" />
      </MissingDependency>
      <MissingDependency>
        <Required type="2" schemaName="cvt_name" displayName="Name" parentSchemaName="cvt_participatingsite" parentDisplayName="Participating Site" solution="Active" />
        <Dependent type="60" displayName="Information" parentDisplayName="Participating Site" id="{bd7efcf2-b6b8-4841-acf4-3bd18429e508}" />
      </MissingDependency>
      <MissingDependency>
        <Required type="2" schemaName="cvt_oppositevalidsites" displayName="Opposite Valid Sites" parentSchemaName="cvt_participatingsite" parentDisplayName="Participating Site" solution="Active" />
        <Dependent type="60" displayName="Information" parentDisplayName="Participating Site" id="{bd7efcf2-b6b8-4841-acf4-3bd18429e508}" />
      </MissingDependency>
      <MissingDependency>
        <Required type="2" schemaName="cvt_patientsitevistaclinics" displayName="Patient Site Vista Clinics" parentSchemaName="cvt_participatingsite" parentDisplayName="Participating Site" solution="Active" />
        <Dependent type="60" displayName="Information" parentDisplayName="Participating Site" id="{bd7efcf2-b6b8-4841-acf4-3bd18429e508}" />
      </MissingDependency>
      <MissingDependency>
        <Required type="2" schemaName="cvt_providers" displayName="Providers" parentSchemaName="cvt_participatingsite" parentDisplayName="Participating Site" solution="Active" />
        <Dependent type="60" displayName="Information" parentDisplayName="Participating Site" id="{bd7efcf2-b6b8-4841-acf4-3bd18429e508}" />
      </MissingDependency>
      <MissingDependency>
        <Required type="2" schemaName="cvt_providersitevistaclinics" displayName="Provider Site Vista Clinics" parentSchemaName="cvt_participatingsite" parentDisplayName="Participating Site" solution="Active" />
        <Dependent type="60" displayName="Information" parentDisplayName="Participating Site" id="{bd7efcf2-b6b8-4841-acf4-3bd18429e508}" />
      </MissingDependency>
      <MissingDependency>
        <Required type="2" schemaName="cvt_relatedservice" displayName="Related Service" parentSchemaName="cvt_participatingsite" parentDisplayName="Participating Site" solution="Active" />
        <Dependent type="60" displayName="Information" parentDisplayName="Participating Site" id="{bd7efcf2-b6b8-4841-acf4-3bd18429e508}" />
      </MissingDependency>
      <MissingDependency>
        <Required type="2" schemaName="cvt_resourcepackage" displayName="Scheduling Package" parentSchemaName="cvt_participatingsite" parentDisplayName="Participating Site" solution="Active" />
        <Dependent type="60" displayName="Information" parentDisplayName="Participating Site" id="{bd7efcf2-b6b8-4841-acf4-3bd18429e508}" />
      </MissingDependency>
      <MissingDependency>
        <Required type="2" schemaName="cvt_scheduleable" displayName="Can Be Scheduled" parentSchemaName="cvt_participatingsite" parentDisplayName="Participating Site" solution="Active" />
        <Dependent type="60" displayName="Information" parentDisplayName="Participating Site" id="{bd7efcf2-b6b8-4841-acf4-3bd18429e508}" />
      </MissingDependency>
      <MissingDependency>
        <Required type="2" schemaName="cvt_servicedetails" displayName="Service Details" parentSchemaName="cvt_participatingsite" parentDisplayName="Participating Site" solution="Active" />
        <Dependent type="60" displayName="Information" parentDisplayName="Participating Site" id="{bd7efcf2-b6b8-4841-acf4-3bd18429e508}" />
      </MissingDependency>
      <MissingDependency>
        <Required type="2" schemaName="cvt_site" displayName="TMP Site" parentSchemaName="cvt_participatingsite" parentDisplayName="Participating Site" solution="Active" />
        <Dependent type="60" displayName="Information" parentDisplayName="Participating Site" id="{bd7efcf2-b6b8-4841-acf4-3bd18429e508}" />
      </MissingDependency>
      <MissingDependency>
        <Required type="2" schemaName="modifiedby" displayName="Modified By" parentSchemaName="cvt_participatingsite" parentDisplayName="Participating Site" solution="Active" />
        <Dependent type="60" displayName="Information" parentDisplayName="Participating Site" id="{bd7efcf2-b6b8-4841-acf4-3bd18429e508}" />
      </MissingDependency>
      <MissingDependency>
        <Required type="2" schemaName="modifiedon" displayName="Modified On" parentSchemaName="cvt_participatingsite" parentDisplayName="Participating Site" solution="Active" />
        <Dependent type="60" displayName="Information" parentDisplayName="Participating Site" id="{bd7efcf2-b6b8-4841-acf4-3bd18429e508}" />
      </MissingDependency>
      <MissingDependency>
        <Required type="2" schemaName="ownerid" displayName="Owner" parentSchemaName="cvt_participatingsite" parentDisplayName="Participating Site" solution="Active" />
        <Dependent type="60" displayName="Information" parentDisplayName="Participating Site" id="{bd7efcf2-b6b8-4841-acf4-3bd18429e508}" />
      </MissingDependency>
      <MissingDependency>
        <Required type="2" schemaName="createdby" displayName="Created By" parentSchemaName="mcs_facility" parentDisplayName="Facility" solution="Active" />
        <Dependent type="60" displayName="Information" parentDisplayName="Facility" id="{20edc60f-8689-4bba-8928-e84ce05d0cff}" />
      </MissingDependency>
      <MissingDependency>
        <Required type="2" schemaName="createdon" displayName="Created On" parentSchemaName="mcs_facility" parentDisplayName="Facility" solution="Active" />
        <Dependent type="60" displayName="Information" parentDisplayName="Facility" id="{20edc60f-8689-4bba-8928-e84ce05d0cff}" />
      </MissingDependency>
      <MissingDependency>
        <Required type="2" schemaName="cvt_address1" displayName="Address 1" parentSchemaName="mcs_facility" parentDisplayName="Facility" solution="Active" />
        <Dependent type="60" displayName="Information" parentDisplayName="Facility" id="{20edc60f-8689-4bba-8928-e84ce05d0cff}" />
      </MissingDependency>
      <MissingDependency>
        <Required type="2" schemaName="cvt_address2" displayName="Address 2" parentSchemaName="mcs_facility" parentDisplayName="Facility" solution="Active" />
        <Dependent type="60" displayName="Information" parentDisplayName="Facility" id="{20edc60f-8689-4bba-8928-e84ce05d0cff}" />
      </MissingDependency>
      <MissingDependency>
        <Required type="2" schemaName="cvt_address3" displayName="Address 3" parentSchemaName="mcs_facility" parentDisplayName="Facility" solution="Active" />
        <Dependent type="60" displayName="Information" parentDisplayName="Facility" id="{20edc60f-8689-4bba-8928-e84ce05d0cff}" />
      </MissingDependency>
      <MissingDependency>
        <Required type="2" schemaName="cvt_city" displayName="City" parentSchemaName="mcs_facility" parentDisplayName="Facility" solution="Active" />
        <Dependent type="60" displayName="Information" parentDisplayName="Facility" id="{20edc60f-8689-4bba-8928-e84ce05d0cff}" />
      </MissingDependency>
      <MissingDependency>
        <Required type="2" schemaName="cvt_clinicalapplicationcoordinator" displayName="Clinical Application Coordinator" parentSchemaName="mcs_facility" parentDisplayName="Facility" solution="Active" />
        <Dependent type="60" displayName="Information" parentDisplayName="Facility" id="{20edc60f-8689-4bba-8928-e84ce05d0cff}" />
      </MissingDependency>
      <MissingDependency>
        <Required type="2" schemaName="cvt_patientsafetyofficer" displayName="Patient Safety Officer" parentSchemaName="mcs_facility" parentDisplayName="Facility" solution="Active" />
        <Dependent type="60" displayName="Information" parentDisplayName="Facility" id="{20edc60f-8689-4bba-8928-e84ce05d0cff}" />
      </MissingDependency>
      <MissingDependency>
        <Required type="2" schemaName="cvt_phone" displayName="Phone" parentSchemaName="mcs_facility" parentDisplayName="Facility" solution="Active" />
        <Dependent type="60" displayName="Information" parentDisplayName="Facility" id="{20edc60f-8689-4bba-8928-e84ce05d0cff}" />
      </MissingDependency>
      <MissingDependency>
        <Required type="2" schemaName="cvt_state" displayName="State" parentSchemaName="mcs_facility" parentDisplayName="Facility" solution="Active" />
        <Dependent type="60" displayName="Information" parentDisplayName="Facility" id="{20edc60f-8689-4bba-8928-e84ce05d0cff}" />
      </MissingDependency>
      <MissingDependency>
        <Required type="2" schemaName="cvt_zip4" displayName="Zip 4" parentSchemaName="mcs_facility" parentDisplayName="Facility" solution="Active" />
        <Dependent type="60" displayName="Information" parentDisplayName="Facility" id="{20edc60f-8689-4bba-8928-e84ce05d0cff}" />
      </MissingDependency>
      <MissingDependency>
        <Required type="2" schemaName="cvt_zipcode" displayName="Zip Code" parentSchemaName="mcs_facility" parentDisplayName="Facility" solution="Active" />
        <Dependent type="60" displayName="Information" parentDisplayName="Facility" id="{20edc60f-8689-4bba-8928-e84ce05d0cff}" />
      </MissingDependency>
      <MissingDependency>
        <Required type="2" schemaName="mcs_businessunitid" displayName="Business Unit" parentSchemaName="mcs_facility" parentDisplayName="Facility" solution="Active" />
        <Dependent type="60" displayName="Information" parentDisplayName="Facility" id="{20edc60f-8689-4bba-8928-e84ce05d0cff}" />
      </MissingDependency>
      <MissingDependency>
        <Required type="2" schemaName="mcs_name" displayName="Name" parentSchemaName="mcs_facility" parentDisplayName="Facility" solution="Active" />
        <Dependent type="60" displayName="Information" parentDisplayName="Facility" id="{20edc60f-8689-4bba-8928-e84ce05d0cff}" />
      </MissingDependency>
      <MissingDependency>
        <Required type="2" schemaName="mcs_stationnumber" displayName="Station Number" parentSchemaName="mcs_facility" parentDisplayName="Facility" solution="Active" />
        <Dependent type="60" displayName="Information" parentDisplayName="Facility" id="{20edc60f-8689-4bba-8928-e84ce05d0cff}" />
      </MissingDependency>
      <MissingDependency>
        <Required type="2" schemaName="mcs_timezone" displayName="Time Zone" parentSchemaName="mcs_facility" parentDisplayName="Facility" solution="Active" />
        <Dependent type="60" displayName="Information" parentDisplayName="Facility" id="{20edc60f-8689-4bba-8928-e84ce05d0cff}" />
      </MissingDependency>
      <MissingDependency>
        <Required type="2" schemaName="mcs_visn" displayName="VISN" parentSchemaName="mcs_facility" parentDisplayName="Facility" solution="Active" />
        <Dependent type="60" displayName="Information" parentDisplayName="Facility" id="{20edc60f-8689-4bba-8928-e84ce05d0cff}" />
      </MissingDependency>
      <MissingDependency>
        <Required type="2" schemaName="modifiedby" displayName="Modified By" parentSchemaName="mcs_facility" parentDisplayName="Facility" solution="Active" />
        <Dependent type="60" displayName="Information" parentDisplayName="Facility" id="{20edc60f-8689-4bba-8928-e84ce05d0cff}" />
      </MissingDependency>
      <MissingDependency>
        <Required type="2" schemaName="modifiedon" displayName="Modified On" parentSchemaName="mcs_facility" parentDisplayName="Facility" solution="Active" />
        <Dependent type="60" displayName="Information" parentDisplayName="Facility" id="{20edc60f-8689-4bba-8928-e84ce05d0cff}" />
      </MissingDependency>
      <MissingDependency>
        <Required type="2" schemaName="ownerid" displayName="Owner" parentSchemaName="mcs_facility" parentDisplayName="Facility" solution="Active" />
        <Dependent type="60" displayName="Information" parentDisplayName="Facility" id="{20edc60f-8689-4bba-8928-e84ce05d0cff}" />
      </MissingDependency>
      <MissingDependency>
        <Required type="2" schemaName="statecode" displayName="Status" parentSchemaName="mcs_facility" parentDisplayName="Facility" solution="Active" />
        <Dependent type="60" displayName="Information" parentDisplayName="Facility" id="{20edc60f-8689-4bba-8928-e84ce05d0cff}" />
      </MissingDependency>
      <MissingDependency>
        <Required type="2" schemaName="category" displayName="Category" parentSchemaName="serviceappointment" parentDisplayName="Appointment" solution="msdynce_Service (9.0.5.56)" />
        <Dependent type="60" displayName="Information" parentDisplayName="Appointment" id="{75ec0e60-421b-4e71-8f5d-d8de7e0aa04e}" />
      </MissingDependency>
      <MissingDependency>
        <Required type="2" schemaName="createdon" displayName="Created On" parentSchemaName="serviceappointment" parentDisplayName="Appointment" solution="msdynce_Service (9.0.5.56)" />
        <Dependent type="60" displayName="Information" parentDisplayName="Appointment" id="{75ec0e60-421b-4e71-8f5d-d8de7e0aa04e}" />
      </MissingDependency>
      <MissingDependency>
        <Required type="2" schemaName="customers" displayName="Patients" parentSchemaName="serviceappointment" parentDisplayName="Appointment" solution="msdynce_Service (9.0.5.56)" />
        <Dependent type="60" displayName="Information" parentDisplayName="Appointment" id="{75ec0e60-421b-4e71-8f5d-d8de7e0aa04e}" />
      </MissingDependency>
      <MissingDependency>
        <Required type="2" schemaName="cvt_addresources" displayName="EnableResourceButtons" parentSchemaName="serviceappointment" parentDisplayName="Appointment" solution="Active" />
        <Dependent type="60" displayName="Information" parentDisplayName="Appointment" id="{75ec0e60-421b-4e71-8f5d-d8de7e0aa04e}" />
      </MissingDependency>
      <MissingDependency>
        <Required type="2" schemaName="cvt_businessphone" displayName="Business Phone" parentSchemaName="serviceappointment" parentDisplayName="Appointment" solution="Active" />
        <Dependent type="60" displayName="Information" parentDisplayName="Appointment" id="{75ec0e60-421b-4e71-8f5d-d8de7e0aa04e}" />
      </MissingDependency>
      <MissingDependency>
        <Required type="2" schemaName="cvt_cancelremarks" displayName="CancelRemarks" parentSchemaName="serviceappointment" parentDisplayName="Appointment" solution="Active" />
        <Dependent type="60" displayName="Information" parentDisplayName="Appointment" id="{75ec0e60-421b-4e71-8f5d-d8de7e0aa04e}" />
      </MissingDependency>
      <MissingDependency>
        <Required type="2" schemaName="cvt_clinicallyindicateddate" displayName="Clinically Indicated Date" parentSchemaName="serviceappointment" parentDisplayName="Appointment" solution="Active" />
        <Dependent type="60" displayName="Information" parentDisplayName="Appointment" id="{75ec0e60-421b-4e71-8f5d-d8de7e0aa04e}" />
      </MissingDependency>
      <MissingDependency>
        <Required type="2" schemaName="cvt_comments" displayName="Scheduling Comments" parentSchemaName="serviceappointment" parentDisplayName="Appointment" solution="Active" />
        <Dependent type="60" displayName="Information" parentDisplayName="Appointment" id="{75ec0e60-421b-4e71-8f5d-d8de7e0aa04e}" />
      </MissingDependency>
      <MissingDependency>
        <Required type="2" schemaName="cvt_donotallowemails" displayName="Do Not Allow Emails" parentSchemaName="serviceappointment" parentDisplayName="Appointment" solution="Active" />
        <Dependent type="60" displayName="Information" parentDisplayName="Appointment" id="{75ec0e60-421b-4e71-8f5d-d8de7e0aa04e}" />
      </MissingDependency>
      <MissingDependency>
        <Required type="2" schemaName="cvt_email" displayName="Email" parentSchemaName="serviceappointment" parentDisplayName="Appointment" solution="Active" />
        <Dependent type="60" displayName="Information" parentDisplayName="Appointment" id="{75ec0e60-421b-4e71-8f5d-d8de7e0aa04e}" />
      </MissingDependency>
      <MissingDependency>
        <Required type="2" schemaName="cvt_homephone" displayName="Home Phone" parentSchemaName="serviceappointment" parentDisplayName="Appointment" solution="Active" />
        <Dependent type="60" displayName="Information" parentDisplayName="Appointment" id="{75ec0e60-421b-4e71-8f5d-d8de7e0aa04e}" />
      </MissingDependency>
      <MissingDependency>
        <Required type="2" schemaName="cvt_mobilephone" displayName="Mobile Phone" parentSchemaName="serviceappointment" parentDisplayName="Appointment" solution="Active" />
        <Dependent type="60" displayName="Information" parentDisplayName="Appointment" id="{75ec0e60-421b-4e71-8f5d-d8de7e0aa04e}" />
      </MissingDependency>
      <MissingDependency>
        <Required type="2" schemaName="cvt_patconsultien" displayName="Pat Consult Ien" parentSchemaName="serviceappointment" parentDisplayName="Appointment" solution="Active" />
        <Dependent type="60" displayName="Information" parentDisplayName="Appointment" id="{75ec0e60-421b-4e71-8f5d-d8de7e0aa04e}" />
      </MissingDependency>
      <MissingDependency>
        <Required type="2" schemaName="cvt_patientrooms" displayName="Patient Rooms" parentSchemaName="serviceappointment" parentDisplayName="Appointment" solution="Active" />
        <Dependent type="60" displayName="Information" parentDisplayName="Appointment" id="{75ec0e60-421b-4e71-8f5d-d8de7e0aa04e}" />
      </MissingDependency>
      <MissingDependency>
        <Required type="2" schemaName="cvt_patientsiteresourcesrequired" displayName="Patient Site Resources Required" parentSchemaName="serviceappointment" parentDisplayName="Appointment" solution="Active" />
        <Dependent type="60" displayName="Information" parentDisplayName="Appointment" id="{75ec0e60-421b-4e71-8f5d-d8de7e0aa04e}" />
      </MissingDependency>
      <MissingDependency>
        <Required type="2" schemaName="cvt_patienttabletid" displayName="Patient Tablet" parentSchemaName="serviceappointment" parentDisplayName="Appointment" solution="Active" />
        <Dependent type="60" displayName="Information" parentDisplayName="Appointment" id="{75ec0e60-421b-4e71-8f5d-d8de7e0aa04e}" />
      </MissingDependency>
      <MissingDependency>
        <Required type="2" schemaName="cvt_patientverifiedemail" displayName="Patient Verified Email" parentSchemaName="serviceappointment" parentDisplayName="Appointment" solution="Active" />
        <Dependent type="60" displayName="Information" parentDisplayName="Appointment" id="{75ec0e60-421b-4e71-8f5d-d8de7e0aa04e}" />
      </MissingDependency>
      <MissingDependency>
        <Required type="2" schemaName="cvt_patientverifiedphone" displayName="Patient Verified Phone" parentSchemaName="serviceappointment" parentDisplayName="Appointment" solution="Active" />
        <Dependent type="60" displayName="Information" parentDisplayName="Appointment" id="{75ec0e60-421b-4e71-8f5d-d8de7e0aa04e}" />
      </MissingDependency>
      <MissingDependency>
        <Required type="2" schemaName="cvt_patrtcid" displayName="Patient RTC Id" parentSchemaName="serviceappointment" parentDisplayName="Appointment" solution="Active" />
        <Dependent type="60" displayName="Information" parentDisplayName="Appointment" id="{75ec0e60-421b-4e71-8f5d-d8de7e0aa04e}" />
      </MissingDependency>
      <MissingDependency>
        <Required type="2" schemaName="cvt_patuserduz" displayName="PatUserDuz" parentSchemaName="serviceappointment" parentDisplayName="Appointment" solution="Active" />
        <Dependent type="60" displayName="Information" parentDisplayName="Appointment" id="{75ec0e60-421b-4e71-8f5d-d8de7e0aa04e}" />
      </MissingDependency>
      <MissingDependency>
        <Required type="2" schemaName="cvt_proconsultien" displayName="Pro Consult Ien" parentSchemaName="serviceappointment" parentDisplayName="Appointment" solution="Active" />
        <Dependent type="60" displayName="Information" parentDisplayName="Appointment" id="{75ec0e60-421b-4e71-8f5d-d8de7e0aa04e}" />
      </MissingDependency>
      <MissingDependency>
        <Required type="2" schemaName="cvt_prortcid" displayName="Provider RTC Id" parentSchemaName="serviceappointment" parentDisplayName="Appointment" solution="Active" />
        <Dependent type="60" displayName="Information" parentDisplayName="Appointment" id="{75ec0e60-421b-4e71-8f5d-d8de7e0aa04e}" />
      </MissingDependency>
      <MissingDependency>
        <Required type="2" schemaName="cvt_prouserduz" displayName="ProUserDuz" parentSchemaName="serviceappointment" parentDisplayName="Appointment" solution="Active" />
        <Dependent type="60" displayName="Information" parentDisplayName="Appointment" id="{75ec0e60-421b-4e71-8f5d-d8de7e0aa04e}" />
      </MissingDependency>
      <MissingDependency>
        <Required type="2" schemaName="cvt_providerstationcode" displayName="Provider Station Code" parentSchemaName="serviceappointment" parentDisplayName="Appointment" solution="Active" />
        <Dependent type="60" displayName="Information" parentDisplayName="Appointment" id="{75ec0e60-421b-4e71-8f5d-d8de7e0aa04e}" />
      </MissingDependency>
      <MissingDependency>
        <Required type="2" schemaName="cvt_recurrence" displayName="Recurrence" parentSchemaName="serviceappointment" parentDisplayName="Appointment" solution="Active" />
        <Dependent type="60" displayName="Information" parentDisplayName="Appointment" id="{75ec0e60-421b-4e71-8f5d-d8de7e0aa04e}" />
      </MissingDependency>
      <MissingDependency>
        <Required type="2" schemaName="cvt_recurringappointmentsmaster" displayName="Recurring Appointments Master" parentSchemaName="serviceappointment" parentDisplayName="Appointment" solution="Active" />
        <Dependent type="60" displayName="Information" parentDisplayName="Appointment" id="{75ec0e60-421b-4e71-8f5d-d8de7e0aa04e}" />
      </MissingDependency>
      <MissingDependency>
        <Required type="2" schemaName="cvt_relatedproviderid" displayName="Provider" parentSchemaName="serviceappointment" parentDisplayName="Appointment" solution="Active" />
        <Dependent type="60" displayName="Information" parentDisplayName="Appointment" id="{75ec0e60-421b-4e71-8f5d-d8de7e0aa04e}" />
      </MissingDependency>
      <MissingDependency>
        <Required type="2" schemaName="cvt_relatedschedulingpackage" displayName="Scheduling Package" parentSchemaName="serviceappointment" parentDisplayName="Appointment" solution="Active" />
        <Dependent type="60" displayName="Information" parentDisplayName="Appointment" id="{75ec0e60-421b-4e71-8f5d-d8de7e0aa04e}" />
      </MissingDependency>
      <MissingDependency>
        <Required type="2" schemaName="cvt_rtcparentpatient" displayName="Patient RTC Parent" parentSchemaName="serviceappointment" parentDisplayName="Appointment" solution="Active" />
        <Dependent type="60" displayName="Information" parentDisplayName="Appointment" id="{75ec0e60-421b-4e71-8f5d-d8de7e0aa04e}" />
      </MissingDependency>
      <MissingDependency>
        <Required type="2" schemaName="cvt_rtcparentprovider" displayName="Provider RTC Parent" parentSchemaName="serviceappointment" parentDisplayName="Appointment" solution="Active" />
        <Dependent type="60" displayName="Information" parentDisplayName="Appointment" id="{75ec0e60-421b-4e71-8f5d-d8de7e0aa04e}" />
      </MissingDependency>
      <MissingDependency>
        <Required type="2" schemaName="cvt_rungetconsults" displayName="Run Get Consults" parentSchemaName="serviceappointment" parentDisplayName="Appointment" solution="Active" />
        <Dependent type="60" displayName="Information" parentDisplayName="Appointment" id="{75ec0e60-421b-4e71-8f5d-d8de7e0aa04e}" />
      </MissingDependency>
      <MissingDependency>
        <Required type="2" schemaName="cvt_samltoken" displayName="SAML Token" parentSchemaName="serviceappointment" parentDisplayName="Appointment" solution="Active" />
        <Dependent type="60" displayName="Information" parentDisplayName="Appointment" id="{75ec0e60-421b-4e71-8f5d-d8de7e0aa04e}" />
      </MissingDependency>
      <MissingDependency>
        <Required type="2" schemaName="cvt_scheduled" displayName="Scheduled" parentSchemaName="serviceappointment" parentDisplayName="Appointment" solution="Active" />
        <Dependent type="60" displayName="Information" parentDisplayName="Appointment" id="{75ec0e60-421b-4e71-8f5d-d8de7e0aa04e}" />
      </MissingDependency>
      <MissingDependency>
        <Required type="2" schemaName="cvt_statuscode" displayName="statuscode" parentSchemaName="serviceappointment" parentDisplayName="Appointment" solution="Active" />
        <Dependent type="60" displayName="Information" parentDisplayName="Appointment" id="{75ec0e60-421b-4e71-8f5d-d8de7e0aa04e}" />
      </MissingDependency>
      <MissingDependency>
        <Required type="2" schemaName="cvt_telehealthmodality" displayName="Telehealth Modality" parentSchemaName="serviceappointment" parentDisplayName="Appointment" solution="Active" />
        <Dependent type="60" displayName="Information" parentDisplayName="Appointment" id="{75ec0e60-421b-4e71-8f5d-d8de7e0aa04e}" />
      </MissingDependency>
      <MissingDependency>
        <Required type="2" schemaName="cvt_telephonecall" displayName="Telephone Call" parentSchemaName="serviceappointment" parentDisplayName="Appointment" solution="Active" />
        <Dependent type="60" displayName="Information" parentDisplayName="Appointment" id="{75ec0e60-421b-4e71-8f5d-d8de7e0aa04e}" />
      </MissingDependency>
      <MissingDependency>
        <Required type="2" schemaName="cvt_type" displayName="Type" parentSchemaName="serviceappointment" parentDisplayName="Appointment" solution="Active" />
        <Dependent type="60" displayName="Information" parentDisplayName="Appointment" id="{75ec0e60-421b-4e71-8f5d-d8de7e0aa04e}" />
      </MissingDependency>
      <MissingDependency>
        <Required type="2" schemaName="isalldayevent" displayName="All Day Event" parentSchemaName="serviceappointment" parentDisplayName="Appointment" solution="msdynce_Service (9.0.5.56)" />
        <Dependent type="60" displayName="Information" parentDisplayName="Appointment" id="{75ec0e60-421b-4e71-8f5d-d8de7e0aa04e}" />
      </MissingDependency>
      <MissingDependency>
        <Required type="2" schemaName="location" displayName="Delivery Location" parentSchemaName="serviceappointment" parentDisplayName="Appointment" solution="msdynce_Service (9.0.5.56)" />
        <Dependent type="60" displayName="Information" parentDisplayName="Appointment" id="{75ec0e60-421b-4e71-8f5d-d8de7e0aa04e}" />
      </MissingDependency>
      <MissingDependency>
        <Required type="2" schemaName="mcs_appointmentid" displayName="Appointment" parentSchemaName="serviceappointment" parentDisplayName="Appointment" solution="Active" />
        <Dependent type="60" displayName="Information" parentDisplayName="Appointment" id="{75ec0e60-421b-4e71-8f5d-d8de7e0aa04e}" />
      </MissingDependency>
      <MissingDependency>
        <Required type="2" schemaName="mcs_dialingalias" displayName="Dialing Alias" parentSchemaName="serviceappointment" parentDisplayName="Appointment" solution="Active" />
        <Dependent type="60" displayName="Information" parentDisplayName="Appointment" id="{75ec0e60-421b-4e71-8f5d-d8de7e0aa04e}" />
      </MissingDependency>
      <MissingDependency>
        <Required type="2" schemaName="mcs_groupappointment" displayName="Group Appointment:" parentSchemaName="serviceappointment" parentDisplayName="Appointment" solution="Active" />
        <Dependent type="60" displayName="Information" parentDisplayName="Appointment" id="{75ec0e60-421b-4e71-8f5d-d8de7e0aa04e}" />
      </MissingDependency>
      <MissingDependency>
        <Required type="2" schemaName="mcs_meetingroomname" displayName="Meeting Room Name" parentSchemaName="serviceappointment" parentDisplayName="Appointment" solution="Active" />
        <Dependent type="60" displayName="Information" parentDisplayName="Appointment" id="{75ec0e60-421b-4e71-8f5d-d8de7e0aa04e}" />
      </MissingDependency>
      <MissingDependency>
        <Required type="2" schemaName="mcs_miscdata" displayName="Misc Data" parentSchemaName="serviceappointment" parentDisplayName="Appointment" solution="Active" />
        <Dependent type="60" displayName="Information" parentDisplayName="Appointment" id="{75ec0e60-421b-4e71-8f5d-d8de7e0aa04e}" />
      </MissingDependency>
      <MissingDependency>
        <Required type="2" schemaName="mcs_patientpin" displayName="Patient Pin" parentSchemaName="serviceappointment" parentDisplayName="Appointment" solution="Active" />
        <Dependent type="60" displayName="Information" parentDisplayName="Appointment" id="{75ec0e60-421b-4e71-8f5d-d8de7e0aa04e}" />
      </MissingDependency>
      <MissingDependency>
        <Required type="2" schemaName="mcs_patienturl" displayName="Patient Url" parentSchemaName="serviceappointment" parentDisplayName="Appointment" solution="Active" />
        <Dependent type="60" displayName="Information" parentDisplayName="Appointment" id="{75ec0e60-421b-4e71-8f5d-d8de7e0aa04e}" />
      </MissingDependency>
      <MissingDependency>
        <Required type="2" schemaName="mcs_providerpin" displayName="Provider Pin" parentSchemaName="serviceappointment" parentDisplayName="Appointment" solution="Active" />
        <Dependent type="60" displayName="Information" parentDisplayName="Appointment" id="{75ec0e60-421b-4e71-8f5d-d8de7e0aa04e}" />
      </MissingDependency>
      <MissingDependency>
        <Required type="2" schemaName="mcs_providerurl" displayName="Provider Url" parentSchemaName="serviceappointment" parentDisplayName="Appointment" solution="Active" />
        <Dependent type="60" displayName="Information" parentDisplayName="Appointment" id="{75ec0e60-421b-4e71-8f5d-d8de7e0aa04e}" />
      </MissingDependency>
      <MissingDependency>
        <Required type="2" schemaName="mcs_relatedprovidersite" displayName="Related Provider Site" parentSchemaName="serviceappointment" parentDisplayName="Appointment" solution="Active" />
        <Dependent type="60" displayName="Information" parentDisplayName="Appointment" id="{75ec0e60-421b-4e71-8f5d-d8de7e0aa04e}" />
      </MissingDependency>
      <MissingDependency>
        <Required type="2" schemaName="mcs_relatedsite" displayName="Patient Site" parentSchemaName="serviceappointment" parentDisplayName="Appointment" solution="Active" />
        <Dependent type="60" displayName="Information" parentDisplayName="Appointment" id="{75ec0e60-421b-4e71-8f5d-d8de7e0aa04e}" />
      </MissingDependency>
      <MissingDependency>
        <Required type="2" schemaName="mcs_relatedtsa" displayName="TSA" parentSchemaName="serviceappointment" parentDisplayName="Appointment" solution="Active" />
        <Dependent type="60" displayName="Information" parentDisplayName="Appointment" id="{75ec0e60-421b-4e71-8f5d-d8de7e0aa04e}" />
      </MissingDependency>
      <MissingDependency>
        <Required type="2" schemaName="mcs_servicesubtype" displayName="Specialty Sub-Type" parentSchemaName="serviceappointment" parentDisplayName="Appointment" solution="Active" />
        <Dependent type="60" displayName="Information" parentDisplayName="Appointment" id="{75ec0e60-421b-4e71-8f5d-d8de7e0aa04e}" />
      </MissingDependency>
      <MissingDependency>
        <Required type="2" schemaName="mcs_servicetype" displayName="Specialty" parentSchemaName="serviceappointment" parentDisplayName="Appointment" solution="Active" />
        <Dependent type="60" displayName="Information" parentDisplayName="Appointment" id="{75ec0e60-421b-4e71-8f5d-d8de7e0aa04e}" />
      </MissingDependency>
      <MissingDependency>
        <Required type="2" schemaName="mcs_vistaprimarykey" displayName="Vista Primary Key" parentSchemaName="serviceappointment" parentDisplayName="Appointment" solution="Active" />
        <Dependent type="60" displayName="Information" parentDisplayName="Appointment" id="{75ec0e60-421b-4e71-8f5d-d8de7e0aa04e}" />
      </MissingDependency>
      <MissingDependency>
        <Required type="2" schemaName="ownerid" displayName="Owner" parentSchemaName="serviceappointment" parentDisplayName="Appointment" solution="msdynce_Service (9.0.5.56)" />
        <Dependent type="60" displayName="Information" parentDisplayName="Appointment" id="{75ec0e60-421b-4e71-8f5d-d8de7e0aa04e}" />
      </MissingDependency>
      <MissingDependency>
        <Required type="2" schemaName="prioritycode" displayName="Priority" parentSchemaName="serviceappointment" parentDisplayName="Appointment" solution="msdynce_Service (9.0.5.56)" />
        <Dependent type="60" displayName="Information" parentDisplayName="Appointment" id="{75ec0e60-421b-4e71-8f5d-d8de7e0aa04e}" />
      </MissingDependency>
      <MissingDependency>
        <Required type="2" schemaName="regardingobjectid" displayName="Regarding" parentSchemaName="serviceappointment" parentDisplayName="Appointment" solution="msdynce_LeadManagement (9.0.4.0066)" />
        <Dependent type="60" displayName="Information" parentDisplayName="Appointment" id="{75ec0e60-421b-4e71-8f5d-d8de7e0aa04e}" />
      </MissingDependency>
      <MissingDependency>
        <Required type="2" schemaName="resources" displayName="Resources" parentSchemaName="serviceappointment" parentDisplayName="Appointment" solution="msdynce_Service (9.0.5.56)" />
        <Dependent type="60" displayName="Information" parentDisplayName="Appointment" id="{75ec0e60-421b-4e71-8f5d-d8de7e0aa04e}" />
      </MissingDependency>
      <MissingDependency>
        <Required type="2" schemaName="scheduleddurationminutes" displayName="Scheduled Duration" parentSchemaName="serviceappointment" parentDisplayName="Appointment" solution="msdynce_Service (9.0.5.56)" />
        <Dependent type="60" displayName="Information" parentDisplayName="Appointment" id="{75ec0e60-421b-4e71-8f5d-d8de7e0aa04e}" />
      </MissingDependency>
      <MissingDependency>
        <Required type="2" schemaName="scheduledend" displayName="Scheduled End" parentSchemaName="serviceappointment" parentDisplayName="Appointment" solution="msdynce_Service (9.0.5.56)" />
        <Dependent type="60" displayName="Information" parentDisplayName="Appointment" id="{75ec0e60-421b-4e71-8f5d-d8de7e0aa04e}" />
      </MissingDependency>
      <MissingDependency>
        <Required type="2" schemaName="scheduledstart" displayName="Scheduled Start" parentSchemaName="serviceappointment" parentDisplayName="Appointment" solution="msdynce_Service (9.0.5.56)" />
        <Dependent type="60" displayName="Information" parentDisplayName="Appointment" id="{75ec0e60-421b-4e71-8f5d-d8de7e0aa04e}" />
      </MissingDependency>
      <MissingDependency>
        <Required type="2" schemaName="serviceid" displayName="Service" parentSchemaName="serviceappointment" parentDisplayName="Appointment" solution="msdynce_Service (9.0.5.56)" />
        <Dependent type="60" displayName="Information" parentDisplayName="Appointment" id="{75ec0e60-421b-4e71-8f5d-d8de7e0aa04e}" />
      </MissingDependency>
      <MissingDependency>
        <Required type="2" schemaName="siteid" displayName="Site" parentSchemaName="serviceappointment" parentDisplayName="Appointment" solution="msdynce_Service (9.0.5.56)" />
        <Dependent type="60" displayName="Information" parentDisplayName="Appointment" id="{75ec0e60-421b-4e71-8f5d-d8de7e0aa04e}" />
      </MissingDependency>
      <MissingDependency>
        <Required type="2" schemaName="statecode" displayName="Status" parentSchemaName="serviceappointment" parentDisplayName="Appointment" solution="msdynce_Service (9.0.5.56)" />
        <Dependent type="60" displayName="Information" parentDisplayName="Appointment" id="{75ec0e60-421b-4e71-8f5d-d8de7e0aa04e}" />
      </MissingDependency>
      <MissingDependency>
        <Required type="2" schemaName="statuscode" displayName="Status Reason" parentSchemaName="serviceappointment" parentDisplayName="Appointment" solution="msdynce_Service (9.0.5.56)" />
        <Dependent type="60" displayName="Information" parentDisplayName="Appointment" id="{75ec0e60-421b-4e71-8f5d-d8de7e0aa04e}" />
      </MissingDependency>
      <MissingDependency>
        <Required type="2" schemaName="subcategory" displayName="Sub-Category" parentSchemaName="serviceappointment" parentDisplayName="Appointment" solution="msdynce_Service (9.0.5.56)" />
        <Dependent type="60" displayName="Information" parentDisplayName="Appointment" id="{75ec0e60-421b-4e71-8f5d-d8de7e0aa04e}" />
      </MissingDependency>
      <MissingDependency>
        <Required type="2" schemaName="subject" displayName="Subject" parentSchemaName="serviceappointment" parentDisplayName="Appointment" solution="msdynce_Service (9.0.5.56)" />
        <Dependent type="60" displayName="Information" parentDisplayName="Appointment" id="{75ec0e60-421b-4e71-8f5d-d8de7e0aa04e}" />
      </MissingDependency>
      <MissingDependency>
        <Required type="2" schemaName="tmp_sipaddress" displayName="SIP Address" parentSchemaName="serviceappointment" parentDisplayName="Appointment" solution="Active" />
        <Dependent type="60" displayName="Information" parentDisplayName="Appointment" id="{75ec0e60-421b-4e71-8f5d-d8de7e0aa04e}" />
      </MissingDependency>
      <MissingDependency>
        <Required type="2" schemaName="tmp_staticvmrlink" displayName="Static VMR Link" parentSchemaName="serviceappointment" parentDisplayName="Appointment" solution="Active" />
        <Dependent type="60" displayName="Information" parentDisplayName="Appointment" id="{75ec0e60-421b-4e71-8f5d-d8de7e0aa04e}" />
      </MissingDependency>
      <MissingDependency>
        <Required type="2" schemaName="tmp_technologytype" displayName="Technology Type" parentSchemaName="serviceappointment" parentDisplayName="Appointment" solution="Active" />
        <Dependent type="60" displayName="Information" parentDisplayName="Appointment" id="{75ec0e60-421b-4e71-8f5d-d8de7e0aa04e}" />
      </MissingDependency>
      <MissingDependency>
        <Required type="2" schemaName="tmp_timezone" displayName="Time Zone" parentSchemaName="serviceappointment" parentDisplayName="Appointment" solution="Active" />
        <Dependent type="60" displayName="Information" parentDisplayName="Appointment" id="{75ec0e60-421b-4e71-8f5d-d8de7e0aa04e}" />
      </MissingDependency>
      <MissingDependency>
        <Required type="26" schemaName="Specialty Lookup View" displayName="Specialty Lookup View" parentSchemaName="mcs_servicetype" parentDisplayName="Specialty" solution="Active" id="{0dae590b-3dba-4dd2-8b29-239cdea0d09d}" />
        <Dependent type="60" displayName="Information" parentDisplayName="Appointment" id="{75ec0e60-421b-4e71-8f5d-d8de7e0aa04e}" />
      </MissingDependency>
      <MissingDependency>
        <Required type="26" schemaName="System - For Participating Sites subgrid" displayName="System - For Participating Sites subgrid" parentSchemaName="cvt_schedulingresource" parentDisplayName="Scheduling Resource" solution="Active" id="{0edeae0a-4b01-e811-80e6-000d3a007bf6}" />
        <Dependent type="60" displayName="Information" parentDisplayName="Participating Site" id="{bd7efcf2-b6b8-4841-acf4-3bd18429e508}" />
      </MissingDependency>
      <MissingDependency>
        <Required type="26" schemaName="Vista Books/Cancels Sub-Grid" displayName="Vista Books/Cancels Sub-Grid" parentSchemaName="cvt_vistaintegrationresult" parentDisplayName="Vista Integration Result" solution="Active" id="{1aceb3e8-cbc6-e611-80de-000d3a007bf6}" />
        <Dependent type="60" displayName="Information" parentDisplayName="Appointment" id="{75ec0e60-421b-4e71-8f5d-d8de7e0aa04e}" />
      </MissingDependency>
      <MissingDependency>
        <Required type="26" schemaName="Type - CVT Patient Tablets" displayName="Type - CVT Patient Tablets" parentSchemaName="mcs_resource" parentDisplayName="TMP Resource" solution="Active" id="{2a514558-41ae-e411-bab7-00155d175d00}" />
        <Dependent type="60" displayName="Information" parentDisplayName="Appointment" id="{75ec0e60-421b-4e71-8f5d-d8de7e0aa04e}" />
      </MissingDependency>
      <MissingDependency>
        <Required type="26" schemaName="Facility Lookup View" displayName="Facility Lookup View" parentSchemaName="mcs_facility" parentDisplayName="Facility" solution="Active" id="{3f261933-6b1b-4dac-8b05-44465a749758}" />
        <Dependent type="60" displayName="Information" parentDisplayName="Participating Site" id="{bd7efcf2-b6b8-4841-acf4-3bd18429e508}" />
      </MissingDependency>
      <MissingDependency>
        <Required type="26" schemaName="Active Vista Integration Results" displayName="Active Vista Integration Results" parentSchemaName="cvt_vistaintegrationresult" parentDisplayName="Vista Integration Result" solution="Active" id="{60fd513b-e3c4-42f2-bdf7-1f90108705df}" />
        <Dependent type="60" displayName="Information" parentDisplayName="Appointment" id="{75ec0e60-421b-4e71-8f5d-d8de7e0aa04e}" />
      </MissingDependency>
      <MissingDependency>
        <Required type="26" schemaName="My VISN - TMP Sites" displayName="My VISN - TMP Sites" parentSchemaName="mcs_site" parentDisplayName="TMP Site" solution="Active" id="{65641117-d4ac-e211-8904-78e3b511a629}" />
        <Dependent type="60" displayName="Information" parentDisplayName="Appointment" id="{75ec0e60-421b-4e71-8f5d-d8de7e0aa04e}" />
      </MissingDependency>
      <MissingDependency>
        <Required type="26" schemaName="Active Scheduling Resources" displayName="Active Scheduling Resources" parentSchemaName="cvt_schedulingresource" parentDisplayName="Scheduling Resource" solution="Active" id="{67a6535e-3d86-4927-83f3-98b62f32d4d5}" />
        <Dependent type="60" displayName="Information" parentDisplayName="Participating Site" id="{bd7efcf2-b6b8-4841-acf4-3bd18429e508}" />
      </MissingDependency>
      <MissingDependency>
        <Required type="26" schemaName="Group Appt. Patients" displayName="Group Appt. Patients" parentSchemaName="cvt_grouppatient" parentDisplayName="Group Patient" solution="Active" id="{71a761e8-cb47-e311-8339-00155d144f1f}" />
        <Dependent type="60" displayName="Information" parentDisplayName="Appointment" id="{75ec0e60-421b-4e71-8f5d-d8de7e0aa04e}" />
      </MissingDependency>
      <MissingDependency>
        <Required type="26" schemaName="TSA Lookup View" displayName="TSA Lookup View" parentSchemaName="mcs_services" parentDisplayName="Archived Agreement" solution="Active" id="{7f2d4146-88a6-4cdb-9582-71241f28abed}" />
        <Dependent type="60" displayName="Information" parentDisplayName="Appointment" id="{75ec0e60-421b-4e71-8f5d-d8de7e0aa04e}" />
      </MissingDependency>
      <MissingDependency>
        <Required type="26" schemaName="Scheduling Package Lookup View" displayName="Scheduling Package Lookup View" parentSchemaName="cvt_resourcepackage" parentDisplayName="Scheduling Package" solution="Active" id="{832277c3-d1de-4564-b07e-8d16edce3b60}" />
        <Dependent type="60" displayName="Information" parentDisplayName="Appointment" id="{75ec0e60-421b-4e71-8f5d-d8de7e0aa04e}" />
      </MissingDependency>
      <MissingDependency>
        <Required type="26" schemaName="Scheduling Package Lookup View" displayName="Scheduling Package Lookup View" parentSchemaName="cvt_resourcepackage" parentDisplayName="Scheduling Package" solution="Active" id="{832277c3-d1de-4564-b07e-8d16edce3b60}" />
        <Dependent type="60" displayName="Information" parentDisplayName="Participating Site" id="{bd7efcf2-b6b8-4841-acf4-3bd18429e508}" />
      </MissingDependency>
      <MissingDependency>
        <Required type="26" schemaName="TMP Site Lookup View" displayName="TMP Site Lookup View" parentSchemaName="mcs_site" parentDisplayName="TMP Site" solution="Active" id="{8fc5cd0c-1ab8-444c-9eb5-7fe090c0dae3}" />
        <Dependent type="60" displayName="Information" parentDisplayName="Appointment" id="{75ec0e60-421b-4e71-8f5d-d8de7e0aa04e}" />
      </MissingDependency>
      <MissingDependency>
        <Required type="26" schemaName="TMP Site Lookup View" displayName="TMP Site Lookup View" parentSchemaName="mcs_site" parentDisplayName="TMP Site" solution="Active" id="{8fc5cd0c-1ab8-444c-9eb5-7fe090c0dae3}" />
        <Dependent type="60" displayName="Information" parentDisplayName="Participating Site" id="{bd7efcf2-b6b8-4841-acf4-3bd18429e508}" />
      </MissingDependency>
      <MissingDependency>
        <Required type="26" schemaName="Active Non-VA Emails" displayName="Active Non-VA Emails" parentSchemaName="cvt_nonvaemail" parentDisplayName="Non-VA Email" solution="Active" id="{a2c2510e-4231-4fd4-a8eb-636d3607ca60}" />
        <Dependent type="60" displayName="Information" parentDisplayName="Appointment" id="{75ec0e60-421b-4e71-8f5d-d8de7e0aa04e}" />
      </MissingDependency>
      <MissingDependency>
        <Required type="26" schemaName="Active Integration Results" displayName="Active Integration Results" parentSchemaName="mcs_integrationresult" parentDisplayName="Integration Result" solution="Active" id="{b07686b7-0053-40d3-b474-e4dc7df485f3}" />
        <Dependent type="60" displayName="Information" parentDisplayName="Appointment" id="{75ec0e60-421b-4e71-8f5d-d8de7e0aa04e}" />
      </MissingDependency>
      <MissingDependency>
        <Required type="26" schemaName="User Provider View" displayName="User Provider View" parentSchemaName="systemuser" parentDisplayName="Resource: User" solution="Active" id="{b0a9f55f-8244-eb11-a812-001dd8016209}" />
        <Dependent type="60" displayName="Information" parentDisplayName="Appointment" id="{75ec0e60-421b-4e71-8f5d-d8de7e0aa04e}" />
      </MissingDependency>
      <MissingDependency>
        <Required type="26" schemaName="Services Lookup View" displayName="Services Lookup View" parentSchemaName="service" parentDisplayName="Service" solution="msdynce_Service (9.0.5.56)" id="{b9b07f89-085a-4ac4-a66c-ac9a1cfed5aa}" />
        <Dependent type="60" displayName="Information" parentDisplayName="Appointment" id="{75ec0e60-421b-4e71-8f5d-d8de7e0aa04e}" />
      </MissingDependency>
      <MissingDependency>
        <Required type="26" schemaName="Services Lookup View" displayName="Services Lookup View" parentSchemaName="service" parentDisplayName="Service" solution="msdynce_Service (9.0.5.56)" id="{b9b07f89-085a-4ac4-a66c-ac9a1cfed5aa}" />
        <Dependent type="60" displayName="Information" parentDisplayName="Participating Site" id="{bd7efcf2-b6b8-4841-acf4-3bd18429e508}" />
      </MissingDependency>
      <MissingDependency>
        <Required type="26" schemaName="Sites Lookup View" displayName="Sites Lookup View" parentSchemaName="site" parentDisplayName="Site" solution="msdynce_Service (9.0.5.56)" id="{c09b2072-b98f-42d2-a74a-47deaa29f205}" />
        <Dependent type="60" displayName="Information" parentDisplayName="Appointment" id="{75ec0e60-421b-4e71-8f5d-d8de7e0aa04e}" />
      </MissingDependency>
      <MissingDependency>
        <Required type="26" schemaName="Integration Result Sub-Grid" displayName="Integration Result Sub-Grid" parentSchemaName="mcs_integrationresult" parentDisplayName="Integration Result" solution="Active" id="{df3aecb7-cbc6-e611-80de-000d3a007bf6}" />
        <Dependent type="60" displayName="Information" parentDisplayName="Appointment" id="{75ec0e60-421b-4e71-8f5d-d8de7e0aa04e}" />
      </MissingDependency>
      <MissingDependency>
        <Required type="26" schemaName="Sub-Reserve Resources" displayName="Sub-Reserve Resources" parentSchemaName="appointment" parentDisplayName="Reserve Resource" solution="Active" id="{e05d96db-a9cc-e411-a3ff-00155d006609}" />
        <Dependent type="60" displayName="Information" parentDisplayName="Appointment" id="{75ec0e60-421b-4e71-8f5d-d8de7e0aa04e}" />
      </MissingDependency>
      <MissingDependency>
        <Required type="26" schemaName="Specialty Sub Type Lookup View" displayName="Specialty Sub Type Lookup View" parentSchemaName="mcs_servicesubtype" parentDisplayName="Specialty Sub-Type" solution="Active" id="{ec49af0a-75d0-41f3-9313-3f1e8e6409bd}" />
        <Dependent type="60" displayName="Information" parentDisplayName="Appointment" id="{75ec0e60-421b-4e71-8f5d-d8de7e0aa04e}" />
      </MissingDependency>
      <MissingDependency>
        <Required type="26" schemaName="Active TMP Sites" displayName="Active TMP Sites" parentSchemaName="mcs_site" parentDisplayName="TMP Site" solution="Active" id="{fd64d7b2-6f1f-48e9-95b9-b75554a05a4a}" />
        <Dependent type="60" displayName="Information" parentDisplayName="Facility" id="{20edc60f-8689-4bba-8928-e84ce05d0cff}" />
      </MissingDependency>
      <MissingDependency>
        <Required type="26" schemaName="Active TMP Sites" displayName="Active TMP Sites" parentSchemaName="mcs_site" parentDisplayName="TMP Site" solution="Active" id="{fd64d7b2-6f1f-48e9-95b9-b75554a05a4a}" />
        <Dependent type="60" displayName="Information" parentDisplayName="Appointment" id="{75ec0e60-421b-4e71-8f5d-d8de7e0aa04e}" />
      </MissingDependency>
      <MissingDependency>
        <Required type="60" displayName="Information" parentDisplayName="Appointment" solution="msdynce_Service (9.0.5.56)" id="{75ec0e60-421b-4e71-8f5d-d8de7e0aa04e}" />
        <Dependent type="60" displayName="Information" parentDisplayName="Appointment" id="{75ec0e60-421b-4e71-8f5d-d8de7e0aa04e}" />
      </MissingDependency>
      <MissingDependency>
        <Required type="61" schemaName="cvt_Cerner.js" displayName="cvt_Cerner.js" solution="Active" />
        <Dependent type="60" displayName="Information" parentDisplayName="Appointment" id="{75ec0e60-421b-4e71-8f5d-d8de7e0aa04e}" />
      </MissingDependency>
      <MissingDependency>
        <Required type="61" schemaName="cvt_Cerner.js" displayName="cvt_Cerner.js" solution="Active" />
        <Dependent type="60" displayName="Information" parentDisplayName="Participating Site" id="{bd7efcf2-b6b8-4841-acf4-3bd18429e508}" />
      </MissingDependency>
      <MissingDependency>
        <Required type="61" schemaName="cvt_cvt_GetConsultsForPatient.HTML" displayName="cvt_cvt_GetConsultsForPatient.HTML" solution="Active" />
        <Dependent type="60" displayName="Information" parentDisplayName="Appointment" id="{75ec0e60-421b-4e71-8f5d-d8de7e0aa04e}" />
      </MissingDependency>
      <MissingDependency>
        <Required type="61" schemaName="cvt_facility16" displayName="cvt_facility16" solution="Active" />
        <Dependent type="1" schemaName="mcs_facility" displayName="Facility" />
      </MissingDependency>
      <MissingDependency>
        <Required type="61" schemaName="cvt_facility32" displayName="cvt_facility32" solution="Active" />
        <Dependent type="1" schemaName="mcs_facility" displayName="Facility" />
      </MissingDependency>
      <MissingDependency>
        <Required type="61" schemaName="cvt_jquery.1.7.1.js" displayName="cvt_jquery.1.7.1.js" solution="Active" />
        <Dependent type="60" displayName="Information" parentDisplayName="Appointment" id="{75ec0e60-421b-4e71-8f5d-d8de7e0aa04e}" />
      </MissingDependency>
      <MissingDependency>
        <Required type="61" schemaName="cvt_ParticipatingSite.js" displayName="cvt_ParticipatingSite.js" solution="Active" />
        <Dependent type="60" displayName="Information" parentDisplayName="Participating Site" id="{bd7efcf2-b6b8-4841-acf4-3bd18429e508}" />
      </MissingDependency>
      <MissingDependency>
        <Required type="61" schemaName="cvt_participatingsiteprefilter.js" displayName="cvt_participatingsiteprefilter.js" solution="Active" />
        <Dependent type="60" displayName="Information" parentDisplayName="Participating Site" id="{bd7efcf2-b6b8-4841-acf4-3bd18429e508}" />
      </MissingDependency>
      <MissingDependency>
        <Required type="61" schemaName="cvt_site16" displayName="cvt_site16" solution="Active" />
        <Dependent type="1" schemaName="cvt_participatingsite" displayName="Participating Site" />
      </MissingDependency>
      <MissingDependency>
        <Required type="61" schemaName="cvt_site32" displayName="cvt_site32" solution="Active" />
        <Dependent type="1" schemaName="cvt_participatingsite" displayName="Participating Site" />
      </MissingDependency>
      <MissingDependency>
        <Required type="61" schemaName="cvt_VIALoginUI.html" displayName="cvt_VIALoginUI.html" solution="Active" />
        <Dependent type="60" displayName="Information" parentDisplayName="Appointment" id="{75ec0e60-421b-4e71-8f5d-d8de7e0aa04e}" />
      </MissingDependency>
      <MissingDependency>
        <Required type="61" schemaName="mcs_mvi_searchUI" displayName="mcs_mvi_searchUI" solution="Active" />
        <Dependent type="60" displayName="Information" parentDisplayName="Appointment" id="{75ec0e60-421b-4e71-8f5d-d8de7e0aa04e}" />
      </MissingDependency>
      <MissingDependency>
        <Required type="61" schemaName="tmp_blank" displayName="tmp_blank" solution="Active" />
        <Dependent type="60" displayName="Information" parentDisplayName="Appointment" id="{75ec0e60-421b-4e71-8f5d-d8de7e0aa04e}" />
      </MissingDependency>
      <MissingDependency>
        <Required type="61" schemaName="tmp_openresourcetree" displayName="tmp_openresourcetree" solution="Active" />
        <Dependent type="60" displayName="Information" parentDisplayName="Appointment" id="{75ec0e60-421b-4e71-8f5d-d8de7e0aa04e}" />
      </MissingDependency>
      <MissingDependency>
        <Required type="61" schemaName="tmp_servicetree" displayName="tmp_servicetree" solution="Active" />
        <Dependent type="60" displayName="Information" parentDisplayName="Appointment" id="{75ec0e60-421b-4e71-8f5d-d8de7e0aa04e}" />
      </MissingDependency>
      <MissingDependency>
        <Required type="61" schemaName="tmp_SetResourceField" displayName="tmp_SetResourceField" solution="Active" />
        <Dependent type="60" displayName="Information" parentDisplayName="Appointment" id="{75ec0e60-421b-4e71-8f5d-d8de7e0aa04e}" />
      </MissingDependency>
      <MissingDependency>
        <Required type="66" schemaName="MscrmControls.FieldControls.ToggleControl" displayName="MscrmControls.FieldControls.ToggleControl" solution="BaseCustomControlsCore (9.0.2106.1009)" />
        <Dependent type="60" displayName="Information" parentDisplayName="Appointment" id="{75ec0e60-421b-4e71-8f5d-d8de7e0aa04e}" />
      </MissingDependency>
    </MissingDependencies>
  </SolutionManifest>
</ImportExportXml>