<ImportExportXml xmlns:xsi="http://www.w3.org/2001/XMLSchema-instance">
  <Entities>
    <Entity>
      <Name LocalizedName="Reserve Resource" OriginalName="Appointment">Appointment</Name>
      <EntityInfo>
        <entity Name="Appointment">
          <LocalizedNames>
            <LocalizedName description="Reserve Resource" languagecode="1033" />
          </LocalizedNames>
          <LocalizedCollectionNames>
            <LocalizedCollectionName description="Reserve Resources" languagecode="1033" />
          </LocalizedCollectionNames>
          <Descriptions>
            <Description description="Commitment representing a time interval with start/end times and duration." languagecode="1033" />
          </Descriptions>
          <attributes />
          <EntitySetName>appointments</EntitySetName>
          <IsDuplicateCheckSupported>1</IsDuplicateCheckSupported>
          <IsBusinessProcessEnabled>1</IsBusinessProcessEnabled>
          <IsRequiredOffline>0</IsRequiredOffline>
          <IsInteractionCentricEnabled>1</IsInteractionCentricEnabled>
          <IsCollaboration>1</IsCollaboration>
          <AutoRouteToOwnerQueue>0</AutoRouteToOwnerQueue>
          <IsConnectionsEnabled>1</IsConnectionsEnabled>
          <EntityColor></EntityColor>
          <IsDocumentManagementEnabled>0</IsDocumentManagementEnabled>
          <AutoCreateAccessTeams>0</AutoCreateAccessTeams>
          <IsOneNoteIntegrationEnabled>0</IsOneNoteIntegrationEnabled>
          <IsKnowledgeManagementEnabled>0</IsKnowledgeManagementEnabled>
          <IsSLAEnabled>0</IsSLAEnabled>
          <IsDocumentRecommendationsEnabled>0</IsDocumentRecommendationsEnabled>
          <IsBPFEntity>0</IsBPFEntity>
          <OwnershipTypeMask>UserOwned</OwnershipTypeMask>
          <IsAuditEnabled>1</IsAuditEnabled>
          <IsRetrieveAuditEnabled>0</IsRetrieveAuditEnabled>
          <IsRetrieveMultipleAuditEnabled>0</IsRetrieveMultipleAuditEnabled>
          <IsActivity>1</IsActivity>
          <ActivityTypeMask>CommunicationActivity</ActivityTypeMask>
          <IsActivityParty>0</IsActivityParty>
          <IsReplicated>1</IsReplicated>
          <IsReplicationUserFiltered>1</IsReplicationUserFiltered>
          <IsMailMergeEnabled>0</IsMailMergeEnabled>
          <IsVisibleInMobile>1</IsVisibleInMobile>
          <IsVisibleInMobileClient>1</IsVisibleInMobileClient>
          <IsReadOnlyInMobileClient>0</IsReadOnlyInMobileClient>
          <IsOfflineInMobileClient>1</IsOfflineInMobileClient>
          <DaysSinceRecordLastModified>0</DaysSinceRecordLastModified>
          <MobileOfflineFilters>
		&lt;fetch version="1.0" output-format="xml-platform" mapping="logical" distinct="false"&gt;
			&lt;entity name="appointment"&gt;
				&lt;filter type="and"&gt;
					&lt;condition attribute="modifiedon" operator="last-x-days" value="10"/&gt;
				&lt;/filter&gt;
			&lt;/entity&gt;
		&lt;/fetch&gt;
	</MobileOfflineFilters>
          <IsMapiGridEnabled>1</IsMapiGridEnabled>
          <IsReadingPaneEnabled>1</IsReadingPaneEnabled>
          <IsQuickCreateEnabled>0</IsQuickCreateEnabled>
          <SyncToExternalSearchIndex>1</SyncToExternalSearchIndex>
          <IntroducedVersion>5.0.0.0</IntroducedVersion>
          <EnforceStateTransitions>0</EnforceStateTransitions>
          <EntityHelpUrlEnabled>0</EntityHelpUrlEnabled>
          <EntityHelpUrl></EntityHelpUrl>
          <ChangeTrackingEnabled>1</ChangeTrackingEnabled>
          <IsEnabledForExternalChannels>0</IsEnabledForExternalChannels>
          <IsSolutionAware>0</IsSolutionAware>
          <HasRelatedNotes>True</HasRelatedNotes>
        </entity>
      </EntityInfo>
      <FormXml>
        <forms type="main">
          <systemform>
            <formid>{f5af0c79-97db-4c3f-8d7e-62b53d9062d4}</formid>
            <IntroducedVersion>1.0</IntroducedVersion>
            <FormPresentation>0</FormPresentation>
            <FormActivationState>1</FormActivationState>
            <form shownavigationbar="true" showImage="false" maxWidth="1900" solutionaction="Modified">
              <tabs>
                <tab name="appointment" verticallayout="true" id="{6C7EDBF5-39CD-437c-A2D5-BA02355D285A}" IsUserDefined="0" locklevel="0" expanded="false" showlabel="true" ordinalvalue="1" solutionaction="Modified">
                  <labels>
                    <label description="Reserve Resource" languagecode="1033" solutionaction="Modified" />
                  </labels>
                  <columns>
                    <column width="100%" id="0">
                      <sections>
                        <section name="general information" showlabel="false" showbar="false" locklevel="0" id="{844DE7EE-AD12-4301-B10F-9CC5D1EA1F0F}" IsUserDefined="0" layout="varwidth" columns="11" ordinalvalue="1" solutionaction="Modified">
                          <rows>
                            <row>
                              <cell auto="false" showlabel="true" locklevel="0" rowspan="1" colspan="2" id="{02db07aa-8245-4c98-b6e0-9ca3b524eb5f}" ordinalvalue="10000">
                                <labels>
                                  <label description="Subject" languagecode="1033" solutionaction="Added" />
                                </labels>
                                <control id="subject" classid="{4273EDBD-AC1D-40d3-9FB2-095C621B552D}" datafieldname="subject" disabled="false" uniqueid="{9016c206-8db2-9c3c-566b-b94320230be9}" solutionaction="Modified" />
                              </cell>
                            </row>
                            <row>
                              <cell colspan="2" id="{d1d86802-ae88-4c0c-a87e-ce3860c395d5}" ordinalvalue="10001" solutionaction="Removed" />
                            </row>
                            <row>
                              <cell auto="false" showlabel="true" locklevel="1" rowspan="1" colspan="2" id="{aa6a666b-b488-4bff-b6ba-3da354389d42}" ordinalvalue="10002" solutionaction="Removed" />
                            </row>
                            <row>
                              <cell auto="false" showlabel="true" locklevel="1" rowspan="1" colspan="2" id="{44049430-b656-4f77-a9e0-d7faf6eed732}" ordinalvalue="10001" solutionaction="Added">
                                <labels>
                                  <label description="Required" languagecode="1033" />
                                </labels>
                                <control id="requiredattendees" classid="{CBFB742C-14E7-4a17-96BB-1A13F7F64AA2}" datafieldname="requiredattendees" disabled="false">
                                  <parameters>
                                    <AutoResolve>true</AutoResolve>
                                    <DisableMru>false</DisableMru>
                                  </parameters>
                                </control>
                              </cell>
                            </row>
                            <row>
                              <cell auto="false" showlabel="true" locklevel="0" rowspan="1" colspan="2" id="{267cbd23-f2ac-441c-b313-2e8763dec053}" ordinalvalue="10002" solutionaction="Added">
                                <labels>
                                  <label description="Veterans" languagecode="1033" />
                                </labels>
                                <control id="optionalattendees" classid="{CBFB742C-14E7-4a17-96BB-1A13F7F64AA2}" datafieldname="optionalattendees" disabled="false">
                                  <parameters>
                                    <AutoResolve>true</AutoResolve>
                                    <DisableMru>false</DisableMru>
                                  </parameters>
                                </control>
                              </cell>
                            </row>
                            <row>
                              <cell id="{ec96a533-68dd-aa14-5223-4b333004e130}" showlabel="true" locklevel="0" colspan="2" ordinalvalue="10003" solutionaction="Added">
                                <labels>
                                  <label description="Cancel Remarks" languagecode="1033" />
                                </labels>
                                <control id="cvt_cancelremarks" classid="{E0DECE4B-6FC8-4a8f-A065-082708572369}" datafieldname="cvt_cancelremarks" disabled="false" uniqueid="{87456927-6291-a03e-971a-1778382edce2}" />
                              </cell>
                            </row>
                          </rows>
                        </section>
                        <section name="scheduling information" showlabel="true" showbar="true" locklevel="0" id="{4F40F21E-AB16-446f-9EFD-BD3F3FAAB634}" IsUserDefined="0" layout="varwidth" columns="11" labelwidth="115" celllabelalignment="Left" celllabelposition="Left" ordinalvalue="2" solutionaction="Modified">
                          <rows>
                            <row>
                              <cell auto="false" showlabel="true" locklevel="1" rowspan="1" colspan="2" id="{44049430-b656-4f77-a9e0-d7faf6eed732}" ordinalvalue="10000" solutionaction="Removed" />
                            </row>
                            <row>
                              <cell auto="false" showlabel="true" locklevel="0" rowspan="1" colspan="2" id="{267cbd23-f2ac-441c-b313-2e8763dec053}" ordinalvalue="10001" solutionaction="Removed" />
                            </row>
                            <row>
                              <cell auto="false" showlabel="true" locklevel="0" rowspan="1" colspan="1" id="{b56cec0d-f4bd-4c32-b109-a8493827ec29}" ordinalvalue="10000" solutionaction="Modified">
                                <labels>
                                  <label description="Start Time" languagecode="1033" solutionaction="Added" />
                                </labels>
                              </cell>
                              <cell auto="false" showlabel="true" locklevel="0" rowspan="1" colspan="1" id="{2aded54d-2ada-4f81-8b6c-bf882895a53c}" ordinalvalue="20001" solutionaction="Modified">
                                <labels>
                                  <label description="Duration" languagecode="1033" solutionaction="Added" />
                                </labels>
                              </cell>
                            </row>
                            <row>
                              <cell auto="false" showlabel="true" locklevel="0" rowspan="1" colspan="1" id="{6bc51b1c-566c-44ee-b036-b051e3159842}" ordinalvalue="10002" solutionaction="Modified">
                                <labels>
                                  <label description="End Time" languagecode="1033" solutionaction="Added" />
                                </labels>
                              </cell>
                              <cell auto="false" showlabel="true" locklevel="0" rowspan="1" colspan="1" id="{cd8ba373-9a85-467c-9e74-04795af7755c}" ordinalvalue="20003" solutionaction="Modified">
                                <labels>
                                  <label description="All Day Event" languagecode="1033" solutionaction="Added" />
                                </labels>
                              </cell>
                            </row>
                            <row>
                              <cell auto="false" showlabel="true" locklevel="1" rowspan="1" colspan="1" id="{138e47a8-3b2f-4065-a209-57fc6ff5ea47}" ordinalvalue="10006" solutionaction="Removed" />
                              <cell auto="false" showlabel="true" locklevel="1" rowspan="1" colspan="1" id="{998edd7b-4f37-4f9d-8998-c7914ed35fa8}" ordinalvalue="20007" solutionaction="Removed" />
                            </row>
                          </rows>
                        </section>
                        <section name="appointment description" showlabel="false" showbar="false" locklevel="0" id="{86EB037C-1F69-44b4-920E-7DE3B1641F8C}" IsUserDefined="0" layout="varwidth" columns="11" height="auto" ordinalvalue="3" solutionaction="Modified">
                          <rows>
                            <row>
                              <cell auto="false" showlabel="false" locklevel="0" rowspan="7" colspan="2" id="{6fac42af-766a-487d-8a4f-782a926723f0}" ordinalvalue="10000" solutionaction="Modified">
                                <labels>
                                  <label description="Description" languagecode="1033" solutionaction="Added" />
                                </labels>
                              </cell>
                            </row>
                          </rows>
                        </section>
                        <section name="GroupFields" showlabel="false" showbar="false" locklevel="0" id="{7d0c986d-b248-0590-dbed-2143b3c9deb1}" IsUserDefined="0" layout="varwidth" columns="11" labelwidth="115" celllabelalignment="Left" celllabelposition="Left" ordinalvalue="0" solutionaction="Added">
                          <labels>
                            <label description="Group Info" languagecode="1033" />
                          </labels>
                          <rows>
                            <row>
                              <cell id="{7196ec56-0875-94a6-bc89-aae8bdad1ed6}" showlabel="true" locklevel="0" ordinalvalue="10000">
                                <labels>
                                  <label description="Resource Group" languagecode="1033" />
                                </labels>
                                <control id="cvt_resourcegroup" classid="{270BD3DB-D9AF-4782-9025-509E298DEC0A}" datafieldname="cvt_resourcegroup" disabled="false" uniqueid="{4d88081a-4111-cb67-10c0-52a746551aea}">
                                  <parameters>
                                    <AutoResolve>true</AutoResolve>
                                    <DisableMru>false</DisableMru>
                                    <DisableQuickFind>false</DisableQuickFind>
                                    <DisableViewPicker>false</DisableViewPicker>
                                    <DefaultViewId>{32FC0807-B1F2-4D92-9555-4DFD38788856}</DefaultViewId>
                                    <AllowFilterOff>false</AllowFilterOff>
                                  </parameters>
                                </control>
                              </cell>
                              <cell id="{e34bb94a-228a-b03b-ae13-4b43e7ca171b}" showlabel="true" locklevel="0" ordinalvalue="20001">
                                <labels>
                                  <label description="Site" languagecode="1033" />
                                </labels>
                                <control id="cvt_site" classid="{270BD3DB-D9AF-4782-9025-509E298DEC0A}" datafieldname="cvt_site" disabled="false" uniqueid="{68620e3c-a721-6376-6c19-70711e4d64d1}">
                                  <parameters>
                                    <AutoResolve>true</AutoResolve>
                                    <DisableMru>false</DisableMru>
                                    <DisableQuickFind>false</DisableQuickFind>
                                    <DisableViewPicker>false</DisableViewPicker>
                                    <DefaultViewId>{8FC5CD0C-1AB8-444C-9EB5-7FE090C0DAE3}</DefaultViewId>
                                    <AllowFilterOff>false</AllowFilterOff>
                                  </parameters>
                                </control>
                              </cell>
                            </row>
                          </rows>
                        </section>
                        <section name="appointment_section_6" showlabel="true" showbar="true" locklevel="0" id="{09832aa4-12e0-d4a2-4b3d-82410a2c7ed5}" IsUserDefined="0" layout="varwidth" columns="11" labelwidth="115" celllabelalignment="Left" celllabelposition="Left" ordinalvalue="4" solutionaction="Added">
                          <labels>
                            <label description="General Integration Results" languagecode="1033" />
                          </labels>
                          <rows>
                            <row>
                              <cell id="{902d536d-6888-89b1-931e-d1bab326961e}" showlabel="false" colspan="2" auto="false" rowspan="6" ordinalvalue="10000">
                                <labels>
                                  <label description="Integration Results (Appointment)" languagecode="1033" />
                                </labels>
                                <control id="IntegrationResults" classid="{E7A81278-8635-4d9e-8D4D-59480B391C5B}">
                                  <parameters>
                                    <ViewId>{DF3AECB7-CBC6-E611-80DE-000D3A007BF6}</ViewId>
                                    <IsUserView>false</IsUserView>
                                    <RelationshipName>mcs_appointment_mcs_integrationresult_appointmentid</RelationshipName>
                                    <TargetEntityType>mcs_integrationresult</TargetEntityType>
                                    <AutoExpand>Fixed</AutoExpand>
                                    <EnableQuickFind>false</EnableQuickFind>
                                    <EnableViewPicker>false</EnableViewPicker>
                                    <ViewIds>{B07686B7-0053-40D3-B474-E4DC7DF485F3},{DF3AECB7-CBC6-E611-80DE-000D3A007BF6}</ViewIds>
                                    <EnableJumpBar>false</EnableJumpBar>
                                    <ChartGridMode>All</ChartGridMode>
                                    <VisualizationId />
                                    <IsUserChart>false</IsUserChart>
                                    <EnableChartPicker>true</EnableChartPicker>
                                    <RecordsPerPage>4</RecordsPerPage>
                                  </parameters>
                                </control>
                              </cell>
                            </row>
                            <row />
                            <row />
                            <row />
                            <row />
                            <row />
                          </rows>
                        </section>
                        <section name="appointment_section_7" showlabel="true" showbar="true" locklevel="0" id="{c9a9a149-dcbb-827a-6c7a-a09763a464d8}" IsUserDefined="0" layout="varwidth" columns="1" labelwidth="115" celllabelalignment="Left" celllabelposition="Left" ordinalvalue="5" solutionaction="Added">
                          <labels>
                            <label description="Vista Integration Results" languagecode="1033" />
                          </labels>
                          <rows>
                            <row>
                              <cell id="{48297812-6d14-e1d3-3ad6-6a46b38bd51b}" showlabel="false" colspan="1" auto="false" rowspan="6" ordinalvalue="10000">
                                <labels>
                                  <label description="Vista Integration Results (Appointment)" languagecode="1033" />
                                </labels>
                                <control id="VistaIntegrationResults" classid="{E7A81278-8635-4d9e-8D4D-59480B391C5B}">
                                  <parameters>
                                    <ViewId>{1ACEB3E8-CBC6-E611-80DE-000D3A007BF6}</ViewId>
                                    <IsUserView>false</IsUserView>
                                    <RelationshipName>cvt_appointment_cvt_vistaintegrationresult_Appointment</RelationshipName>
                                    <TargetEntityType>cvt_vistaintegrationresult</TargetEntityType>
                                    <AutoExpand>Fixed</AutoExpand>
                                    <EnableQuickFind>false</EnableQuickFind>
                                    <EnableViewPicker>false</EnableViewPicker>
                                    <ViewIds>{60FD513B-E3C4-42F2-BDF7-1F90108705DF},{1ACEB3E8-CBC6-E611-80DE-000D3A007BF6}</ViewIds>
                                    <EnableJumpBar>false</EnableJumpBar>
                                    <ChartGridMode>All</ChartGridMode>
                                    <VisualizationId />
                                    <IsUserChart>false</IsUserChart>
                                    <EnableChartPicker>true</EnableChartPicker>
                                    <RecordsPerPage>4</RecordsPerPage>
                                  </parameters>
                                </control>
                              </cell>
                            </row>
                            <row />
                            <row />
                            <row />
                            <row />
                            <row />
                          </rows>
                        </section>
                      </sections>
                    </column>
                  </columns>
                </tab>
                <tab name="attachments" verticallayout="true" id="{045F8960-4E73-4BD1-BAD9-4C202898C77B}" IsUserDefined="0" locklevel="0" expanded="false" ordinalvalue="2" solutionaction="Modified">
                  <columns>
                    <column width="100%" id="0">
                      <sections>
                        <section name="attachments" showlabel="false" showbar="false" locklevel="0" id="{6467EF08-0C7F-4AF2-AA26-087819B9B8DC}" height="auto" IsUserDefined="0" layout="varheight" columns="11" ordinalvalue="0">
                          <rows />
                        </section>
                      </sections>
                    </column>
                  </columns>
                </tab>
                <tab name="notes" id="{32f14e18-9a3a-4544-8543-8ec73039739b}" IsUserDefined="0" locklevel="0" expanded="false" ordinalvalue="3" solutionaction="Modified" />
                <tab id="{A0A52124-8019-4a51-9DAE-D85CD6227FFF}" IsUserDefined="0" locklevel="0" name="{A0A52124-8019-4a51-9DAE-D85CD6227FFF}" expanded="false" ordinalvalue="4" solutionaction="Modified">
                  <columns>
                    <column width="100%" id="0">
                      <sections>
                        <section showlabel="false" showbar="false" locklevel="0" id="{6DAA79FB-7C18-428f-9219-7A146BAC5AE8}" IsUserDefined="0" layout="varwidth" columns="11" name="{6DAA79FB-7C18-428f-9219-7A146BAC5AE8}" ordinalvalue="0">
                          <rows>
                            <row>
                              <cell auto="false" showlabel="true" locklevel="0" rowspan="1" id="{fd93e5cf-7611-457e-a8de-34165406b5fe}" ordinalvalue="10000" solutionaction="Removed" />
                              <cell auto="false" showlabel="true" locklevel="0" rowspan="1" id="{b315c1ae-be9d-4cbb-b221-a323e4a73e0a}" ordinalvalue="20001">
                                <labels>
                                  <label description="Organizer" languagecode="1033" solutionaction="Added" />
                                </labels>
                              </cell>
                            </row>
                            <row>
                              <cell auto="false" showlabel="true" locklevel="0" rowspan="1" colspan="1" id="{37aaf525-e123-423d-98c3-db46eef44033}" ordinalvalue="10000" solutionaction="Modified">
                                <labels>
                                  <label description="Category" languagecode="1033" solutionaction="Added" />
                                </labels>
                              </cell>
                              <cell auto="false" showlabel="true" locklevel="0" rowspan="1" colspan="1" id="{6532e740-5abd-4fd1-9679-3d46b946942b}" ordinalvalue="20003">
                                <labels>
                                  <label description="Sub-Category" languagecode="1033" solutionaction="Added" />
                                </labels>
                              </cell>
                            </row>
                            <row>
                              <cell id="{bc4bc5e5-7cad-e947-ea8e-7dc3c510ed3c}" showlabel="true" locklevel="0" ordinalvalue="10002" solutionaction="Added">
                                <labels>
                                  <label description="Base Service Acitivty" languagecode="1033" />
                                </labels>
                                <control id="cvt_serviceactivityid" classid="{270BD3DB-D9AF-4782-9025-509E298DEC0A}" datafieldname="cvt_serviceactivityid" disabled="false">
                                  <parameters>
                                    <AutoResolve>true</AutoResolve>
                                    <DisableMru>false</DisableMru>
                                    <DisableQuickFind>false</DisableQuickFind>
                                    <DisableViewPicker>false</DisableViewPicker>
                                    <DefaultViewId>{2BE57C46-35FC-4FB9-8094-BD82DA6C4B07}</DefaultViewId>
                                    <AllowFilterOff>false</AllowFilterOff>
                                  </parameters>
                                </control>
                              </cell>
                            </row>
                            <row>
                              <cell auto="false" showlabel="true" locklevel="1" rowspan="1" colspan="1" id="{138e47a8-3b2f-4065-a209-57fc6ff5ea47}" ordinalvalue="10004" solutionaction="Added">
                                <labels>
                                  <label description="Show Time As" languagecode="1033" />
                                </labels>
                                <control id="statuscode" classid="{5D68B988-0661-4db2-BC3E-17598AD3BE6C}" datafieldname="statuscode" disabled="false" />
                              </cell>
                              <cell auto="false" showlabel="true" locklevel="1" rowspan="1" colspan="1" id="{998edd7b-4f37-4f9d-8998-c7914ed35fa8}" ordinalvalue="20005" solutionaction="Added">
                                <labels>
                                  <label description="Priority" languagecode="1033" />
                                </labels>
                                <control id="prioritycode" classid="{3EF39988-22BB-4f0b-BBBE-64B5A3748AEE}" datafieldname="prioritycode" disabled="false" />
                              </cell>
                            </row>
                            <row>
                              <cell colspan="2" id="{d1d86802-ae88-4c0c-a87e-ce3860c395d5}" ordinalvalue="10006" solutionaction="Added">
                                <labels>
                                  <label description="Location" languagecode="1033" />
                                </labels>
                                <control id="location" classid="{4273EDBD-AC1D-40d3-9FB2-095C621B552D}" datafieldname="location" />
                              </cell>
                            </row>
                            <row>
                              <cell auto="false" showlabel="true" locklevel="1" rowspan="1" colspan="2" id="{aa6a666b-b488-4bff-b6ba-3da354389d42}" ordinalvalue="10007" solutionaction="Added">
                                <labels>
                                  <label description="Regarding" languagecode="1033" />
                                </labels>
                                <control id="regardingobjectid" classid="{F3015350-44A2-4aa0-97B5-00166532B5E9}" datafieldname="regardingobjectid" disabled="false">
                                  <parameters>
                                    <AutoResolve>true</AutoResolve>
                                  </parameters>
                                </control>
                              </cell>
                            </row>
                          </rows>
                        </section>
                      </sections>
                    </column>
                  </columns>
                </tab>
                <tab name="PersonSearch" id="{892aab35-0b40-3ca6-35c9-33a68389a8c9}" IsUserDefined="0" locklevel="0" showlabel="true" expanded="false" ordinalvalue="0" solutionaction="Added">
                  <labels>
                    <label description="Person Search" languagecode="1033" />
                  </labels>
                  <columns>
                    <column width="100%" id="0">
                      <sections>
                        <section name="appointment_section_5" showlabel="false" showbar="false" locklevel="0" id="{9208e403-759a-729e-74b5-c7e0614b4505}" IsUserDefined="0" layout="varwidth" columns="1" labelwidth="115" celllabelalignment="Left" celllabelposition="Left" ordinalvalue="0">
                          <labels>
                            <label description="Person Search" languagecode="1033" />
                          </labels>
                          <rows>
                            <row>
                              <cell id="{9641e7ac-d85e-6b79-b5da-ae33a39eb4ea}" showlabel="false" colspan="1" auto="false" rowspan="12" ordinalvalue="10000">
                                <labels>
                                  <label description="PersonSearch" languagecode="1033" />
                                </labels>
                                <control id="WebResource_PersonSearch" classid="{9FDF5F91-88B1-47f4-AD53-C11EFC01A01D}">
                                  <parameters>
                                    <Url>mcs_mvi_searchUI</Url>
                                    <PassParameters>false</PassParameters>
                                    <ShowOnMobileClient>false</ShowOnMobileClient>
                                    <Security>false</Security>
                                    <Scrolling>auto</Scrolling>
                                    <Border>true</Border>
                                    <WebResourceId>{CC7F8327-72E8-E411-8E4C-00155D14E721}</WebResourceId>
                                  </parameters>
                                </control>
                              </cell>
                            </row>
                            <row />
                            <row />
                            <row />
                            <row />
                            <row />
                            <row />
                            <row />
                            <row />
                            <row />
                            <row />
                            <row />
                          </rows>
                        </section>
                      </sections>
                    </column>
                  </columns>
                </tab>
                <tab name="tab_4" id="{77ad9591-3831-977e-9629-d52a97c1b613}" IsUserDefined="0" locklevel="0" showlabel="true" expanded="false" ordinalvalue="5" solutionaction="Added">
                  <labels>
                    <label description="Admin" languagecode="1033" />
                  </labels>
                  <columns>
                    <column width="100%" id="0">
                      <sections>
                        <section name="tab_4_section_1" showlabel="false" showbar="false" locklevel="0" id="{5b22c8b8-ebe0-693b-18bb-d04b4776d1c7}" IsUserDefined="0" layout="varwidth" columns="11" labelwidth="115" ordinalvalue="0">
                          <labels>
                            <label description="Section" languagecode="1033" />
                          </labels>
                          <rows>
                            <row>
                              <cell auto="false" showlabel="true" locklevel="0" rowspan="1" id="{fd93e5cf-7611-457e-a8de-34165406b5fe}" ordinalvalue="10000">
                                <labels>
                                  <label description="Owner" languagecode="1033" />
                                </labels>
                                <control id="ownerid" classid="{270BD3DB-D9AF-4782-9025-509E298DEC0A}" datafieldname="ownerid" disabled="false" />
                              </cell>
                              <cell id="{c8d5dc4e-8056-26d1-b592-6065197e8547}" showlabel="true" locklevel="0" ordinalvalue="20001">
                                <labels>
                                  <label description="Status" languagecode="1033" />
                                </labels>
                                <control id="statecode" classid="{3EF39988-22BB-4f0b-BBBE-64B5A3748AEE}" datafieldname="statecode" disabled="false" />
                              </cell>
                            </row>
                            <row>
                              <cell id="{5ca98c88-d1ba-49e3-0253-77259ddad85b}" showlabel="true" locklevel="0" ordinalvalue="10002">
                                <labels>
                                  <label description="Created On" languagecode="1033" />
                                </labels>
                                <control id="createdon" classid="{5B773807-9FB2-42db-97C3-7A91EFF8ADFF}" datafieldname="createdon" disabled="false" />
                              </cell>
                              <cell id="{499273b3-925d-507e-db7d-3b6798b727bc}" showlabel="true" locklevel="0" ordinalvalue="20003">
                                <labels>
                                  <label description="Created By" languagecode="1033" />
                                </labels>
                                <control id="createdby" classid="{270BD3DB-D9AF-4782-9025-509E298DEC0A}" datafieldname="createdby" disabled="false" />
                              </cell>
                            </row>
                            <row>
                              <cell id="{4e41e399-eb1d-9cd9-96eb-7c253a2602cb}" showlabel="true" locklevel="0" ordinalvalue="10004">
                                <labels>
                                  <label description="Modified On" languagecode="1033" />
                                </labels>
                                <control id="modifiedon" classid="{5B773807-9FB2-42db-97C3-7A91EFF8ADFF}" datafieldname="modifiedon" disabled="false" />
                              </cell>
                              <cell id="{e7d53d3d-e7e4-845a-e06e-3b3dc8abaaca}" showlabel="true" locklevel="0" ordinalvalue="20005">
                                <labels>
                                  <label description="Modified By" languagecode="1033" />
                                </labels>
                                <control id="modifiedby" classid="{270BD3DB-D9AF-4782-9025-509E298DEC0A}" datafieldname="modifiedby" disabled="false" />
                              </cell>
                            </row>
                            <row>
                              <cell id="{d9a582d9-2997-e9a1-8a09-bce44a798b33}" showlabel="true" locklevel="0" ordinalvalue="10006">
                                <labels>
                                  <label description="Retry Integration" languagecode="1033" />
                                </labels>
                                <control id="cvt_retryintegration" classid="{67FAC785-CD58-4f9f-ABB3-4B7DDC6ED5ED}" datafieldname="cvt_retryintegration" disabled="false" />
                              </cell>
                              <cell id="{b52aceca-12e2-4559-d2c2-7e6ee52ba9d7}" showlabel="false" ordinalvalue="20007">
                                <labels>
                                  <label description="" languagecode="1033" />
                                </labels>
                              </cell>
                            </row>
                          </rows>
                        </section>
                      </sections>
                    </column>
                  </columns>
                </tab>
                <tab name="tab_vistaimport" id="{ca559e3c-ad82-aa82-07db-d4d236178172}" IsUserDefined="0" locklevel="0" showlabel="true" expanded="true" visible="false" ordinalvalue="6" solutionaction="Added">
                  <labels>
                    <label description="VistA Import" languagecode="1033" />
                  </labels>
                  <columns>
                    <column width="100%" id="0">
                      <sections>
                        <section name="tab_vistaimport_section_2" showlabel="false" showbar="false" locklevel="0" id="{2bb11be6-e916-d4c2-8a99-5871a11eda90}" IsUserDefined="0" layout="varwidth" columns="11" labelwidth="115" ordinalvalue="0">
                          <labels>
                            <label description="Section" languagecode="1033" />
                          </labels>
                          <rows>
                            <row>
                              <cell id="{0e6666eb-b83b-321e-510e-1439c85bb843}" showlabel="true" locklevel="0" ordinalvalue="10000">
                                <labels>
                                  <label description="VistA Appointment Id" languagecode="1033" />
                                </labels>
                                <control id="cvt_vistaappointmentid" classid="{4273EDBD-AC1D-40d3-9FB2-095C621B552D}" datafieldname="cvt_vistaappointmentid" disabled="false" />
                              </cell>
                              <cell id="{41a26406-c8e7-c104-299b-b806d45a3b9c}" showlabel="true" locklevel="0" ordinalvalue="20001">
                                <labels>
                                  <label description="Visit Status" languagecode="1033" />
                                </labels>
                                <control id="cvt_visitstatus" classid="{4273EDBD-AC1D-40d3-9FB2-095C621B552D}" datafieldname="cvt_visitstatus" disabled="false" />
                              </cell>
                            </row>
                            <row>
                              <cell id="{36d7dc63-0c10-ab88-0ae6-e302e53d1019}" showlabel="true" locklevel="0" ordinalvalue="10002">
                                <labels>
                                  <label description="Consult Name" languagecode="1033" />
                                </labels>
                                <control id="cvt_consultname" classid="{4273EDBD-AC1D-40d3-9FB2-095C621B552D}" datafieldname="cvt_consultname" disabled="false" />
                              </cell>
                              <cell id="{01356033-759b-ba44-2e8a-46c507900d72}" showlabel="true" locklevel="0" ordinalvalue="20003">
                                <labels>
                                  <label description="Consult Id" languagecode="1033" />
                                </labels>
                                <control id="cvt_consultid" classid="{4273EDBD-AC1D-40d3-9FB2-095C621B552D}" datafieldname="cvt_consultid" disabled="false" />
                              </cell>
                            </row>
                            <row>
                              <cell id="{3caed985-4236-14be-c790-03bcc981d36c}" showlabel="true" locklevel="0" ordinalvalue="10004">
                                <labels>
                                  <label description="Clinic Name" languagecode="1033" />
                                </labels>
                                <control id="cvt_clinicname" classid="{4273EDBD-AC1D-40d3-9FB2-095C621B552D}" datafieldname="cvt_clinicname" disabled="false" />
                              </cell>
                              <cell id="{e7388833-3b47-545e-38c6-e461300d3369}" showlabel="true" locklevel="0" ordinalvalue="20005">
                                <labels>
                                  <label description="Clinic IEN" languagecode="1033" />
                                </labels>
                                <control id="cvt_clinicien" classid="{4273EDBD-AC1D-40d3-9FB2-095C621B552D}" datafieldname="cvt_clinicien" disabled="false" />
                              </cell>
                            </row>
                            <row>
                              <cell id="{0dcdc634-46de-525c-b483-611ee58bc424}" showlabel="true" locklevel="0" ordinalvalue="10006">
                                <labels>
                                  <label description="PatientICN" languagecode="1033" />
                                </labels>
                                <control id="cvt_patienticn" classid="{4273EDBD-AC1D-40d3-9FB2-095C621B552D}" datafieldname="cvt_patienticn" disabled="false" />
                              </cell>
                              <cell id="{70070734-e776-8c46-e578-e603e11e3151}" showlabel="false" ordinalvalue="20007">
                                <labels>
                                  <label description="" languagecode="1033" />
                                </labels>
                              </cell>
                            </row>
                          </rows>
                        </section>
                        <section name="tab_vistaimport_section_3" showlabel="false" showbar="false" locklevel="0" id="{795440da-24c1-e0ba-ae19-8e9c5e432e50}" IsUserDefined="0" layout="varwidth" columns="11" labelwidth="115" ordinalvalue="1">
                          <labels>
                            <label description="Section" languagecode="1033" />
                          </labels>
                          <rows>
                            <row>
                              <cell id="{03c40a79-72cd-371b-a276-b064bb03e005}" showlabel="true" locklevel="0" ordinalvalue="10000">
                                <labels>
                                  <label description="Scheduler" languagecode="1033" />
                                </labels>
                                <control id="cvt_scheduleruser" classid="{270BD3DB-D9AF-4782-9025-509E298DEC0A}" datafieldname="cvt_scheduleruser" disabled="false" />
                              </cell>
                              <cell id="{3667b0c3-315c-245b-8c27-da76e4e95e7b}" showlabel="true" locklevel="0" ordinalvalue="20001">
                                <labels>
                                  <label description="Scheduler Name" languagecode="1033" />
                                </labels>
                                <control id="cvt_schedulername" classid="{4273EDBD-AC1D-40d3-9FB2-095C621B552D}" datafieldname="cvt_schedulername" disabled="false" />
                              </cell>
                            </row>
                            <row>
                              <cell id="{0619db10-26b0-a51e-9d67-8c5971237bdd}" showlabel="false" userspacer="true" ordinalvalue="10002">
                                <labels>
                                  <label description="" languagecode="1033" />
                                </labels>
                              </cell>
                              <cell id="{516a91c2-d466-a37a-826c-a5a368e2c07e}" showlabel="true" locklevel="0" ordinalvalue="20003">
                                <labels>
                                  <label description="Scheduler Email" languagecode="1033" />
                                </labels>
                                <control id="cvt_scheduleremail" classid="{4273EDBD-AC1D-40d3-9FB2-095C621B552D}" datafieldname="cvt_scheduleremail" disabled="false" />
                              </cell>
                            </row>
                            <row>
                              <cell id="{bd3e9833-67ee-145d-e129-899a62966935}" showlabel="true" locklevel="0" ordinalvalue="10004">
                                <labels>
                                  <label description="Provider" languagecode="1033" />
                                </labels>
                                <control id="cvt_provider" classid="{270BD3DB-D9AF-4782-9025-509E298DEC0A}" datafieldname="cvt_provider" disabled="false" />
                              </cell>
                              <cell id="{c1c76957-c281-d8ac-7927-000e15ad115b}" showlabel="true" locklevel="0" ordinalvalue="20005">
                                <labels>
                                  <label description="Provider Email" languagecode="1033" />
                                </labels>
                                <control id="cvt_provideremail" classid="{4273EDBD-AC1D-40d3-9FB2-095C621B552D}" datafieldname="cvt_provideremail" disabled="false" />
                              </cell>
                            </row>
                            <row>
                              <cell id="{421942b5-3db5-dca7-ba19-ceadc11a5401}" showlabel="true" locklevel="0" ordinalvalue="10006">
                                <labels>
                                  <label description="TMP Site" languagecode="1033" />
                                </labels>
                                <control id="cvt_tmpsite" classid="{270BD3DB-D9AF-4782-9025-509E298DEC0A}" datafieldname="cvt_tmpsite" disabled="false" />
                              </cell>
                              <cell id="{195bb66b-e9e8-ac77-5931-d6600d27954a}" showlabel="true" locklevel="0" ordinalvalue="20007">
                                <labels>
                                  <label description="Station Number" languagecode="1033" />
                                </labels>
                                <control id="cvt_facilitytext" classid="{4273EDBD-AC1D-40d3-9FB2-095C621B552D}" datafieldname="cvt_facilitytext" disabled="false" />
                              </cell>
                            </row>
                            <row>
                              <cell id="{c07966d1-00ec-80d3-bd7d-b263de3025d3}" showlabel="true" locklevel="0" ordinalvalue="10008">
                                <labels>
                                  <label description="Facility" languagecode="1033" />
                                </labels>
                                <control id="cvt_facility" classid="{270BD3DB-D9AF-4782-9025-509E298DEC0A}" datafieldname="cvt_facility" disabled="false" />
                              </cell>
                              <cell id="{31ea65a4-3417-d776-b3de-244c99641d85}" showlabel="false" ordinalvalue="20009">
                                <labels>
                                  <label description="" languagecode="1033" />
                                </labels>
                              </cell>
                            </row>
                          </rows>
                        </section>
                        <section name="tab_8_section_1" showlabel="false" showbar="false" locklevel="0" id="{05aa24a2-e7d6-0d41-eb6c-35c259bb9584}" IsUserDefined="0" layout="varwidth" columns="11" labelwidth="115" celllabelalignment="Left" celllabelposition="Left" ordinalvalue="2">
                          <labels>
                            <label description="Section" languagecode="1033" />
                          </labels>
                          <rows>
                            <row>
                              <cell id="{26d93853-0107-e3bd-eb14-936099a5db6c}" showlabel="true" locklevel="0" ordinalvalue="10000">
                                <labels>
                                  <label description="Cancel Code" languagecode="1033" />
                                </labels>
                                <control id="cvt_cancelcode" classid="{4273EDBD-AC1D-40d3-9FB2-095C621B552D}" datafieldname="cvt_cancelcode" disabled="false" />
                              </cell>
                              <cell id="{1710168d-69cc-9668-6c3a-8a7381626ebd}" showlabel="true" locklevel="0" ordinalvalue="20001">
                                <labels>
                                  <label description="Cancel Reason" languagecode="1033" />
                                </labels>
                                <control id="cvt_cancelreason" classid="{4273EDBD-AC1D-40d3-9FB2-095C621B552D}" datafieldname="cvt_cancelreason" disabled="false" />
                              </cell>
                            </row>
                          </rows>
                        </section>
                      </sections>
                    </column>
                  </columns>
                </tab>
                <tab name="service" id="{d51a335c-1308-c9bc-7925-30ca8694ac57}" IsUserDefined="0" locklevel="0" showlabel="true" expanded="false" ordinalvalue="7" solutionaction="Added">
                  <labels>
                    <label description="Vista Login" languagecode="1033" />
                  </labels>
                  <columns>
                    <column width="100%" id="0">
                      <sections>
                        <section name="VistaLogin" showlabel="true" showbar="true" locklevel="0" id="{e438e83e-e974-a8db-254e-cce577680dc0}" IsUserDefined="0" layout="varwidth" columns="11" labelwidth="115" celllabelalignment="Left" celllabelposition="Left" ordinalvalue="0">
                          <labels>
                            <label description="Via Login" languagecode="1033" />
                          </labels>
                          <rows>
                            <row>
                              <cell id="{20c14936-0505-31d3-d037-3d93cba83d47}" showlabel="true" locklevel="0" colspan="2" rowspan="3" visible="false" ordinalvalue="10000">
                                <labels>
                                  <label description="SAML Token" languagecode="1033" />
                                </labels>
                                <control id="cvt_samltoken" classid="{E0DECE4B-6FC8-4a8f-A065-082708572369}" datafieldname="cvt_samltoken" disabled="true" />
                              </cell>
                            </row>
                            <row />
                            <row />
                            <row>
                              <cell id="{e06ade62-7820-468c-1c5a-784d0743ceed}" showlabel="true" locklevel="0" visible="false" ordinalvalue="10001">
                                <labels>
                                  <label description="PatUserDuz" languagecode="1033" />
                                </labels>
                                <control id="cvt_patuserduz" classid="{4273EDBD-AC1D-40d3-9FB2-095C621B552D}" datafieldname="cvt_patuserduz" disabled="true" />
                              </cell>
                              <cell id="{8be0775c-26c7-3abd-0546-37c04cb63336}" showlabel="true" locklevel="0" visible="false" ordinalvalue="20002">
                                <labels>
                                  <label description="ProUserDuz" languagecode="1033" />
                                </labels>
                                <control id="cvt_prouserduz" classid="{4273EDBD-AC1D-40d3-9FB2-095C621B552D}" datafieldname="cvt_prouserduz" disabled="true" />
                              </cell>
                            </row>
                            <row>
                              <cell id="{d660ca95-c390-a1c6-0e79-04ea734210d5}" showlabel="false" colspan="2" auto="false" rowspan="12" ordinalvalue="10003">
                                <labels>
                                  <label description="vialogin" languagecode="1033" />
                                </labels>
                                <control id="WebResource_vialogin" classid="{9FDF5F91-88B1-47f4-AD53-C11EFC01A01D}">
                                  <parameters>
                                    <Url>cvt_VIALoginUI.html</Url>
                                    <PassParameters>false</PassParameters>
                                    <ShowOnMobileClient>false</ShowOnMobileClient>
                                    <Security>false</Security>
                                    <Scrolling>auto</Scrolling>
                                    <Border>true</Border>
                                    <WebResourceId>{8133D636-3A2D-E811-80E7-000D3A007BF6}</WebResourceId>
                                  </parameters>
                                </control>
                              </cell>
                            </row>
                            <row />
                            <row />
                            <row />
                            <row />
                            <row />
                            <row />
                            <row />
                            <row />
                            <row />
                            <row />
                            <row />
                          </rows>
                        </section>
                      </sections>
                    </column>
                  </columns>
                </tab>
                <tab name="cerner_tab" id="{5c8a356e-3254-71d7-7bad-07d595b61b6d}" IsUserDefined="0" locklevel="0" showlabel="true" expanded="true" ordinalvalue="8" solutionaction="Added">
                  <labels>
                    <label description="Cerner" languagecode="1033" />
                  </labels>
                  <columns>
                    <column width="50%" id="0">
                      <sections>
                        <section name="cerner_section" showlabel="false" showbar="false" locklevel="0" id="{a776b301-362e-a33d-3748-02a28b687780}" IsUserDefined="0" layout="varwidth" columns="1" labelwidth="130" celllabelalignment="Left" celllabelposition="Left" ordinalvalue="0">
                          <labels>
                            <label description="Cerner" languagecode="1033" />
                          </labels>
                          <rows>
                            <row>
                              <cell id="{12498d9a-4d2c-37b6-d0c4-8a3e250320d0}" showlabel="true" locklevel="0" ordinalvalue="10000">
                                <labels>
                                  <label description="Cerner Appointment ID" languagecode="1033" />
                                </labels>
                                <control id="mcs_cernerappointmentid" classid="{4273EDBD-AC1D-40d3-9FB2-095C621B552D}" datafieldname="mcs_cernerappointmentid" disabled="false" />
                              </cell>
                            </row>
                          </rows>
                        </section>
                      </sections>
                    </column>
                    <column width="50%" id="1">
                      <sections>
                        <section name="tab_9_section_2" showlabel="false" showbar="false" locklevel="0" id="{4663389a-8a3a-0766-a1c4-2b798851a6c4}" IsUserDefined="0" layout="varwidth" columns="1" labelwidth="115" ordinalvalue="0">
                          <labels>
                            <label description="Section" languagecode="1033" />
                          </labels>
                          <rows></rows>
                        </section>
                      </sections>
                    </column>
                  </columns>
                </tab>
                <tab name="Cerner_Tab" id="{2b2c1c74-3142-2dc7-07d8-7998e7ee6062}" IsUserDefined="0" locklevel="0" showlabel="true" expanded="true" ordinalvalue="9" solutionaction="Added">
                  <labels>
                    <label description="Cerner" languagecode="1033" />
                  </labels>
                  <columns>
                    <column width="100%" id="0">
                      <sections>
                        <section name="tab_9_section_1" showlabel="false" showbar="false" locklevel="0" id="{bbb18ead-1a49-eeee-c257-366b6de285bb}" IsUserDefined="0" layout="varwidth" columns="11" labelwidth="145" celllabelalignment="Left" celllabelposition="Left" ordinalvalue="0">
                          <labels>
                            <label description="Section" languagecode="1033" />
                          </labels>
                          <rows>
                            <row>
                              <cell id="{285580c7-90a1-cb07-c1cb-421849e63d4a}" showlabel="true" locklevel="0" ordinalvalue="10000">
                                <labels>
                                  <label description="Cerner Appointment ID" languagecode="1033" />
                                </labels>
                                <control id="mcs_cernerappointmentid" classid="{4273EDBD-AC1D-40d3-9FB2-095C621B552D}" datafieldname="mcs_cernerappointmentid" disabled="false" uniqueid="{852e54c4-b6d6-2788-a538-05b18a1a9c79}" />
                              </cell>
                              <cell id="{9195862e-793a-aed6-3544-a869e1618b3a}" showlabel="false" ordinalvalue="20001">
                                <labels>
                                  <label description="" languagecode="1033" />
                                </labels>
                              </cell>
                            </row>
                          </rows>
                        </section>
                      </sections>
                    </column>
                  </columns>
                </tab>
              </tabs>
              <events>
                <event name="onload" application="true" active="true">
                  <Handlers solutionaction="Added">
                    <Handler functionName="MCS.AppointmentOnLoad.ShowHideCancelRemarks" libraryName="cvt_AppointmentOnLoad.js" handlerUniqueId="{4739462c-908a-aacb-886a-c0372890663b}" enabled="true" parameters="" passExecutionContext="true" ordinalvalue="0" />
                    <Handler functionName="MCS.AppointmentOnLoad.ClearOrganizer" libraryName="cvt_AppointmentOnLoad.js" handlerUniqueId="{39979765-25e3-1e43-8385-2c4d3cd40cb7}" enabled="true" parameters="" passExecutionContext="true" ordinalvalue="1" />
                    <Handler functionName="MCS.AppointmentOnLoad.showMVI" libraryName="cvt_AppointmentOnLoad.js" handlerUniqueId="{003aa20d-785b-a39a-96d4-7a5d3a0631c2}" enabled="true" parameters="" passExecutionContext="true" ordinalvalue="2" />
                    <Handler functionName="MCS.AppointmentOnLoad.loadPatients" libraryName="cvt_AppointmentOnLoad.js" handlerUniqueId="{2632c65d-60be-4b22-3ab0-dd14e718e6b5}" enabled="true" parameters="" passExecutionContext="true" ordinalvalue="3" />
                    <Handler functionName="MCS.VIALogin.Login" libraryName="cvt_ViaLogin.js" handlerUniqueId="{e9cd40be-e359-aa4d-4605-867221d70349}" enabled="true" parameters="" passExecutionContext="true" ordinalvalue="4" />
                    <Handler functionName="MCS.AppointmentOnLoad.SetDefaultReserverResource" libraryName="cvt_AppointmentOnLoad.js" handlerUniqueId="{3903b755-71a9-589b-cdee-4bcb0ac7e7a0}" enabled="true" parameters="" passExecutionContext="true" ordinalvalue="5" />
                  </Handlers>
                </event>
                <event name="onchange" application="false" active="false" attribute="cvt_resourcegroup" solutionaction="Added">
                  <Handlers>
                    <Handler handlerUniqueId="{35371e8e-cb49-bac3-40ea-3593bb76bd27}" functionName="MCS.Appointment.populateSite" libraryName="cvt_AppointmentOnChange" enabled="true" passExecutionContext="true" parameters="" ordinalvalue="0" />
                    <Handler handlerUniqueId="{42220358-81eb-6960-2073-d35a9167d2c4}" functionName="MCS.Appointment.populateResources" libraryName="cvt_AppointmentOnChange" enabled="true" passExecutionContext="true" parameters="" ordinalvalue="1" />
                  </Handlers>
                </event>
                <event name="onchange" application="false" active="false" attribute="optionalattendees" solutionaction="Added">
                  <Handlers>
                    <Handler functionName="MCS.Appointment.blockAddPatient" libraryName="cvt_AppointmentOnChange" handlerUniqueId="{4ec0bcd1-a130-954e-4415-ee568a29d901}" enabled="true" parameters="" passExecutionContext="true" ordinalvalue="0" />
                  </Handlers>
                </event>
                <event name="onchange" application="false" active="false" attribute="cvt_samltoken" solutionaction="Added">
                  <Handlers>
                    <Handler functionName="MCS.VIALogin.Login" libraryName="cvt_ViaLogin.js" handlerUniqueId="{2962ab22-6252-220d-5014-e549ca65c0bd}" enabled="true" parameters="" passExecutionContext="true" ordinalvalue="0" />
                  </Handlers>
                </event>
                <event name="onsave" application="false" active="false" solutionaction="Added">
                  <Handlers>
                    <Handler handlerUniqueId="{b7b186d8-97eb-30e9-75e6-a80e6462e72a}" functionName="MCS.AppointmentOnSave.CheckForActiveVistaLogin" libraryName="cvt_Appointment.OnSave" enabled="true" passExecutionContext="true" parameters="" ordinalvalue="0" />
                  </Handlers>
                </event>
                <event name="onchange" application="false" active="false" attribute="cvt_site" solutionaction="Added">
                  <Handlers>
                    <Handler functionName="MCS.Cerner.SiteCheckForCerner" libraryName="cvt_AppointmentOnChange" handlerUniqueId="{a05bb2dc-943d-0634-862e-054e71d2d683}" enabled="true" parameters="" passExecutionContext="true" ordinalvalue="0" />
                  </Handlers>
                </event>
              </events>
              <clientresources>
                <internalresources>
                  <clientincludes>
                    <internaljscriptfile src="$webresource:Service/Activities/activity.js" solutionaction="Added" />
                  </clientincludes>
                </internalresources>
              </clientresources>
              <DisplayConditions FallbackForm="true" Order="2" solutionaction="Modified" />
              <Navigation solutionaction="Added">
                <NavBar />
                <NavBarAreas>
                  <NavBarArea Id="Info">
                    <Titles>
                      <Title LCID="1033" Text="Common" />
                    </Titles>
                  </NavBarArea>
                  <NavBarArea Id="Sales">
                    <Titles>
                      <Title LCID="1033" Text="Sales" />
                    </Titles>
                  </NavBarArea>
                  <NavBarArea Id="Service">
                    <Titles>
                      <Title LCID="1033" Text="Service" />
                    </Titles>
                  </NavBarArea>
                  <NavBarArea Id="Marketing">
                    <Titles>
                      <Title LCID="1033" Text="Marketing" />
                    </Titles>
                  </NavBarArea>
                  <NavBarArea Id="ProcessCenter">
                    <Titles>
                      <Title LCID="1033" Text="Processes" />
                    </Titles>
                  </NavBarArea>
                </NavBarAreas>
              </Navigation>
              <formLibraries solutionaction="Added">
                <Library name="mcs_CrmRestKit.js" libraryUniqueId="{2bdc2c62-7c51-d817-ac71-239ed6ae1867}" />
                <Library name="cvt_jquery.1.7.1.js" libraryUniqueId="{45d62321-b950-11d9-a620-bc8d4000d203}" />
                <Library name="cvt_CommonFunctions.js" libraryUniqueId="{6de4728d-6938-e362-a9e1-d8aec67e8422}" />
                <Library name="cvt_AppointmentOnLoad.js" libraryUniqueId="{02729513-bbab-b490-766d-65c72166b879}" />
                <Library name="cvt_AppointmentOnChange" libraryUniqueId="{dac1a2e6-2658-d508-00e6-bb2beecce1e7}" />
                <Library name="cvt_AppointmentRibbon.js" libraryUniqueId="{64213c94-66b1-5a5a-e499-2dd570460d18}" />
                <Library name="cvt_Process.js" libraryUniqueId="{2d4c9a67-e697-064a-ad85-a35167a73370}" />
                <Library name="cvt_ViaLogin.js" libraryUniqueId="{d9b23ec8-4ce1-2c60-4949-e71dc7b02ac9}" />
                <Library name="cvt_Appointment.OnSave" libraryUniqueId="{589a164d-bd7b-4ea7-b15e-77e68de411b1}" />
              </formLibraries>
              <controlDescriptions solutionaction="Added" />
            </form>
            <LocalizedNames>
              <LocalizedName description="Information" languagecode="1033" />
            </LocalizedNames>
            <Descriptions>
              <Description description="A form for this entity." languagecode="1033" />
            </Descriptions>
          </systemform>
        </forms>
      </FormXml>
      <RibbonDiffXml>
        <CustomActions>
          <HideCustomAction HideActionId="cvt.Mscrm.Form.appointment.AddConnection.Hide" Location="Mscrm.Form.appointment.AddConnection" />
          <HideCustomAction HideActionId="cvt.Mscrm.Form.appointment.Assign.Hide" Location="Mscrm.Form.appointment.Assign" />
          <HideCustomAction HideActionId="cvt.Mscrm.Form.appointment.CopySelected.Hide" Location="Mscrm.Form.appointment.CopySelected" />
          <HideCustomAction HideActionId="cvt.Mscrm.Form.appointment.FollowButton.Hide" Location="Mscrm.Form.appointment.FollowButton" />
          <HideCustomAction HideActionId="cvt.Mscrm.Form.appointment.Permissions.Grant.Hide" Location="Mscrm.Form.appointment.Permissions.Grant" />
          <HideCustomAction HideActionId="cvt.Mscrm.Form.appointment.Permissions.Hide" Location="Mscrm.Form.appointment.Permissions" />
          <HideCustomAction HideActionId="cvt.Mscrm.Form.appointment.Permissions.Sharing.Hide" Location="Mscrm.Form.appointment.Permissions.Sharing" />
          <HideCustomAction HideActionId="cvt.Mscrm.Form.appointment.UnfollowButton.Hide" Location="Mscrm.Form.appointment.UnfollowButton" />
          <HideCustomAction HideActionId="cvt.Mscrm.Form.appointment.ViewHierarchy.Hide" Location="Mscrm.Form.appointment.ViewHierarchy" />
          <HideCustomAction HideActionId="cvt.Mscrm.HomepageGrid.appointment.AddConnection.Hide" Location="Mscrm.HomepageGrid.appointment.AddConnection" />
          <HideCustomAction HideActionId="cvt.Mscrm.HomepageGrid.appointment.AddConnectionNew.Hide" Location="Mscrm.HomepageGrid.appointment.AddConnectionNew" />
          <HideCustomAction HideActionId="cvt.Mscrm.HomepageGrid.appointment.AddConnectionToMe.Hide" Location="Mscrm.HomepageGrid.appointment.AddConnectionToMe" />
          <HideCustomAction HideActionId="cvt.Mscrm.HomepageGrid.appointment.AddToQueue.Hide" Location="Mscrm.HomepageGrid.appointment.AddToQueue" />
          <HideCustomAction HideActionId="cvt.Mscrm.HomepageGrid.appointment.Assign.Hide" Location="Mscrm.HomepageGrid.appointment.Assign" />
          <HideCustomAction HideActionId="cvt.Mscrm.HomepageGrid.appointment.Copy.Hide" Location="Mscrm.HomepageGrid.appointment.Copy" />
          <HideCustomAction HideActionId="cvt.Mscrm.HomepageGrid.appointment.Detect.Hide" Location="Mscrm.HomepageGrid.appointment.Detect" />
          <HideCustomAction HideActionId="cvt.Mscrm.HomepageGrid.appointment.FollowButton.Hide" Location="Mscrm.HomepageGrid.appointment.FollowButton" />
          <HideCustomAction HideActionId="cvt.Mscrm.HomepageGrid.appointment.Import.Hide" Location="Mscrm.HomepageGrid.appointment.Import" />
          <HideCustomAction HideActionId="cvt.Mscrm.HomepageGrid.appointment.RunReport.Hide" Location="Mscrm.HomepageGrid.appointment.RunReport" />
          <HideCustomAction HideActionId="cvt.Mscrm.HomepageGrid.appointment.SendDirectEmail.Hide" Location="Mscrm.HomepageGrid.appointment.SendDirectEmail" />
          <HideCustomAction HideActionId="cvt.Mscrm.HomepageGrid.appointment.Sharing.Hide" Location="Mscrm.HomepageGrid.appointment.Sharing" />
          <HideCustomAction HideActionId="cvt.Mscrm.HomepageGrid.appointment.UnfollowButton.Hide" Location="Mscrm.HomepageGrid.appointment.UnfollowButton" />
          <HideCustomAction HideActionId="cvt.Mscrm.HomepageGrid.appointment.ViewHierarchy.Hide" Location="Mscrm.HomepageGrid.appointment.ViewHierarchy" />
          <HideCustomAction HideActionId="Mscrm.Form.appointment.AddToQueue.HideAction" Location="Mscrm.Form.appointment.AddToQueue" />
          <HideCustomAction HideActionId="Mscrm.Form.appointment.Close.HideAction" Location="Mscrm.Form.appointment.Close" />
          <HideCustomAction HideActionId="Mscrm.Form.appointment.ConvertTo.HideAction" Location="Mscrm.Form.appointment.ConvertTo" />
          <HideCustomAction HideActionId="Mscrm.Form.appointment.Deactivate.HideAction" Location="Mscrm.Form.appointment.Deactivate" />
          <HideCustomAction HideActionId="Mscrm.Form.appointment.QueueItemDetail.HideAction" Location="Mscrm.Form.appointment.QueueItemDetail" />
          <HideCustomAction HideActionId="Mscrm.Form.appointment.SaveAsComplete.HideAction" Location="Mscrm.Form.appointment.SaveAsComplete" />
          <CustomAction Id="tmp.cvt.appointment.Form.Retry.Button.CustomAction" Location="Mscrm.Form.appointment.MainTab.Save.Controls._children" Sequence="60">
            <CommandUIDefinition>
              <Button Alt="$LocLabels:cvt.appointment.Form.Retry.Button.Alt" Command="Mscrm.FormRetry.Command" Description="Retry Integration" Id="cvt.appointment.Form.Retry.Button" Image32by32="/_imgs/ribbon/RunWorkflow_32.png" Image16by16="/_imgs/ribbon/RunWorkflow_16.png" LabelText="$LocLabels:cvt.appointment.Form.Retry.Button.LabelText" Sequence="60" TemplateAlias="o2" ToolTipTitle="$LocLabels:cvt.appointment.Form.Retry.Button.ToolTipTitle" ToolTipDescription="$LocLabels:cvt.appointment.Form.Retry.Button.ToolTipDescription" />
            </CommandUIDefinition>
          </CustomAction>
          <CustomAction Id="tmp.cvt.appointment.Home.Retry.Button.CustomAction" Location="Mscrm.HomepageGrid.appointment.MainTab.Management.Controls._children" Sequence="70">
            <CommandUIDefinition>
              <Button Alt="$LocLabels:cvt.appointment.Home.Retry.Button.Alt" Command="Mscrm.BRretry.Command" Description="Retry Integration" Id="cvt.appointment.Home.Retry.Button" Image32by32="/_imgs/ribbon/RunWorkflow_32.png" Image16by16="/_imgs/ribbon/RunWorkflow_16.png" LabelText="$LocLabels:cvt.appointment.Home.Retry.Button.LabelText" Sequence="70" TemplateAlias="o3" ToolTipTitle="$LocLabels:cvt.appointment.Home.Retry.Button.ToolTipTitle" ToolTipDescription="$LocLabels:cvt.appointment.Home.Retry.Button.ToolTipDescription" />
            </CommandUIDefinition>
          </CustomAction>
          <CustomAction Id="tmp.cvt.appointment.Subgrid.Retry.Button.CustomAction" Location="Mscrm.SubGrid.appointment.MainTab.Management.Controls._children" Sequence="120">
            <CommandUIDefinition>
              <Button Alt="$LocLabels:cvt.appointment.Subgrid.Retry.Button.Alt" Command="Mscrm.BRretry.Command" Description="Retry Integration" Id="cvt.appointment.Subgrid.Retry.Button" Image32by32="/_imgs/ribbon/StartWorkflow_32.png" Image16by16="/_imgs/ribbon/StartWorkflow_16.png" LabelText="$LocLabels:cvt.appointment.Subgrid.Retry.Button.LabelText" Sequence="120" TemplateAlias="o2" ToolTipTitle="$LocLabels:cvt.appointment.Subgrid.Retry.Button.ToolTipTitle" ToolTipDescription="$LocLabels:cvt.appointment.Subgrid.Retry.Button.ToolTipDescription" />
            </CommandUIDefinition>
          </CustomAction>
          <CustomAction Id="tmp.cvt.Form.appointment.MainTab.Actions.VistaLogin.Button.CustomAction" Location="Mscrm.Form.appointment.MainTab.Actions.Controls._children" Sequence="24">
            <CommandUIDefinition>
              <Button Command="cvt.Form.appointment.MainTab.Actions.VIALogin.Command" Id="cvt.Form.appointment.MainTab.Actions.VistaLogin.Button" Image32by32="$webresource:cvt_login32" Image16by16="$webresource:cvt_login16" LabelText="$LocLabels:cvt.Form.appointment.MainTab.Actions.VistaLogin.Button.LabelText" Sequence="24" TemplateAlias="o1" ToolTipTitle="$LocLabels:cvt.Form.appointment.MainTab.Actions.VistaLogin.Button.ToolTipTitle" ToolTipDescription="$LocLabels:cvt.Form.appointment.MainTab.Actions.VistaLogin.Button.ToolTipDescription" />
            </CommandUIDefinition>
          </CustomAction>
          <CustomAction Id="tmp.cvt_appointment.Form.appointment.MainTab.CloseAppointment.Button.CustomAction" Location="Mscrm.Form.appointment.MainTab.Save.Controls._children" Sequence="80">
            <CommandUIDefinition>
              <Button Command="cvt_appointment.Form.appointment.MainTab.CloseAppointment.Command" Id="cvt_appointment.Form.appointment.MainTab.CloseAppointment.Button" Image32by32="$webresource:cvt_ActivityClose_32.png" Image16by16="$webresource:cvt_ActivityClose_16.png" LabelText="$LocLabels:cvt_appointment.Form.appointment.MainTab.CloseAppointment.Button.LabelText" Sequence="80" TemplateAlias="isv" ToolTipTitle="$LocLabels:cvt_appointment.Form.appointment.MainTab.CloseAppointment.Button.ToolTipTitle" ToolTipDescription="$LocLabels:cvt_appointment.Form.appointment.MainTab.CloseAppointment.Button.ToolTipDescription" />
            </CommandUIDefinition>
          </CustomAction>
        </CustomActions>
        <Templates>
          <RibbonTemplates Id="Mscrm.Templates"></RibbonTemplates>
        </Templates>
        <CommandDefinitions>
          <CommandDefinition Id="cvt.appointment.launchOnDemandWorkflowForm.Command">
            <EnableRules />
            <DisplayRules />
            <Actions>
              <JavaScriptFunction FunctionName="Mscrm.CommandBarActions.launchOnDemandWorkflowForm" Library="/_static/_common/scripts/CommandBarActions.js">
                <CrmParameter Value="SelectedEntityTypeCode" />
                <StringParameter Value="D444C127-C703-40CA-840A-4FDEDB0BF567" />
              </JavaScriptFunction>
            </Actions>
          </CommandDefinition>
          <CommandDefinition Id="cvt.Form.appointment.MainTab.Actions.VIALogin.Command">
            <EnableRules />
            <DisplayRules>
              <DisplayRule Id="cvt_appointment.Form.appointment.MainTab.Save.CustomDeactivate.Command.DisplayRule.FormStateRule" />
              <DisplayRule Id="Mscrm.CanWritePrimary" />
            </DisplayRules>
            <Actions>
              <JavaScriptFunction FunctionName="MCS.VIALogin.LoginButton" Library="$webresource:cvt_vialogin.js" />
            </Actions>
          </CommandDefinition>
          <CommandDefinition Id="cvt_appointment.Form.appointment.MainTab.CloseAppointment.Command">
            <EnableRules>
              <EnableRule Id="cvt_appointment.Form.appointment.MainTab.Save.CustomDeactivate.Command.EnableRule.RecordPrivilegeRule" />
            </EnableRules>
            <DisplayRules>
              <DisplayRule Id="cvt_appointment.Form.appointment.MainTab.Save.CustomDeactivate.Command.DisplayRule.EntityPrivilegeRule" />
              <DisplayRule Id="cvt_appointment.Form.appointment.MainTab.Save.CustomDeactivate.Command.DisplayRule.FormStateRule" />
              <DisplayRule Id="cvt_appointment.Form.appointment.MainTab.Save.CustomDeactivate.Command.DisplayRule.EntityPropertyRule" />
            </DisplayRules>
            <Actions>
              <JavaScriptFunction FunctionName="MCS.AppointmentRibbon.RunCloseAppointmentDialog" Library="$webresource:cvt_AppointmentRibbon.js">
                <CrmParameter Value="PrimaryControl" />
              </JavaScriptFunction>
            </Actions>
          </CommandDefinition>
          <CommandDefinition Id="Mscrm.AddConnectionGrid.Command">
            <EnableRules>
              <EnableRule Id="Mscrm.SelectionCountExactlyOne" />
              <EnableRule Id="Mscrm.VisualizationPaneNotMaximized" />
            </EnableRules>
            <DisplayRules>
              <DisplayRule Id="Mscrm.CreateConnection" />
              <DisplayRule Id="Mscrm.IsConnectionsEnabledSelected" />
              <DisplayRule Id="Mscrm.HideOnCommandBar" />
            </DisplayRules>
            <Actions>
              <JavaScriptFunction FunctionName="Mscrm.GridRibbonActions.addConnection" Library="/_static/_common/scripts/RibbonActions.js">
                <CrmParameter Value="SelectedControlSelectedItemReferences" />
                <BoolParameter Value="false" />
              </JavaScriptFunction>
            </Actions>
          </CommandDefinition>
          <CommandDefinition Id="Mscrm.AddConnectionToMeGrid.Command">
            <EnableRules>
              <EnableRule Id="Mscrm.SelectionCountExactlyOne" />
              <EnableRule Id="Mscrm.VisualizationPaneNotMaximized" />
            </EnableRules>
            <DisplayRules>
              <DisplayRule Id="Mscrm.CreateConnection" />
              <DisplayRule Id="Mscrm.IsConnectionsEnabledSelected" />
            </DisplayRules>
            <Actions>
              <JavaScriptFunction FunctionName="Mscrm.GridRibbonActions.addConnection" Library="/_static/_common/scripts/RibbonActions.js">
                <CrmParameter Value="SelectedControlSelectedItemReferences" />
                <BoolParameter Value="true" />
              </JavaScriptFunction>
            </Actions>
          </CommandDefinition>
          <CommandDefinition Id="Mscrm.BRretry.Command">
            <EnableRules>
              <EnableRule Id="Mscrm.FormStateNotNew" />
              <EnableRule Id="Mscrm.RunWorkflowPrimary" />
            </EnableRules>
            <DisplayRules />
            <Actions>
              <JavaScriptFunction FunctionName="Mscrm.GridRibbonActions.launchOnDemandWorkflow" Library="/_static/_common/scripts/RibbonActions.js">
                <CrmParameter Value="SelectedControl" />
                <CrmParameter Value="SelectedControlSelectedItemReferences" />
                <CrmParameter Value="SelectedEntityTypeCode" />
                <StringParameter Value="D444C127-C703-40CA-840A-4FDEDB0BF567" />
              </JavaScriptFunction>
            </Actions>
          </CommandDefinition>
          <CommandDefinition Id="Mscrm.FormRetry.Command">
            <EnableRules>
              <EnableRule Id="Mscrm.SelectionCountAtLeastOne" />
              <EnableRule Id="Mscrm.RunWorkflowSelected" />
            </EnableRules>
            <DisplayRules />
            <Actions>
              <JavaScriptFunction FunctionName="Mscrm.CommandBarActions.launchOnDemandWorkflowForm" Library="/_static/_common/scripts/CommandBarActions.js">
                <CrmParameter Value="PrimaryEntityTypeCode" />
                <StringParameter Value="D444C127-C703-40CA-840A-4FDEDB0BF567" />
              </JavaScriptFunction>
            </Actions>
          </CommandDefinition>
        </CommandDefinitions>
        <RuleDefinitions>
          <TabDisplayRules />
          <DisplayRules>
            <DisplayRule Id="cvt_appointment.Form.appointment.MainTab.Save.CustomDeactivate.Command.DisplayRule.EntityPrivilegeRule">
              <EntityPrivilegeRule PrivilegeType="Write" PrivilegeDepth="Basic" AppliesTo="PrimaryEntity" />
            </DisplayRule>
            <DisplayRule Id="cvt_appointment.Form.appointment.MainTab.Save.CustomDeactivate.Command.DisplayRule.EntityPropertyRule">
              <EntityPropertyRule AppliesTo="PrimaryEntity" PropertyName="HasStateCode" PropertyValue="true" />
            </DisplayRule>
            <DisplayRule Id="cvt_appointment.Form.appointment.MainTab.Save.CustomDeactivate.Command.DisplayRule.FormStateRule">
              <FormStateRule State="Disabled" InvertResult="true" />
            </DisplayRule>
            <DisplayRule Id="Mscrm.CreateConnection">
              <MiscellaneousPrivilegeRule PrivilegeName="WriteInvoice" Default="false" />
            </DisplayRule>
            <DisplayRule Id="Mscrm.HideOnCommandBar">
              <CommandClientTypeRule Type="Modern" Default="false" />
            </DisplayRule>
            <DisplayRule Id="Mscrm.IsConnectionsEnabledSelected">
              <EntityPropertyRule PropertyName="DuplicateDetectionEnabled" PropertyValue="false" Default="false" />
            </DisplayRule>
          </DisplayRules>
          <EnableRules>
            <EnableRule Id="cvt_appointment.Form.appointment.MainTab.Save.CustomDeactivate.Command.EnableRule.RecordPrivilegeRule">
              <RecordPrivilegeRule PrivilegeType="Write" AppliesTo="PrimaryEntity" />
            </EnableRule>
            <EnableRule Id="Mscrm.RunWorkflowSelected">
              <EntityRule />
            </EnableRule>
            <EnableRule Id="Mscrm.SelectionCountAtLeastOne">
              <FormStateRule State="Existing" />
            </EnableRule>
            <EnableRule Id="Mscrm.SelectionCountExactlyOne">
              <SelectionCountRule AppliesTo="SelectedEntity" Minimum="0" Maximum="0" Default="false" />
            </EnableRule>
            <EnableRule Id="Mscrm.VisualizationPaneNotMaximized">
              <CommandClientTypeRule Type="Modern" Default="false" />
            </EnableRule>
          </EnableRules>
        </RuleDefinitions>
        <LocLabels>
          <LocLabel Id="cvt.appointment.Form.Retry.Button.Alt">
            <Titles>
              <Title description="Retry" languagecode="1033" />
            </Titles>
          </LocLabel>
          <LocLabel Id="cvt.appointment.Form.Retry.Button.LabelText">
            <Titles>
              <Title description="Retry" languagecode="1033" />
            </Titles>
          </LocLabel>
          <LocLabel Id="cvt.appointment.Form.Retry.Button.ToolTipDescription">
            <Titles>
              <Title description="Retry Integration " languagecode="1033" />
            </Titles>
          </LocLabel>
          <LocLabel Id="cvt.appointment.Form.Retry.Button.ToolTipTitle">
            <Titles>
              <Title description="Retry" languagecode="1033" />
            </Titles>
          </LocLabel>
          <LocLabel Id="cvt.appointment.Home.Retry.Button.Alt">
            <Titles>
              <Title description="Retry" languagecode="1033" />
            </Titles>
          </LocLabel>
          <LocLabel Id="cvt.appointment.Home.Retry.Button.LabelText">
            <Titles>
              <Title description="Retry" languagecode="1033" />
            </Titles>
          </LocLabel>
          <LocLabel Id="cvt.appointment.Home.Retry.Button.ToolTipDescription">
            <Titles>
              <Title description="Retry Integration" languagecode="1033" />
            </Titles>
          </LocLabel>
          <LocLabel Id="cvt.appointment.Home.Retry.Button.ToolTipTitle">
            <Titles>
              <Title description="Retry" languagecode="1033" />
            </Titles>
          </LocLabel>
          <LocLabel Id="cvt.appointment.Subgrid.Retry.Button.Alt">
            <Titles>
              <Title description="Retry" languagecode="1033" />
            </Titles>
          </LocLabel>
          <LocLabel Id="cvt.appointment.Subgrid.Retry.Button.LabelText">
            <Titles>
              <Title description="Retry" languagecode="1033" />
            </Titles>
          </LocLabel>
          <LocLabel Id="cvt.appointment.Subgrid.Retry.Button.ToolTipDescription">
            <Titles>
              <Title description="Retry Integration" languagecode="1033" />
            </Titles>
          </LocLabel>
          <LocLabel Id="cvt.appointment.Subgrid.Retry.Button.ToolTipTitle">
            <Titles>
              <Title description="Retry" languagecode="1033" />
            </Titles>
          </LocLabel>
          <LocLabel Id="cvt.Form.appointment.MainTab.Actions.VistaLogin.Button.LabelText">
            <Titles>
              <Title description="Vista Login" languagecode="1033" />
            </Titles>
          </LocLabel>
          <LocLabel Id="cvt.Form.appointment.MainTab.Actions.VistaLogin.Button.ToolTipDescription">
            <Titles>
              <Title description="Login to Vista: use when initial login fails. 1. Retrieve SAML Token with PIV 2. Login into Vista" languagecode="1033" />
            </Titles>
          </LocLabel>
          <LocLabel Id="cvt.Form.appointment.MainTab.Actions.VistaLogin.Button.ToolTipTitle">
            <Titles>
              <Title description="Login To Vista" languagecode="1033" />
            </Titles>
          </LocLabel>
          <LocLabel Id="cvt_appointment.Form.appointment.MainTab.CloseAppointment.Button.LabelText">
            <Titles>
              <Title description="Close Appointment" languagecode="1033" />
            </Titles>
          </LocLabel>
          <LocLabel Id="cvt_appointment.Form.appointment.MainTab.CloseAppointment.Button.ToolTipDescription">
            <Titles>
              <Title description="Close Appointment" languagecode="1033" />
            </Titles>
          </LocLabel>
          <LocLabel Id="cvt_appointment.Form.appointment.MainTab.CloseAppointment.Button.ToolTipTitle">
            <Titles>
              <Title description="Close Appointment" languagecode="1033" />
            </Titles>
          </LocLabel>
        </LocLabels>
      </RibbonDiffXml>
      <CustomControlDefaultConfigs>
        <CustomControlDefaultConfig>
          <ControlDescriptionXML><controlDescriptions><controlDescription><customControl id="{E7A81278-8635-4d9e-8D4D-59480B391C5B}" formFactor="2"><parameters /></customControl><customControl formFactor="0" name="MscrmControls.ActivityCalendarControl.ActivityCalendarControl"><parameters><data-set name="Calendar"><StartDate>scheduledstart</StartDate><Description>subject</Description><EndDate>scheduledend</EndDate><Duration>scheduleddurationminutes</Duration></data-set></parameters></customControl><customControl formFactor="1" name="MscrmControls.ActivityCalendarControl.ActivityCalendarControl"><parameters><data-set name="Calendar"><StartDate>scheduledstart</StartDate><Description>subject</Description><EndDate>scheduledend</EndDate><Duration>scheduleddurationminutes</Duration></data-set></parameters></customControl></controlDescription></controlDescriptions></ControlDescriptionXML>
          <IntroducedVersion>5.0</IntroducedVersion>
        </CustomControlDefaultConfig>
      </CustomControlDefaultConfigs>
    </Entity>
  </Entities>
  <Roles></Roles>
  <Workflows></Workflows>
  <FieldSecurityProfiles></FieldSecurityProfiles>
  <Templates />
  <EntityMaps>
    <EntityMap>
      <EntitySource>serviceappointment</EntitySource>
      <EntityTarget>appointment</EntityTarget>
      <AttributeMaps>
        <AttributeMap>
          <AttributeSource>description</AttributeSource>
          <AttributeTarget>description</AttributeTarget>
        </AttributeMap>
        <AttributeMap>
          <AttributeSource>scheduleddurationminutes</AttributeSource>
          <AttributeTarget>scheduleddurationminutes</AttributeTarget>
        </AttributeMap>
        <AttributeMap>
          <AttributeSource>scheduledend</AttributeSource>
          <AttributeTarget>scheduledend</AttributeTarget>
        </AttributeMap>
        <AttributeMap>
          <AttributeSource>scheduledstart</AttributeSource>
          <AttributeTarget>scheduledstart</AttributeTarget>
        </AttributeMap>
        <AttributeMap>
          <AttributeSource>subject</AttributeSource>
          <AttributeTarget>subject</AttributeTarget>
        </AttributeMap>
      </AttributeMaps>
    </EntityMap>
  </EntityMaps>
  <EntityRelationships />
  <OrganizationSettings />
  <optionsets />
  <WebResources>
    <WebResource>
      <WebResourceId>{43037ff0-d948-e411-b740-00155d006607}</WebResourceId>
      <Name>cvt_AppointmentOnLoad.js</Name>
      <DisplayName>Appointment OnLoad</DisplayName>
      <WebResourceType>3</WebResourceType>
      <IntroducedVersion>1.0</IntroducedVersion>
      <IsEnabledForMobileClient>0</IsEnabledForMobileClient>
      <IsAvailableForMobileOffline>0</IsAvailableForMobileOffline>
      <DependencyXml>&lt;Dependencies&gt;&lt;Dependency componentType="WebResource"/&gt;&lt;/Dependencies&gt;</DependencyXml>
      <IsCustomizable>1</IsCustomizable>
      <CanBeDeleted>1</CanBeDeleted>
      <IsHidden>0</IsHidden>
      <FileName>/WebResources/cvt_AppointmentOnLoadjs43037FF0-D948-E411-B740-00155D006607</FileName>
    </WebResource>
  </WebResources>
  <CustomControls />
  <EntityDataProviders />
  <Languages>
    <Language>1033</Language>
  </Languages>
</ImportExportXml>