<ImportExportXml xmlns:xsi="http://www.w3.org/2001/XMLSchema-instance">
  <Entities>
    <Entity>
      <Name LocalizedName="Reserve Resource" OriginalName="Appointment">Appointment</Name>
      <RibbonDiffXml>
        <CustomActions>
          <HideCustomAction HideActionId="cvt.Mscrm.Form.appointment.AddConnection.Hide" Location="Mscrm.Form.appointment.AddConnection" />
          <HideCustomAction HideActionId="cvt.Mscrm.Form.appointment.Assign.Hide" Location="Mscrm.Form.appointment.Assign" />
          <HideCustomAction HideActionId="cvt.Mscrm.Form.appointment.CopySelected.Hide" Location="Mscrm.Form.appointment.CopySelected" />
          <HideCustomAction HideActionId="cvt.Mscrm.Form.appointment.FollowButton.Hide" Location="Mscrm.Form.appointment.FollowButton" />
          <HideCustomAction HideActionId="cvt.Mscrm.Form.appointment.Permissions.Grant.Hide" Location="Mscrm.Form.appointment.Permissions.Grant" />
          <HideCustomAction HideActionId="cvt.Mscrm.Form.appointment.Permissions.Hide" Location="Mscrm.Form.appointment.Permissions" />
          <HideCustomAction HideActionId="cvt.Mscrm.Form.appointment.Permissions.Sharing.Hide" Location="Mscrm.Form.appointment.Permissions.Sharing" />
          <HideCustomAction HideActionId="cvt.Mscrm.Form.appointment.UnfollowButton.Hide" Location="Mscrm.Form.appointment.UnfollowButton" />
          <HideCustomAction HideActionId="cvt.Mscrm.Form.appointment.ViewHierarchy.Hide" Location="Mscrm.Form.appointment.ViewHierarchy" />
          <HideCustomAction HideActionId="cvt.Mscrm.HomepageGrid.appointment.AddConnection.Hide" Location="Mscrm.HomepageGrid.appointment.AddConnection" />
          <HideCustomAction HideActionId="cvt.Mscrm.HomepageGrid.appointment.AddConnectionNew.Hide" Location="Mscrm.HomepageGrid.appointment.AddConnectionNew" />
          <HideCustomAction HideActionId="cvt.Mscrm.HomepageGrid.appointment.AddConnectionToMe.Hide" Location="Mscrm.HomepageGrid.appointment.AddConnectionToMe" />
          <HideCustomAction HideActionId="cvt.Mscrm.HomepageGrid.appointment.AddToQueue.Hide" Location="Mscrm.HomepageGrid.appointment.AddToQueue" />
          <HideCustomAction HideActionId="cvt.Mscrm.HomepageGrid.appointment.Assign.Hide" Location="Mscrm.HomepageGrid.appointment.Assign" />
          <HideCustomAction HideActionId="cvt.Mscrm.HomepageGrid.appointment.Copy.Hide" Location="Mscrm.HomepageGrid.appointment.Copy" />
          <HideCustomAction HideActionId="cvt.Mscrm.HomepageGrid.appointment.Detect.Hide" Location="Mscrm.HomepageGrid.appointment.Detect" />
          <HideCustomAction HideActionId="cvt.Mscrm.HomepageGrid.appointment.FollowButton.Hide" Location="Mscrm.HomepageGrid.appointment.FollowButton" />
          <HideCustomAction HideActionId="cvt.Mscrm.HomepageGrid.appointment.Import.Hide" Location="Mscrm.HomepageGrid.appointment.Import" />
          <HideCustomAction HideActionId="cvt.Mscrm.HomepageGrid.appointment.RunReport.Hide" Location="Mscrm.HomepageGrid.appointment.RunReport" />
          <HideCustomAction HideActionId="cvt.Mscrm.HomepageGrid.appointment.SendDirectEmail.Hide" Location="Mscrm.HomepageGrid.appointment.SendDirectEmail" />
          <HideCustomAction HideActionId="cvt.Mscrm.HomepageGrid.appointment.Sharing.Hide" Location="Mscrm.HomepageGrid.appointment.Sharing" />
          <HideCustomAction HideActionId="cvt.Mscrm.HomepageGrid.appointment.UnfollowButton.Hide" Location="Mscrm.HomepageGrid.appointment.UnfollowButton" />
          <HideCustomAction HideActionId="cvt.Mscrm.HomepageGrid.appointment.ViewHierarchy.Hide" Location="Mscrm.HomepageGrid.appointment.ViewHierarchy" />
          <HideCustomAction HideActionId="Mscrm.Form.appointment.AddToQueue.HideAction" Location="Mscrm.Form.appointment.AddToQueue" />
          <HideCustomAction HideActionId="Mscrm.Form.appointment.Close.HideAction" Location="Mscrm.Form.appointment.Close" />
          <HideCustomAction HideActionId="Mscrm.Form.appointment.ConvertTo.HideAction" Location="Mscrm.Form.appointment.ConvertTo" />
          <HideCustomAction HideActionId="Mscrm.Form.appointment.Deactivate.HideAction" Location="Mscrm.Form.appointment.Deactivate" />
          <HideCustomAction HideActionId="Mscrm.Form.appointment.QueueItemDetail.HideAction" Location="Mscrm.Form.appointment.QueueItemDetail" />
          <HideCustomAction HideActionId="Mscrm.Form.appointment.SaveAsComplete.HideAction" Location="Mscrm.Form.appointment.SaveAsComplete" />
          <CustomAction Id="tmp.appointment.Button5.Button.CustomAction" Location="Mscrm.Form.appointment.MainTab.Save.Controls._children" Sequence="43">
            <CommandUIDefinition>
              <Button Alt="$LocLabels:tmp.appointment.Button5.Button.Alt" Command=" &lt;https://dvagov-tmp-dev2.crm9.dynamics.com/sfa/workflow/edit.aspx?id=%7b87DA1F2A-6FE7-420D-A3FF-9E1C8BD4A4AF%7d" Id="tmp.appointment.Button5.Button" LabelText="$LocLabels:tmp.appointment.Button5.Button.LabelText" Sequence="43" TemplateAlias="o2" ToolTipTitle="$LocLabels:tmp.appointment.Button5.Button.ToolTipTitle" ToolTipDescription="$LocLabels:tmp.appointment.Button5.Button.ToolTipDescription" />
            </CommandUIDefinition>
          </CustomAction>
          <CustomAction Id="tmp.cvt.appointment.Button1.Button.CustomAction" Location="Mscrm.HomepageGrid.appointment.MainTab.Management.Controls._children" Sequence="70">
            <CommandUIDefinition>
              <Button Alt="$LocLabels:cvt.appointment.Button1.Button.Alt" Command="Mscrm.BRretry" Description="Retry Integration" Id="cvt.appointment.Button1.Button" Image32by32="/_imgs/ribbon/RunWorkflow_32.png" Image16by16="/_imgs/ribbon/RunWorkflow_16.png" LabelText="$LocLabels:cvt.appointment.Button1.Button.LabelText" Sequence="70" TemplateAlias="o3" ToolTipTitle="$LocLabels:cvt.appointment.Button1.Button.ToolTipTitle" ToolTipDescription="$LocLabels:cvt.appointment.Button1.Button.ToolTipDescription" />
            </CommandUIDefinition>
          </CustomAction>
          <CustomAction Id="tmp.cvt.appointment.Button2.Button.CustomAction" Location="Mscrm.Form.appointment.MainTab.Save.Controls._children" Sequence="60">
            <CommandUIDefinition>
              <Button Alt="$LocLabels:cvt.appointment.Button2.Button.Alt" Command="Mscrm.FormRetry" Description="Retry Integration" Id="cvt.appointment.Button2.Button" Image32by32="/_imgs/ribbon/RunWorkflow_32.png" Image16by16="/_imgs/ribbon/RunWorkflow_16.png" LabelText="$LocLabels:cvt.appointment.Button2.Button.LabelText" Sequence="60" TemplateAlias="o2" ToolTipTitle="$LocLabels:cvt.appointment.Button2.Button.ToolTipTitle" ToolTipDescription="$LocLabels:cvt.appointment.Button2.Button.ToolTipDescription" />
            </CommandUIDefinition>
          </CustomAction>
          <CustomAction Id="tmp.cvt.appointment.Button3.Button.CustomAction" Location="Mscrm.SubGrid.appointment.MainTab.Management.Controls._children" Sequence="120">
            <CommandUIDefinition>
              <Button Alt="$LocLabels:cvt.appointment.Button3.Button.Alt" Command="Mscrm.BRretry" Description="Retry Integration" Id="cvt.appointment.Button3.Button" Image32by32="/_imgs/ribbon/StartWorkflow_32.png" Image16by16="/_imgs/ribbon/StartWorkflow_16.png" LabelText="$LocLabels:cvt.appointment.Button3.Button.LabelText" Sequence="120" TemplateAlias="o2" ToolTipTitle="$LocLabels:cvt.appointment.Button3.Button.ToolTipTitle" ToolTipDescription="$LocLabels:cvt.appointment.Button3.Button.ToolTipDescription" />
            </CommandUIDefinition>
          </CustomAction>
          <CustomAction Id="tmp.cvt.Form.appointment.MainTab.Actions.Login.Button.CustomAction" Location="Mscrm.Form.appointment.MainTab.Actions.Controls._children" Sequence="24">
            <CommandUIDefinition>
              <Button Command="cvt.Form.appointment.MainTab.Actions.Login.Command" Id="cvt.Form.appointment.MainTab.Actions.Login.Button" Image32by32="$webresource:cvt_login32" Image16by16="$webresource:cvt_login16" LabelText="$LocLabels:cvt.Form.appointment.MainTab.Actions.Login.Button.LabelText" Sequence="24" TemplateAlias="o1" ToolTipTitle="$LocLabels:cvt.Form.appointment.MainTab.Actions.Login.Button.ToolTipTitle" ToolTipDescription="$LocLabels:cvt.Form.appointment.MainTab.Actions.Login.Button.ToolTipDescription" />
            </CommandUIDefinition>
          </CustomAction>
          <CustomAction Id="tmp.cvt_appointment.Form.appointment.MainTab.Save.CustomDeactivate.CustomAction" Location="Mscrm.Form.appointment.MainTab.Save.Controls._children" Sequence="80">
            <CommandUIDefinition>
              <Button Command="cvt_appointment.Form.appointment.MainTab.Save.CustomDeactivate.Command" Id="cvt_appointment.Form.appointment.MainTab.Save.CustomDeactivate" Image32by32="$webresource:cvt_ActivityClose_32.png" Image16by16="$webresource:cvt_ActivityClose_16.png" LabelText="$LocLabels:cvt_appointment.Form.appointment.MainTab.Save.CustomDeactivate.LabelText" Sequence="80" TemplateAlias="isv" ToolTipTitle="$LocLabels:cvt_appointment.Form.appointment.MainTab.Save.CustomDeactivate.ToolTipTitle" ToolTipDescription="$LocLabels:cvt_appointment.Form.appointment.MainTab.Save.CustomDeactivate.ToolTipDescription" />
            </CommandUIDefinition>
          </CustomAction>
        </CustomActions>
        <Templates>
          <RibbonTemplates Id="Mscrm.Templates"></RibbonTemplates>
        </Templates>
        <CommandDefinitions>
          <CommandDefinition Id="cvt.appointment.Command2.Command">
            <EnableRules />
            <DisplayRules />
            <Actions>
              <JavaScriptFunction FunctionName="Mscrm.CommandBarActions.launchOnDemandWorkflowForm" Library="/_static/_common/scripts/CommandBarActions.js">
                <CrmParameter Value="SelectedEntityTypeCode" />
                <StringParameter Value="D444C127-C703-40CA-840A-4FDEDB0BF567" />
              </JavaScriptFunction>
            </Actions>
          </CommandDefinition>
          <CommandDefinition Id="cvt.Form.appointment.MainTab.Actions.Login.Command">
            <EnableRules />
            <DisplayRules>
              <DisplayRule Id="cvt_appointment.Form.appointment.MainTab.Save.CustomDeactivate.Command.DisplayRule.FormStateRule" />
              <DisplayRule Id="Mscrm.CanWritePrimary" />
            </DisplayRules>
            <Actions>
              <JavaScriptFunction FunctionName="MCS.VIALogin.LoginButton" Library="$webresource:cvt_vialogin.js" />
            </Actions>
          </CommandDefinition>
          <CommandDefinition Id="cvt_appointment.Form.appointment.MainTab.Save.CustomDeactivate.Command">
            <EnableRules>
              <EnableRule Id="cvt_appointment.Form.appointment.MainTab.Save.CustomDeactivate.Command.EnableRule.RecordPrivilegeRule" />
            </EnableRules>
            <DisplayRules>
              <DisplayRule Id="cvt_appointment.Form.appointment.MainTab.Save.CustomDeactivate.Command.DisplayRule.EntityPrivilegeRule" />
              <DisplayRule Id="cvt_appointment.Form.appointment.MainTab.Save.CustomDeactivate.Command.DisplayRule.FormStateRule" />
              <DisplayRule Id="cvt_appointment.Form.appointment.MainTab.Save.CustomDeactivate.Command.DisplayRule.EntityPropertyRule" />
            </DisplayRules>
            <Actions>
              <JavaScriptFunction FunctionName="MCS.AppointmentRibbon.RunCloseAppointmentDialog" Library="$webresource:cvt_AppointmentRibbon.js">
                <CrmParameter Value="PrimaryControl" />
              </JavaScriptFunction>
            </Actions>
          </CommandDefinition>
          <CommandDefinition Id="Mscrm.AddConnectionGrid">
            <EnableRules>
              <EnableRule Id="Mscrm.SelectionCountExactlyOne" />
              <EnableRule Id="Mscrm.VisualizationPaneNotMaximized" />
            </EnableRules>
            <DisplayRules>
              <DisplayRule Id="Mscrm.CreateConnection" />
              <DisplayRule Id="Mscrm.IsConnectionsEnabledSelected" />
              <DisplayRule Id="Mscrm.HideOnCommandBar" />
            </DisplayRules>
            <Actions>
              <JavaScriptFunction FunctionName="Mscrm.GridRibbonActions.addConnection" Library="/_static/_common/scripts/RibbonActions.js">
                <CrmParameter Value="SelectedControlSelectedItemReferences" />
                <BoolParameter Value="false" />
              </JavaScriptFunction>
            </Actions>
          </CommandDefinition>
          <CommandDefinition Id="Mscrm.AddConnectionToMeGrid">
            <EnableRules>
              <EnableRule Id="Mscrm.SelectionCountExactlyOne" />
              <EnableRule Id="Mscrm.VisualizationPaneNotMaximized" />
            </EnableRules>
            <DisplayRules>
              <DisplayRule Id="Mscrm.CreateConnection" />
              <DisplayRule Id="Mscrm.IsConnectionsEnabledSelected" />
            </DisplayRules>
            <Actions>
              <JavaScriptFunction FunctionName="Mscrm.GridRibbonActions.addConnection" Library="/_static/_common/scripts/RibbonActions.js">
                <CrmParameter Value="SelectedControlSelectedItemReferences" />
                <BoolParameter Value="true" />
              </JavaScriptFunction>
            </Actions>
          </CommandDefinition>
          <CommandDefinition Id="Mscrm.BRretry">
            <EnableRules>
              <EnableRule Id="Mscrm.FormStateNotNew" />
              <EnableRule Id="Mscrm.RunWorkflowPrimary" />
            </EnableRules>
            <DisplayRules />
            <Actions>
              <JavaScriptFunction FunctionName="Mscrm.GridRibbonActions.launchOnDemandWorkflow" Library="/_static/_common/scripts/RibbonActions.js">
                <CrmParameter Value="SelectedControl" />
                <CrmParameter Value="SelectedControlSelectedItemReferences" />
                <CrmParameter Value="SelectedEntityTypeCode" />
                <StringParameter Value="D444C127-C703-40CA-840A-4FDEDB0BF567" />
              </JavaScriptFunction>
            </Actions>
          </CommandDefinition>
          <CommandDefinition Id="Mscrm.FormRetry">
            <EnableRules>
              <EnableRule Id="Mscrm.SelectionCountAtLeastOne" />
              <EnableRule Id="Mscrm.RunWorkflowSelected" />
            </EnableRules>
            <DisplayRules />
            <Actions>
              <JavaScriptFunction FunctionName="Mscrm.CommandBarActions.launchOnDemandWorkflowForm" Library="/_static/_common/scripts/CommandBarActions.js">
                <CrmParameter Value="PrimaryEntityTypeCode" />
                <StringParameter Value="D444C127-C703-40CA-840A-4FDEDB0BF567" />
              </JavaScriptFunction>
            </Actions>
          </CommandDefinition>
        </CommandDefinitions>
        <RuleDefinitions>
          <TabDisplayRules />
          <DisplayRules>
            <DisplayRule Id="cvt_appointment.Form.appointment.MainTab.Save.CustomDeactivate.Command.DisplayRule.EntityPrivilegeRule">
              <EntityPrivilegeRule PrivilegeType="Write" PrivilegeDepth="Basic" AppliesTo="PrimaryEntity" />
            </DisplayRule>
            <DisplayRule Id="cvt_appointment.Form.appointment.MainTab.Save.CustomDeactivate.Command.DisplayRule.EntityPropertyRule">
              <EntityPropertyRule AppliesTo="PrimaryEntity" PropertyName="HasStateCode" PropertyValue="true" />
            </DisplayRule>
            <DisplayRule Id="cvt_appointment.Form.appointment.MainTab.Save.CustomDeactivate.Command.DisplayRule.FormStateRule">
              <FormStateRule State="Disabled" InvertResult="true" />
            </DisplayRule>
            <DisplayRule Id="Mscrm.CreateConnection">
              <MiscellaneousPrivilegeRule PrivilegeName="WriteInvoice" Default="false" />
            </DisplayRule>
            <DisplayRule Id="Mscrm.HideOnCommandBar">
              <CommandClientTypeRule Type="Modern" Default="false" />
            </DisplayRule>
            <DisplayRule Id="Mscrm.IsConnectionsEnabledSelected">
              <EntityPropertyRule PropertyName="DuplicateDetectionEnabled" PropertyValue="false" Default="false" />
            </DisplayRule>
          </DisplayRules>
          <EnableRules>
            <EnableRule Id="cvt_appointment.Form.appointment.MainTab.Save.CustomDeactivate.Command.EnableRule.RecordPrivilegeRule">
              <RecordPrivilegeRule PrivilegeType="Write" AppliesTo="PrimaryEntity" />
            </EnableRule>
            <EnableRule Id="Mscrm.RunWorkflowSelected">
              <EntityRule />
            </EnableRule>
            <EnableRule Id="Mscrm.SelectionCountAtLeastOne">
              <FormStateRule State="Existing" />
            </EnableRule>
            <EnableRule Id="Mscrm.SelectionCountExactlyOne">
              <SelectionCountRule AppliesTo="SelectedEntity" Minimum="0" Maximum="0" Default="false" />
            </EnableRule>
            <EnableRule Id="Mscrm.VisualizationPaneNotMaximized">
              <CommandClientTypeRule Type="Modern" Default="false" />
            </EnableRule>
          </EnableRules>
        </RuleDefinitions>
        <LocLabels>
          <LocLabel Id="cvt.appointment.Button1.Button.Alt">
            <Titles>
              <Title description="Retry" languagecode="1033" />
            </Titles>
          </LocLabel>
          <LocLabel Id="cvt.appointment.Button1.Button.LabelText">
            <Titles>
              <Title description="Retry" languagecode="1033" />
            </Titles>
          </LocLabel>
          <LocLabel Id="cvt.appointment.Button1.Button.ToolTipDescription">
            <Titles>
              <Title description="Retry Integration" languagecode="1033" />
            </Titles>
          </LocLabel>
          <LocLabel Id="cvt.appointment.Button1.Button.ToolTipTitle">
            <Titles>
              <Title description="Retry" languagecode="1033" />
            </Titles>
          </LocLabel>
          <LocLabel Id="cvt.appointment.Button2.Button.Alt">
            <Titles>
              <Title description="Retry" languagecode="1033" />
            </Titles>
          </LocLabel>
          <LocLabel Id="cvt.appointment.Button2.Button.LabelText">
            <Titles>
              <Title description="Retry" languagecode="1033" />
            </Titles>
          </LocLabel>
          <LocLabel Id="cvt.appointment.Button2.Button.ToolTipDescription">
            <Titles>
              <Title description="Retry Integration " languagecode="1033" />
            </Titles>
          </LocLabel>
          <LocLabel Id="cvt.appointment.Button2.Button.ToolTipTitle">
            <Titles>
              <Title description="Retry" languagecode="1033" />
            </Titles>
          </LocLabel>
          <LocLabel Id="cvt.appointment.Button3.Button.Alt">
            <Titles>
              <Title description="Retry" languagecode="1033" />
            </Titles>
          </LocLabel>
          <LocLabel Id="cvt.appointment.Button3.Button.LabelText">
            <Titles>
              <Title description="Retry" languagecode="1033" />
            </Titles>
          </LocLabel>
          <LocLabel Id="cvt.appointment.Button3.Button.ToolTipDescription">
            <Titles>
              <Title description="Retry Integration" languagecode="1033" />
            </Titles>
          </LocLabel>
          <LocLabel Id="cvt.appointment.Button3.Button.ToolTipTitle">
            <Titles>
              <Title description="Retry" languagecode="1033" />
            </Titles>
          </LocLabel>
          <LocLabel Id="cvt.Form.appointment.MainTab.Actions.Login.Button.LabelText">
            <Titles>
              <Title description="Vista Login" languagecode="1033" />
            </Titles>
          </LocLabel>
          <LocLabel Id="cvt.Form.appointment.MainTab.Actions.Login.Button.ToolTipDescription">
            <Titles>
              <Title description="Login to Vista: use when initial login fails. 1. Retrieve SAML Token with PIV 2. Login into Vista" languagecode="1033" />
            </Titles>
          </LocLabel>
          <LocLabel Id="cvt.Form.appointment.MainTab.Actions.Login.Button.ToolTipTitle">
            <Titles>
              <Title description="Login To Vista" languagecode="1033" />
            </Titles>
          </LocLabel>
          <LocLabel Id="cvt_appointment.Form.appointment.MainTab.Save.CustomDeactivate.LabelText">
            <Titles>
              <Title description="Close Appointment" languagecode="1033" />
            </Titles>
          </LocLabel>
          <LocLabel Id="cvt_appointment.Form.appointment.MainTab.Save.CustomDeactivate.ToolTipDescription">
            <Titles>
              <Title description="Close Appointment" languagecode="1033" />
            </Titles>
          </LocLabel>
          <LocLabel Id="cvt_appointment.Form.appointment.MainTab.Save.CustomDeactivate.ToolTipTitle">
            <Titles>
              <Title description="Close Appointment" languagecode="1033" />
            </Titles>
          </LocLabel>
          <LocLabel Id="tmp.appointment.Button5.Button.Alt">
            <Titles>
              <Title description="Change status" languagecode="1033" />
            </Titles>
          </LocLabel>
          <LocLabel Id="tmp.appointment.Button5.Button.LabelText">
            <Titles>
              <Title description="Change status" languagecode="1033" />
            </Titles>
          </LocLabel>
          <LocLabel Id="tmp.appointment.Button5.Button.ToolTipDescription">
            <Titles>
              <Title description="Change status" languagecode="1033" />
            </Titles>
          </LocLabel>
          <LocLabel Id="tmp.appointment.Button5.Button.ToolTipTitle">
            <Titles>
              <Title description="Change status" languagecode="1033" />
            </Titles>
          </LocLabel>
        </LocLabels>
      </RibbonDiffXml>
      <CustomControlDefaultConfigs>
        <CustomControlDefaultConfig>
          <ControlDescriptionXML><controlDescriptions><controlDescription><customControl id="{E7A81278-8635-4d9e-8D4D-59480B391C5B}" formFactor="2"><parameters /></customControl><customControl formFactor="0" name="MscrmControls.ActivityCalendarControl.ActivityCalendarControl"><parameters><data-set name="Calendar"><StartDate>scheduledstart</StartDate><Description>subject</Description><EndDate>scheduledend</EndDate><Duration>scheduleddurationminutes</Duration></data-set></parameters></customControl><customControl formFactor="1" name="MscrmControls.ActivityCalendarControl.ActivityCalendarControl"><parameters><data-set name="Calendar"><StartDate>scheduledstart</StartDate><Description>subject</Description><EndDate>scheduledend</EndDate><Duration>scheduleddurationminutes</Duration></data-set></parameters></customControl></controlDescription></controlDescriptions></ControlDescriptionXML>
          <IntroducedVersion>5.0</IntroducedVersion>
        </CustomControlDefaultConfig>
      </CustomControlDefaultConfigs>
    </Entity>
    <Entity>
      <Name LocalizedName="Integration Result" OriginalName="Integration Result">mcs_integrationresult</Name>
      <EntityInfo>
        <entity Name="mcs_integrationresult">
          <attributes>
            <attribute PhysicalName="mcs_status">
              <Type>picklist</Type>
              <Name>mcs_status</Name>
              <LogicalName>mcs_status</LogicalName>
              <RequiredLevel>none</RequiredLevel>
              <DisplayMask>ValidForAdvancedFind|ValidForForm|ValidForGrid</DisplayMask>
              <ImeMode>auto</ImeMode>
              <ValidForUpdateApi>1</ValidForUpdateApi>
              <ValidForReadApi>1</ValidForReadApi>
              <ValidForCreateApi>1</ValidForCreateApi>
              <IsCustomField>1</IsCustomField>
              <IsAuditEnabled>1</IsAuditEnabled>
              <IsSecured>0</IsSecured>
              <IntroducedVersion>2016.5.4.1</IntroducedVersion>
              <SourceType>0</SourceType>
              <IsGlobalFilterEnabled>0</IsGlobalFilterEnabled>
              <IsSortableEnabled>0</IsSortableEnabled>
              <IsDataSourceSecret>0</IsDataSourceSecret>
              <AutoNumberFormat></AutoNumberFormat>
              <IsSearchable>0</IsSearchable>
              <IsFilterable>0</IsFilterable>
              <IsRetrievable>0</IsRetrievable>
              <IsLocalizable>0</IsLocalizable>
              <AppDefaultValue>-1</AppDefaultValue>
              <optionset Name="mcs_integrationresult_mcs_status">
                <OptionSetType>picklist</OptionSetType>
                <IntroducedVersion>2016.8.1.3</IntroducedVersion>
                <displaynames>
                  <displayname description="Integration Result Status" languagecode="1033" />
                </displaynames>
                <Descriptions>
                  <Description description="" languagecode="1033" />
                </Descriptions>
                <options>
                  <option value="803750002">
                    <labels>
                      <label description="Complete" languagecode="1033" />
                    </labels>
                  </option>
                  <option value="803750003">
                    <labels>
                      <label description="Error" languagecode="1033" />
                    </labels>
                  </option>
                  <option value="100000000">
                    <labels>
                      <label description="Error: Retry Success" languagecode="1033" />
                    </labels>
                  </option>
                  <option value="100000001">
                    <labels>
                      <label description="Waiting for Response" languagecode="1033" />
                    </labels>
                  </option>
                  <option value="803750001">
                    <labels>
                      <label description="Investigation Required" languagecode="1033" />
                    </labels>
                  </option>
                </options>
              </optionset>
              <displaynames>
                <displayname description="Status" languagecode="1033" />
              </displaynames>
              <Descriptions>
                <Description description="" languagecode="1033" />
              </Descriptions>
            </attribute>
          </attributes>
        </entity>
      </EntityInfo>
      <RibbonDiffXml>
        <CustomActions />
        <Templates>
          <RibbonTemplates Id="Mscrm.Templates"></RibbonTemplates>
        </Templates>
        <CommandDefinitions>
          <CommandDefinition Id="cvt.SubGrid.mcs_integrationresult.MainTab.Management.RetryIntegration.Command">
            <EnableRules>
              <EnableRule Id="cvt.SubGrid.mcs_integrationresult.MainTab.Management.RetryIntegration.Command.EnableRule.SelectionCountRule" />
            </EnableRules>
            <DisplayRules />
            <Actions>
              <JavaScriptFunction FunctionName="Mscrm.GridRibbonActions.launchOnDemandWorkflow" Library="/_static/_common/scripts/RibbonActions.js">
                <CrmParameter Value="SelectedControl" />
                <CrmParameter Value="SelectedControlSelectedItemReferences" />
                <CrmParameter Value="SelectedEntityTypeCode" />
                <StringParameter Value="8B0FE7B2-5F98-4C52-B470-3DC4708FCDE5" />
              </JavaScriptFunction>
            </Actions>
          </CommandDefinition>
        </CommandDefinitions>
        <RuleDefinitions>
          <TabDisplayRules />
          <DisplayRules />
          <EnableRules>
            <EnableRule Id="cvt.SubGrid.mcs_integrationresult.MainTab.Management.RetryIntegration.Command.EnableRule.SelectionCountRule">
              <SelectionCountRule Minimum="1" />
            </EnableRule>
          </EnableRules>
        </RuleDefinitions>
        <LocLabels />
      </RibbonDiffXml>
    </Entity>
    <Entity>
      <Name LocalizedName="TMP Resource" OriginalName="Resource">mcs_resource</Name>
      <RibbonDiffXml>
        <CustomActions>
          <CustomAction Id="tmp.mcs_resource.Button6.Deactivate.CustomAction" Location="Mscrm.Form.mcs_resource.MainTab.Save.Controls._children" Sequence="65">
            <CommandUIDefinition>
              <Button Alt="$LocLabels:tmp.mcs_resource.Button6.Deactivate.Alt" Command="tmp.mcs_resource.Command4.Deactivate" Id="tmp.mcs_resource.Button6.Deactivate" Image32by32="/_imgs/ribbon/Deactivate_32.png" Image16by16="/_imgs/ribbon/Deactivate_16.png" LabelText="$LocLabels:tmp.mcs_resource.Button6.Deactivate.LabelText" Sequence="65" TemplateAlias="o2" ToolTipTitle="$LocLabels:tmp.mcs_resource.Button6.Deactivate.ToolTipTitle" ModernImage="DeActivate" />
            </CommandUIDefinition>
          </CustomAction>
          <CustomAction Id="tmp.mcs_resource.Button8.DeactivateOnHome.CustomAction" Location="Mscrm.HomepageGrid.mcs_resource.MainTab.Management.Controls._children" Sequence="45">
            <CommandUIDefinition>
              <Button Alt="$LocLabels:tmp.mcs_resource.Button8.DeactivateOnHome.Alt" Command="tmp.mcs_resource.Command6.DeactivateOnHome" Id="tmp.mcs_resource.Button8.DeactivateOnHome" Image32by32="/_imgs/ribbon/Deactivate_32.png" Image16by16="/_imgs/ribbon/Deactivate_16.png" LabelText="$LocLabels:tmp.mcs_resource.Button8.DeactivateOnHome.LabelText" Sequence="45" TemplateAlias="o2" ToolTipTitle="$LocLabels:tmp.mcs_resource.Button8.DeactivateOnHome.ToolTipTitle" ModernImage="DeActivate" />
            </CommandUIDefinition>
          </CustomAction>
          <CustomAction Id="tmp.MCSRM.Form.mcs_resource.Activate.CustomAction" Location="Mscrm.Form.mcs_resource.MainTab.Save.Controls._children" Sequence="50">
            <CommandUIDefinition>
              <Button Alt="$LocLabels:MCSRM.Form.mcs_resource.Activate.Alt" Command="Mscrm.Form.Activate" Id="MCSRM.Form.mcs_resource.Activate" Image32by32="/_imgs/ribbon/Activate_32.png" Image16by16="/_imgs/ribbon/Activate_16.png" LabelText="$LocLabels:MCSRM.Form.mcs_resource.Activate.LabelText" Sequence="50" TemplateAlias="o2" ToolTipTitle="$LocLabels:MCSRM.Form.mcs_resource.Activate.ToolTipTitle" ToolTipDescription="$LocLabels:MCSRM.Form.mcs_resource.Activate.ToolTipDescription" />
            </CommandUIDefinition>
          </CustomAction>
          <HideCustomAction HideActionId="tmp.Mscrm.Form.mcs_resource.Deactivate.Hide" Location="Mscrm.Form.mcs_resource.Deactivate" />
          <CustomAction Id="tmp.Mscrm.HomepageGrid.mcs_resource.Activate.CustomAction" Location="Mscrm.HomepageGrid.mcs_resource.MainTab.Management.Controls._children" Sequence="30">
            <CommandUIDefinition>
              <Button Alt="$LocLabels:Mscrm.HomepageGrid.mcs_resource.Activate.Alt" Command="Mscrm.HomepageGrid.Activate" Id="Mscrm.HomepageGrid.mcs_resource.Activate" Image32by32="/_imgs/ribbon/Activate_32.png" Image16by16="/_imgs/ribbon/Activate_16.png" LabelText="$LocLabels:Mscrm.HomepageGrid.mcs_resource.Activate.LabelText" Sequence="30" TemplateAlias="o2" ToolTipTitle="$LocLabels:Mscrm.HomepageGrid.mcs_resource.Activate.ToolTipTitle" ToolTipDescription="$LocLabels:Mscrm.HomepageGrid.mcs_resource.Activate.ToolTipDescription" />
            </CommandUIDefinition>
          </CustomAction>
          <CustomAction Id="tmp.Mscrm.HomepageGrid.mcs_resource.Deactivate.CustomAction" Location="Mscrm.HomepageGrid.mcs_resource.MainTab.Management.Controls._children" Sequence="40">
            <CommandUIDefinition>
              <Button Alt="$Resources:Ribbon.HomepageGrid.account.Record.Status.Deactivate" Command="Mscrm.HomepageGrid.Deactivate" Id="Mscrm.HomepageGrid.mcs_resource.Deactivate" Image32by32="/_imgs/ribbon/Deactivate_32.png" Image16by16="/_imgs/ribbon/Deactivate_16.png" LabelText="$Resources:Ribbon.HomepageGrid.account.Record.Status.Deactivate" Sequence="40" TemplateAlias="o2" ToolTipTitle="$Resources:Ribbon.HomepageGrid.account.Record.Status.Deactivate" ToolTipDescription="$Resources(EntityPluralDisplayName):Ribbon.Tooltip.Deactivate" ModernImage="DeActivate" />
            </CommandUIDefinition>
          </CustomAction>
          <CustomAction Id="tmp.Mscrm.Subgrid.mcs_resource.Activate.CustomAction" Location="Mscrm.SubGrid.mcs_resource.MainTab.Management.Controls._children" Sequence="60">
            <CommandUIDefinition>
              <Button Alt="$LocLabels:Mscrm.Subgrid.mcs_resource.Activate.Alt" Command="Mscrm.HomepageGrid.Activate" Id="Mscrm.Subgrid.mcs_resource.Activate" Image32by32="/_imgs/ribbon/Activate_32.png" Image16by16="/_imgs/ribbon/Activate_16.png" LabelText="$LocLabels:Mscrm.Subgrid.mcs_resource.Activate.LabelText" Sequence="60" TemplateAlias="o2" ToolTipTitle="$LocLabels:Mscrm.Subgrid.mcs_resource.Activate.ToolTipTitle" ToolTipDescription="$LocLabels:Mscrm.Subgrid.mcs_resource.Activate.ToolTipDescription" ModernImage="Activate" />
            </CommandUIDefinition>
          </CustomAction>
          <CustomAction Id="tmp.vacvt.Form.mcs_resource.MainTab.Resource.CustomAction" Location="Mscrm.Form.mcs_resource.MainTab.Groups._children" Sequence="100">
            <CommandUIDefinition>
              <Group Command="Mscrm.Enabled" Description="$LocLabels:vacvt.Form.mcs_resource.MainTab.Resource.Title" Id="vacvt.Form.mcs_resource.MainTab.Resource" Sequence="100" Template="Mscrm.Templates.Flexible2" Title="$LocLabels:vacvt.Form.mcs_resource.MainTab.Resource.Title">
                <Controls Id="vacvt.Form.mcs_resource.MainTab.Resource.Controls">
                  <Button Command="vacvtvacvt.Form.mcs_resource.MainTab.Resource.Calendar.Command" Id="vacvtvacvt.Form.mcs_resource.MainTab.Resource.Calendar" Image32by32="/_imgs/ribbon/entity32_4201.png" Image16by16="/_imgs/ribbon/entity16_4201.png" LabelText="$LocLabels:vacvtvacvt.Form.mcs_resource.MainTab.Resource.Calendar.LabelText" Sequence="20" TemplateAlias="o1" ToolTipTitle="$LocLabels:vacvtvacvt.Form.mcs_resource.MainTab.Resource.Calendar.ToolTipTitle" ToolTipDescription="$LocLabels:vacvtvacvt.Form.mcs_resource.MainTab.Resource.Calendar.ToolTipDescription" />
                  <Button Command="vacvtvacvt.Form.mcs_resource.MainTab.Resource.UpdateAll.Command" Id="vacvtvacvt.Form.mcs_resource.MainTab.Resource.UpdateAll" Image32by32="/_imgs/ribbon/runworkflow32.png" Image16by16="/_imgs/ribbon/StartWorkflow_16.png" LabelText="$LocLabels:vacvtvacvt.Form.mcs_resource.MainTab.Resource.UpdateAll.LabelText" Sequence="40" TemplateAlias="o1" ToolTipTitle="$LocLabels:vacvtvacvt.Form.mcs_resource.MainTab.Resource.UpdateAll.ToolTipTitle" ToolTipDescription="$LocLabels:vacvtvacvt.Form.mcs_resource.MainTab.Resource.UpdateAll.ToolTipDescription" />
                  <Button Command="vacvtvacvt.Form.mcs_resource.MainTab.Resource.ReplaceAll.Command" Id="vacvtvacvt.Form.mcs_resource.MainTab.Resource.ReplaceAll" Image32by32="/_imgs/ribbon/runworkflow32.png" Image16by16="/_imgs/ribbon/StartWorkflow_16.png" LabelText="$LocLabels:vacvtvacvt.Form.mcs_resource.MainTab.Resource.ReplaceAll.LabelText" Sequence="50" TemplateAlias="o1" ToolTipTitle="$LocLabels:vacvtvacvt.Form.mcs_resource.MainTab.Resource.ReplaceAll.ToolTipTitle" ToolTipDescription="$LocLabels:vacvtvacvt.Form.mcs_resource.MainTab.Resource.ReplaceAll.ToolTipDescription" />
                </Controls>
              </Group>
            </CommandUIDefinition>
          </CustomAction>
          <CustomAction Id="tmp.vacvt.Form.mcs_resource.MainTab.Resource.MaxSize.CustomAction" Location="Mscrm.Form.mcs_resource.MainTab.Scaling._children" Sequence="10">
            <CommandUIDefinition>
              <MaxSize GroupId="vacvt.Form.mcs_resource.MainTab.Resource" Id="vacvt.Form.mcs_resource.MainTab.Resource.MaxSize" Sequence="10" Size="LargeMedium" />
            </CommandUIDefinition>
          </CustomAction>
          <CustomAction Id="tmp.vacvt.Form.mcs_resource.MainTab.Resource.Scale.Popup.CustomAction" Location="Mscrm.Form.mcs_resource.MainTab.Scaling._children" Sequence="300">
            <CommandUIDefinition>
              <Scale GroupId="vacvt.Form.mcs_resource.MainTab.Resource" Id="vacvt.Form.mcs_resource.MainTab.Resource.Scale.Popup" Sequence="300" Size="Popup" />
            </CommandUIDefinition>
          </CustomAction>
          <HideCustomAction HideActionId="vacvtMscrm.Form.mcs_resource.Activate.HideAction" Location="Mscrm.Form.mcs_resource.Activate" />
          <HideCustomAction HideActionId="vacvtMscrm.Form.mcs_resource.AddConnection.HideAction" Location="Mscrm.Form.mcs_resource.AddConnection" />
          <HideCustomAction HideActionId="vacvtMscrm.Form.mcs_resource.AddToQueue.HideAction" Location="Mscrm.Form.mcs_resource.AddToQueue" />
          <HideCustomAction HideActionId="vacvtMscrm.Form.mcs_resource.Assign.HideAction" Location="Mscrm.Form.mcs_resource.Assign" />
          <HideCustomAction HideActionId="vacvtMscrm.Form.mcs_resource.Close.HideAction" Location="Mscrm.Form.mcs_resource.Close" />
          <HideCustomAction HideActionId="vacvtMscrm.Form.mcs_resource.Convert.Case.HideAction" Location="Mscrm.Form.mcs_resource.Convert.Case" />
          <HideCustomAction HideActionId="vacvtMscrm.Form.mcs_resource.Convert.Opportunity.HideAction" Location="Mscrm.Form.mcs_resource.Convert.Opportunity" />
          <HideCustomAction HideActionId="vacvtMscrm.Form.mcs_resource.CopySelected.HideAction" Location="Mscrm.Form.mcs_resource.CopySelected" />
          <HideCustomAction HideActionId="vacvtMscrm.Form.mcs_resource.Permissions.HideAction" Location="Mscrm.Form.mcs_resource.Permissions" />
          <HideCustomAction HideActionId="vacvtMscrm.Form.mcs_resource.PromoteToResponse.HideAction" Location="Mscrm.Form.mcs_resource.PromoteToResponse" />
          <HideCustomAction HideActionId="vacvtMscrm.Form.mcs_resource.QueueItemDetail.HideAction" Location="Mscrm.Form.mcs_resource.QueueItemDetail" />
          <HideCustomAction HideActionId="vacvtMscrm.Form.mcs_resource.SendSelected.HideAction" Location="Mscrm.Form.mcs_resource.SendSelected" />
          <HideCustomAction HideActionId="vacvtMscrm.HomepageGrid.mcs_resource.Activate.HideAction" Location="Mscrm.HomepageGrid.mcs_resource.Activate" />
          <HideCustomAction HideActionId="vacvtMscrm.HomepageGrid.mcs_resource.AddConnection.HideAction" Location="Mscrm.HomepageGrid.mcs_resource.AddConnection" />
          <HideCustomAction HideActionId="vacvtMscrm.HomepageGrid.mcs_resource.AddToQueue.HideAction" Location="Mscrm.HomepageGrid.mcs_resource.AddToQueue" />
          <HideCustomAction HideActionId="vacvtMscrm.HomepageGrid.mcs_resource.Detect.HideAction" Location="Mscrm.HomepageGrid.mcs_resource.Detect" />
          <HideCustomAction HideActionId="vacvtMscrm.HomepageGrid.mcs_resource.SendDirectEmail.HideAction" Location="Mscrm.HomepageGrid.mcs_resource.SendDirectEmail" />
          <HideCustomAction HideActionId="vacvtMscrm.SubGrid.mcs_resource.Activate.HideAction" Location="Mscrm.SubGrid.mcs_resource.Activate" />
          <HideCustomAction HideActionId="vacvtMscrm.SubGrid.mcs_resource.AddConnection.HideAction" Location="Mscrm.SubGrid.mcs_resource.AddConnection" />
          <HideCustomAction HideActionId="vacvtMscrm.SubGrid.mcs_resource.AddEmail.HideAction" Location="Mscrm.SubGrid.mcs_resource.AddEmail" />
          <HideCustomAction HideActionId="vacvtMscrm.SubGrid.mcs_resource.AddToQueue.HideAction" Location="Mscrm.SubGrid.mcs_resource.AddToQueue" />
          <HideCustomAction HideActionId="vacvtMscrm.SubGrid.mcs_resource.BulkDelete.HideAction" Location="Mscrm.SubGrid.mcs_resource.BulkDelete" />
          <HideCustomAction HideActionId="vacvtMscrm.SubGrid.mcs_resource.Detect.HideAction" Location="Mscrm.SubGrid.mcs_resource.Detect" />
          <HideCustomAction HideActionId="vacvtMscrm.SubGrid.mcs_resource.MailMerge.HideAction" Location="Mscrm.SubGrid.mcs_resource.MailMerge" />
          <HideCustomAction HideActionId="vacvtMscrm.SubGrid.mcs_resource.Remove.HideAction" Location="Mscrm.SubGrid.mcs_resource.Remove" />
        </CustomActions>
        <Templates>
          <RibbonTemplates Id="Mscrm.Templates"></RibbonTemplates>
        </Templates>
        <CommandDefinitions>
          <CommandDefinition Id="Mscrm.Form.Deactivate">
            <EnableRules>
              <EnableRule Id="Mscrm.CanWritePrimary" />
            </EnableRules>
            <DisplayRules>
              <DisplayRule Id="Mscrm.CanWritePrimary" />
              <DisplayRule Id="Mscrm.PrimaryIsActive" />
              <DisplayRule Id="Mscrm.PrimaryEntityHasStatecode" />
              <DisplayRule Id="Mscrm.PrimaryIsNotActivity" />
            </DisplayRules>
            <Actions>
              <JavaScriptFunction FunctionName="XrmCore.Commands.Deactivate.deactivatePrimaryRecord" Library="$webresource:Main_system_library.js">
                <CrmParameter Value="FirstPrimaryItemId" />
                <CrmParameter Value="PrimaryEntityTypeName" />
              </JavaScriptFunction>
            </Actions>
          </CommandDefinition>
          <CommandDefinition Id="Mscrm.HomepageGrid.Deactivate">
            <EnableRules>
              <EnableRule Id="Mscrm.VisualizationPaneNotMaximized" />
              <EnableRule Id="Mscrm.SelectionCountAtLeastOne" />
            </EnableRules>
            <DisplayRules>
              <DisplayRule Id="Mscrm.CanWriteSelected" />
              <DisplayRule Id="Mscrm.SelectedEntityHasStatecode" />
              <DisplayRule Id="tmp.mcs_resource.DisplayRule11.OOBDeactivateDisplayRule" />
            </DisplayRules>
            <Actions>
              <JavaScriptFunction FunctionName="XrmCore.Commands.Deactivate.deactivateRecords" Library="$webresource:Main_system_library.js">
                <CrmParameter Value="SelectedControl" />
                <CrmParameter Value="SelectedControlSelectedItemReferences" />
                <CrmParameter Value="SelectedEntityTypeName" />
              </JavaScriptFunction>
            </Actions>
          </CommandDefinition>
          <CommandDefinition Id="tmp.mcs_resource.Command4.Deactivate">
            <EnableRules />
            <DisplayRules />
            <Actions>
              <JavaScriptFunction FunctionName="MCS.TMPResource.Deactive" Library="$webresource:tmp_TMPResource_Deactivate.js">
                <CrmParameter Value="PrimaryControl" />
              </JavaScriptFunction>
            </Actions>
          </CommandDefinition>
          <CommandDefinition Id="tmp.mcs_resource.Command6.DeactivateOnHome">
            <EnableRules>
              <EnableRule Id="tmp.mcs_resource.EnableRule6.SelectedCount" />
            </EnableRules>
            <DisplayRules>
              <DisplayRule Id="tmp.mcs_resource.DisplayRule5.Selected" />
              <DisplayRule Id="tmp.mcs_resource.DisplayRule6.SelectedStatecode" />
            </DisplayRules>
            <Actions>
              <JavaScriptFunction FunctionName="MCS.TMPResource.DeactiveOnSelectedRecord" Library="$webresource:tmp_TMPResource_Deactivate.js">
                <CrmParameter Value="SelectedControlSelectedItemReferences" />
                <CrmParameter Value="SelectedControl" />
                <CrmParameter Value="SelectedControlSelectedItemCount" />
              </JavaScriptFunction>
            </Actions>
          </CommandDefinition>
          <CommandDefinition Id="vacvtvacvt.Form.mcs_resource.MainTab.Resource.Calendar.Command">
            <EnableRules>
              <EnableRule Id="vacvtvacvt.Form.mcs_resource.MainTab.Resource.Calendar.Command.EnableRule.FormStateRule" />
            </EnableRules>
            <DisplayRules />
            <Actions>
              <JavaScriptFunction FunctionName="MCS.mcs_Resource_Buttons.openResourceCalendar" Library="$webresource:mcs_ResourceRibbonFunctions.js">
                <CrmParameter Value="PrimaryControl" />
              </JavaScriptFunction>
            </Actions>
          </CommandDefinition>
          <CommandDefinition Id="vacvtvacvt.Form.mcs_resource.MainTab.Resource.DeleteAll.Command">
            <EnableRules>
              <EnableRule Id="vacvtvacvt.Form.mcs_resource.MainTab.Resource.DeleteAll.Command.EnableRule.FormStateRule" />
            </EnableRules>
            <DisplayRules>
              <DisplayRule Id="vacvtvacvt.Form.mcs_resource.MainTab.Resource.DeleteAll.Command.DisplayRule.EntityPrivilegeRule" />
            </DisplayRules>
            <Actions>
              <JavaScriptFunction FunctionName="MCS.mcs_Resource_Buttons.DeleteResourceConnections" Library="$webresource:mcs_ResourceRibbonFunctions.js" />
            </Actions>
          </CommandDefinition>
          <CommandDefinition Id="vacvtvacvt.Form.mcs_resource.MainTab.Resource.ReplaceAll.Command">
            <EnableRules>
              <EnableRule Id="vacvtvacvt.Form.mcs_resource.MainTab.Resource.ReplaceAll.Command.EnableRule.FormStateRule" />
            </EnableRules>
            <DisplayRules>
              <DisplayRule Id="vacvtvacvt.Form.mcs_resource.MainTab.Resource.ReplaceAll.Command.DisplayRule.EntityPrivilegeRule" />
            </DisplayRules>
            <Actions>
              <JavaScriptFunction FunctionName="MCS.mcs_Resource_Buttons.ReplaceResource" Library="$webresource:mcs_ResourceRibbonFunctions.js">
                <CrmParameter Value="PrimaryControl" />
              </JavaScriptFunction>
            </Actions>
          </CommandDefinition>
          <CommandDefinition Id="vacvtvacvt.Form.mcs_resource.MainTab.Resource.UpdateAll.Command">
            <EnableRules>
              <EnableRule Id="vacvtvacvt.Form.mcs_resource.MainTab.Resource.UpdateAll.Command.EnableRule.FormStateRule" />
            </EnableRules>
            <DisplayRules>
              <DisplayRule Id="vacvtvacvt.Form.mcs_resource.MainTab.Resource.UpdateAll.Command.DisplayRule.EntityPrivilegeRule" />
            </DisplayRules>
            <Actions>
              <JavaScriptFunction FunctionName="MCS.mcs_Resource_Buttons.UpdateResourceConnections" Library="$webresource:mcs_ResourceRibbonFunctions.js" />
            </Actions>
          </CommandDefinition>
        </CommandDefinitions>
        <RuleDefinitions>
          <TabDisplayRules />
          <DisplayRules>
            <DisplayRule Id="Mscrm.CanWritePrimary">
              <EntityPrivilegeRule PrivilegeType="Write" PrivilegeDepth="Basic" AppliesTo="PrimaryEntity" />
            </DisplayRule>
            <DisplayRule Id="Mscrm.CanWriteSelected">
              <EntityPrivilegeRule PrivilegeType="Write" PrivilegeDepth="Basic" AppliesTo="SelectedEntity" />
            </DisplayRule>
            <DisplayRule Id="Mscrm.PrimaryEntityHasStatecode">
              <EntityPropertyRule AppliesTo="PrimaryEntity" PropertyName="HasStateCode" PropertyValue="true" />
            </DisplayRule>
            <DisplayRule Id="Mscrm.PrimaryIsActive">
              <FormStateRule State="Existing" />
            </DisplayRule>
            <DisplayRule Id="Mscrm.PrimaryIsNotActivity">
              <EntityPropertyRule AppliesTo="PrimaryEntity" PropertyName="IsActivity" PropertyValue="false" />
            </DisplayRule>
            <DisplayRule Id="Mscrm.SelectedEntityHasStatecode">
              <EntityPropertyRule AppliesTo="SelectedEntity" PropertyName="HasStateCode" PropertyValue="true" />
            </DisplayRule>
            <DisplayRule Id="tmp.mcs_resource.DisplayRule11.OOBDeactivateDisplayRule">
              <ValueRule Value="" InvertResult="true" />
            </DisplayRule>
            <DisplayRule Id="tmp.mcs_resource.DisplayRule5.Selected">
              <EntityPrivilegeRule PrivilegeType="Write" PrivilegeDepth="Basic" AppliesTo="SelectedEntity" />
            </DisplayRule>
            <DisplayRule Id="tmp.mcs_resource.DisplayRule6.SelectedStatecode">
              <EntityPropertyRule AppliesTo="SelectedEntity" PropertyName="HasStateCode" PropertyValue="true" />
            </DisplayRule>
            <DisplayRule Id="vacvtvacvt.Form.mcs_resource.MainTab.Resource.DeleteAll.Command.DisplayRule.EntityPrivilegeRule">
              <EntityPrivilegeRule PrivilegeType="Write" PrivilegeDepth="Deep" AppliesTo="SelectedEntity" EntityName="mcs_services" Default="false" InvertResult="false" />
            </DisplayRule>
            <DisplayRule Id="vacvtvacvt.Form.mcs_resource.MainTab.Resource.ReplaceAll.Command.DisplayRule.EntityPrivilegeRule">
              <EntityPrivilegeRule PrivilegeType="Write" PrivilegeDepth="Deep" AppliesTo="SelectedEntity" EntityName="mcs_services" Default="false" InvertResult="false" />
            </DisplayRule>
            <DisplayRule Id="vacvtvacvt.Form.mcs_resource.MainTab.Resource.UpdateAll.Command.DisplayRule.EntityPrivilegeRule">
              <EntityPrivilegeRule PrivilegeType="Write" PrivilegeDepth="Deep" AppliesTo="SelectedEntity" EntityName="mcs_services" Default="false" InvertResult="false" />
            </DisplayRule>
          </DisplayRules>
          <EnableRules>
            <EnableRule Id="Mscrm.CanWritePrimary">
              <RecordPrivilegeRule PrivilegeType="Write" AppliesTo="PrimaryEntity" />
            </EnableRule>
            <EnableRule Id="Mscrm.SelectionCountAtLeastOne">
              <SelectionCountRule AppliesTo="SelectedEntity" Minimum="1" />
            </EnableRule>
            <EnableRule Id="Mscrm.VisualizationPaneNotMaximized">
              <OrRule>
                <Or>
                  <CommandClientTypeRule Type="Modern" />
                </Or>
                <Or>
                  <CustomRule FunctionName="Mscrm.GridCommandActions.disableButtonsWhenChartMaximized" Library="/_static/_common/scripts/CommandBarActions.js">
                    <CrmParameter Value="SelectedControl" />
                  </CustomRule>
                </Or>
              </OrRule>
            </EnableRule>
            <EnableRule Id="tmp.mcs_resource.EnableRule6.SelectedCount">
              <SelectionCountRule AppliesTo="SelectedEntity" Minimum="1" />
            </EnableRule>
            <EnableRule Id="vacvtvacvt.Form.mcs_resource.MainTab.Resource.Calendar.Command.EnableRule.FormStateRule">
              <FormStateRule State="Existing" Default="false" InvertResult="false" />
            </EnableRule>
            <EnableRule Id="vacvtvacvt.Form.mcs_resource.MainTab.Resource.DeleteAll.Command.EnableRule.FormStateRule">
              <FormStateRule State="Existing" Default="false" InvertResult="false" />
            </EnableRule>
            <EnableRule Id="vacvtvacvt.Form.mcs_resource.MainTab.Resource.ReplaceAll.Command.EnableRule.FormStateRule">
              <FormStateRule State="Existing" Default="false" InvertResult="false" />
            </EnableRule>
            <EnableRule Id="vacvtvacvt.Form.mcs_resource.MainTab.Resource.UpdateAll.Command.EnableRule.FormStateRule">
              <FormStateRule State="Existing" Default="false" InvertResult="false" />
            </EnableRule>
          </EnableRules>
        </RuleDefinitions>
        <LocLabels>
          <LocLabel Id="MCSRM.Form.mcs_resource.Activate.Alt">
            <Titles>
              <Title description="Activate" languagecode="1033" />
            </Titles>
          </LocLabel>
          <LocLabel Id="MCSRM.Form.mcs_resource.Activate.LabelText">
            <Titles>
              <Title description="Activate" languagecode="1033" />
            </Titles>
          </LocLabel>
          <LocLabel Id="MCSRM.Form.mcs_resource.Activate.ToolTipDescription">
            <Titles>
              <Title description="Activate these {0}.&lt;br&gt;&lt;br&gt;Active Records can be edited, assigned, shared, or viewed from the Avtive {0} view." languagecode="1033" />
            </Titles>
          </LocLabel>
          <LocLabel Id="MCSRM.Form.mcs_resource.Activate.ToolTipTitle">
            <Titles>
              <Title description="Activate" languagecode="1033" />
            </Titles>
          </LocLabel>
          <LocLabel Id="Mscrm.HomepageGrid.mcs_resource.Activate.Alt">
            <Titles>
              <Title description="Activate" languagecode="1033" />
            </Titles>
          </LocLabel>
          <LocLabel Id="Mscrm.HomepageGrid.mcs_resource.Activate.LabelText">
            <Titles>
              <Title description="Activate" languagecode="1033" />
            </Titles>
          </LocLabel>
          <LocLabel Id="Mscrm.HomepageGrid.mcs_resource.Activate.ToolTipDescription">
            <Titles>
              <Title description="Activate these {0}.&lt;br&gt;&lt;br&gt;Active Records can be edited, assigned, shared, or viewed from the Avtive {0} view." languagecode="1033" />
            </Titles>
          </LocLabel>
          <LocLabel Id="Mscrm.HomepageGrid.mcs_resource.Activate.ToolTipTitle">
            <Titles>
              <Title description="Activate" languagecode="1033" />
            </Titles>
          </LocLabel>
          <LocLabel Id="Mscrm.Subgrid.mcs_resource.Activate.Alt">
            <Titles>
              <Title description="Activate" languagecode="1033" />
            </Titles>
          </LocLabel>
          <LocLabel Id="Mscrm.Subgrid.mcs_resource.Activate.LabelText">
            <Titles>
              <Title description="Activate" languagecode="1033" />
            </Titles>
          </LocLabel>
          <LocLabel Id="Mscrm.Subgrid.mcs_resource.Activate.ToolTipDescription">
            <Titles>
              <Title description="Activate these {0}.&lt;br&gt;&lt;br&gt;Active Records can be edited, assigned, shared, or viewed from the Avtive {0} view." languagecode="1033" />
            </Titles>
          </LocLabel>
          <LocLabel Id="Mscrm.Subgrid.mcs_resource.Activate.ToolTipTitle">
            <Titles>
              <Title description="Activate" languagecode="1033" />
            </Titles>
          </LocLabel>
          <LocLabel Id="tmp.mcs_resource.Button6.Deactivate.Alt">
            <Titles>
              <Title description="Deactivate" languagecode="1033" />
            </Titles>
          </LocLabel>
          <LocLabel Id="tmp.mcs_resource.Button6.Deactivate.LabelText">
            <Titles>
              <Title description="Deactivate" languagecode="1033" />
            </Titles>
          </LocLabel>
          <LocLabel Id="tmp.mcs_resource.Button6.Deactivate.ToolTipTitle">
            <Titles>
              <Title description="Deactivate" languagecode="1033" />
            </Titles>
          </LocLabel>
          <LocLabel Id="tmp.mcs_resource.Button8.DeactivateOnHome.Alt">
            <Titles>
              <Title description="Deactivate" languagecode="1033" />
            </Titles>
          </LocLabel>
          <LocLabel Id="tmp.mcs_resource.Button8.DeactivateOnHome.LabelText">
            <Titles>
              <Title description="Deactivate" languagecode="1033" />
            </Titles>
          </LocLabel>
          <LocLabel Id="tmp.mcs_resource.Button8.DeactivateOnHome.ToolTipTitle">
            <Titles>
              <Title description="Deactivate" languagecode="1033" />
            </Titles>
          </LocLabel>
          <LocLabel Id="vacvt.Form.mcs_resource.MainTab.Resource.Title">
            <Titles>
              <Title description="Resource" languagecode="1033" />
            </Titles>
          </LocLabel>
          <LocLabel Id="vacvtvacvt.Form.mcs_resource.MainTab.Resource.Calendar.LabelText">
            <Titles>
              <Title description="Calendar" languagecode="1033" />
            </Titles>
          </LocLabel>
          <LocLabel Id="vacvtvacvt.Form.mcs_resource.MainTab.Resource.Calendar.ToolTipDescription">
            <Titles>
              <Title description="Calendar Description" languagecode="1033" />
            </Titles>
          </LocLabel>
          <LocLabel Id="vacvtvacvt.Form.mcs_resource.MainTab.Resource.Calendar.ToolTipTitle">
            <Titles>
              <Title description="Calendar" languagecode="1033" />
            </Titles>
          </LocLabel>
          <LocLabel Id="vacvtvacvt.Form.mcs_resource.MainTab.Resource.ReplaceAll.LabelText">
            <Titles>
              <Title description="Replace Resource" languagecode="1033" />
            </Titles>
          </LocLabel>
          <LocLabel Id="vacvtvacvt.Form.mcs_resource.MainTab.Resource.ReplaceAll.ToolTipDescription">
            <Titles>
              <Title description="Replace this TMP Resource's connections with another TMP Resource. " languagecode="1033" />
            </Titles>
          </LocLabel>
          <LocLabel Id="vacvtvacvt.Form.mcs_resource.MainTab.Resource.ReplaceAll.ToolTipTitle">
            <Titles>
              <Title description="Replace Resource" languagecode="1033" />
            </Titles>
          </LocLabel>
          <LocLabel Id="vacvtvacvt.Form.mcs_resource.MainTab.Resource.UpdateAll.LabelText">
            <Titles>
              <Title description="Update All" languagecode="1033" />
            </Titles>
          </LocLabel>
          <LocLabel Id="vacvtvacvt.Form.mcs_resource.MainTab.Resource.UpdateAll.ToolTipDescription">
            <Titles>
              <Title description="Edit this TMP Resource and update all related Provider &amp; Patient Site Resources, as well as Group Resources." languagecode="1033" />
            </Titles>
          </LocLabel>
          <LocLabel Id="vacvtvacvt.Form.mcs_resource.MainTab.Resource.UpdateAll.ToolTipTitle">
            <Titles>
              <Title description="Update All" languagecode="1033" />
            </Titles>
          </LocLabel>
        </LocLabels>
      </RibbonDiffXml>
    </Entity>
    <Entity>
      <Name LocalizedName="TMP Site" OriginalName="VA Site">mcs_site</Name>
      <RibbonDiffXml>
        <CustomActions />
        <Templates>
          <RibbonTemplates Id="Mscrm.Templates"></RibbonTemplates>
        </Templates>
        <CommandDefinitions />
        <RuleDefinitions>
          <TabDisplayRules />
          <DisplayRules />
          <EnableRules />
        </RuleDefinitions>
        <LocLabels />
      </RibbonDiffXml>
    </Entity>
    <Entity>
      <Name LocalizedName="Resource: User" OriginalName="User">SystemUser</Name>
      <RibbonDiffXml>
        <CustomActions>
          <CustomAction Id="cr6f3.cvt.Form.systemuser.MainTab.Workflow.removeconnections.CustomAction" Location="Mscrm.Form.systemuser.MainTab.Workflow.Controls._children" Sequence="45">
            <CommandUIDefinition>
              <Button Command="cvt.Form.systemuser.MainTab.Workflow.removeconnections.Command" Id="cvt.Form.systemuser.MainTab.Workflow.removeconnections" Image32by32="/_imgs/ribbon/runworkflow32.png" Image16by16="/_imgs/ribbon/StartWorkflow_16.png" LabelText="$LocLabels:cvt.Form.systemuser.MainTab.Workflow.removeconnections.LabelText" Sequence="45" TemplateAlias="isv" ToolTipTitle="$LocLabels:cvt.Form.systemuser.MainTab.Workflow.removeconnections.ToolTipTitle" ToolTipDescription="$LocLabels:cvt.Form.systemuser.MainTab.Workflow.removeconnections.ToolTipDescription" />
            </CommandUIDefinition>
          </CustomAction>
          <CustomAction Id="cr6f3.cvt.Form.systemuser.MainTab.Workflow.replaceuser.CustomAction" Location="Mscrm.Form.systemuser.MainTab.Workflow.Controls._children" Sequence="55">
            <CommandUIDefinition>
              <Button Command="cvt.Form.systemuser.MainTab.Workflow.replaceuser.Command" Id="cvt.Form.systemuser.MainTab.Workflow.replaceuser" Image32by32="/_imgs/ribbon/runworkflow32.png" Image16by16="/_imgs/ribbon/StartWorkflow_16.png" LabelText="$LocLabels:cvt.Form.systemuser.MainTab.Workflow.replaceuser.LabelText" Sequence="55" TemplateAlias="isv" ToolTipTitle="$LocLabels:cvt.Form.systemuser.MainTab.Workflow.replaceuser.ToolTipTitle" ToolTipDescription="$LocLabels:cvt.Form.systemuser.MainTab.Workflow.replaceuser.ToolTipDescription" />
            </CommandUIDefinition>
          </CustomAction>
          <CustomAction Id="cr6f3.systemuser.Button2.Button.Mscrm.Form.systemuser.ChangeBusinessUnit.CustomAction" Location="Mscrm.Form.systemuser.MainTab.Save.Controls._children" Sequence="0">
            <CommandUIDefinition>
              <Button Alt="$Resources:Ribbon.Form.systemuser.MainTab.Actions.ChangeBusinessUnit" Command="Mscrm.Form.systemuser.ChangeBusinessUnit" Id="cr6f3.systemuser.Button2.Button.Mscrm.Form.systemuser.ChangeBusinessUnit" Image32by32="/_imgs/ribbon/ChangeBusinessUnit_32.png" Image16by16="/_imgs/ribbon/ChangeBusinessUnit_16.png" LabelText="$Resources:Ribbon.Form.systemuser.MainTab.Actions.ChangeBusinessUnit" Sequence="0" TemplateAlias="o2" ToolTipTitle="$Resources:Ribbon.Form.systemuser.MainTab.Actions.ChangeBusinessUnit" ToolTipDescription="$Resources:Ribbon.Form.systemuser.MainTab.Actions.ChangeBusinessUnit" />
            </CommandUIDefinition>
          </CustomAction>
          <CustomAction Id="cr6f3.tmp.systemuser.Legacy.Button.CustomAction" Location="Mscrm.Form.systemuser.MainTab.Save.Controls._children" Sequence="10">
            <CommandUIDefinition>
              <Button Alt="$LocLabels:tmp.systemuser.Legacy.Button.Alt" Command="tmp.systemuser.Legacy.Command" Id="tmp.systemuser.Legacy.Button" LabelText="$LocLabels:tmp.systemuser.Legacy.Button.LabelText" Sequence="10" TemplateAlias="o1" ToolTipTitle="$LocLabels:tmp.systemuser.Legacy.Button.ToolTipTitle" ToolTipDescription="$LocLabels:tmp.systemuser.Legacy.Button.ToolTipDescription" />
            </CommandUIDefinition>
          </CustomAction>
        </CustomActions>
        <Templates>
          <RibbonTemplates Id="Mscrm.Templates"></RibbonTemplates>
        </Templates>
        <CommandDefinitions>
          <CommandDefinition Id="cvt.Form.systemuser.MainTab.Workflow.removeconnections.Command">
            <EnableRules>
              <EnableRule Id="cvt.Form.systemuser.MainTab.Workflow.removeconnections.Command.EnableRule.FormStateRule" />
            </EnableRules>
            <DisplayRules>
              <DisplayRule Id="cvt.Form.systemuser.MainTab.Workflow.removeconnections.Command.DisplayRule.EntityPrivilegeRule" />
            </DisplayRules>
            <Actions>
              <JavaScriptFunction FunctionName="MCS.User_RibbonFunctions.DeleteResourceConnections" Library="$webresource:mcs_User.RibbonFunctions.js" />
            </Actions>
          </CommandDefinition>
          <CommandDefinition Id="cvt.Form.systemuser.MainTab.Workflow.replaceuser.Command">
            <EnableRules>
              <EnableRule Id="cvt.Form.systemuser.MainTab.Workflow.replaceuser.Command.EnableRule.FormStateRule" />
            </EnableRules>
            <DisplayRules>
              <DisplayRule Id="cvt.Form.systemuser.MainTab.Workflow.replaceuser.Command.DisplayRule.EntityPrivilegeRule" />
            </DisplayRules>
            <Actions>
              <JavaScriptFunction FunctionName="MCS.User_RibbonFunctions.ReplaceResource" Library="$webresource:mcs_User.RibbonFunctions.js" />
            </Actions>
          </CommandDefinition>
          <CommandDefinition Id="tmp.systemuser.Legacy.Command">
            <EnableRules />
            <DisplayRules />
            <Actions>
              <JavaScriptFunction FunctionName="MCS.User_RibbonFunctions.openLegacy" Library="$webresource:mcs_User.RibbonFunctions.js">
                <CrmParameter Value="PrimaryControl" />
              </JavaScriptFunction>
            </Actions>
          </CommandDefinition>
        </CommandDefinitions>
        <RuleDefinitions>
          <TabDisplayRules />
          <DisplayRules>
            <DisplayRule Id="cvt.Form.systemuser.MainTab.Workflow.removeconnections.Command.DisplayRule.EntityPrivilegeRule">
              <EntityPrivilegeRule PrivilegeType="Create" PrivilegeDepth="Deep" AppliesTo="SelectedEntity" EntityName="mcs_services" Default="false" InvertResult="false" />
            </DisplayRule>
            <DisplayRule Id="cvt.Form.systemuser.MainTab.Workflow.replaceuser.Command.DisplayRule.EntityPrivilegeRule">
              <EntityPrivilegeRule PrivilegeType="Create" PrivilegeDepth="Deep" AppliesTo="SelectedEntity" EntityName="mcs_services" Default="false" InvertResult="false" />
            </DisplayRule>
          </DisplayRules>
          <EnableRules>
            <EnableRule Id="cvt.Form.systemuser.MainTab.Workflow.removeconnections.Command.EnableRule.FormStateRule">
              <FormStateRule State="Existing" Default="false" InvertResult="false" />
            </EnableRule>
            <EnableRule Id="cvt.Form.systemuser.MainTab.Workflow.replaceuser.Command.EnableRule.FormStateRule">
              <FormStateRule State="Existing" Default="false" InvertResult="false" />
            </EnableRule>
          </EnableRules>
        </RuleDefinitions>
        <LocLabels>
          <LocLabel Id="cvt.Form.systemuser.MainTab.Workflow.removeconnections.LabelText">
            <Titles>
              <Title description="Remove Connections" languagecode="1033" />
            </Titles>
          </LocLabel>
          <LocLabel Id="cvt.Form.systemuser.MainTab.Workflow.removeconnections.ToolTipDescription">
            <Titles>
              <Title description="Remove this TSS User's connections to TSA's, MTSA's, and Resource Groups. " languagecode="1033" />
            </Titles>
          </LocLabel>
          <LocLabel Id="cvt.Form.systemuser.MainTab.Workflow.removeconnections.ToolTipTitle">
            <Titles>
              <Title description="Remove Connections" languagecode="1033" />
            </Titles>
          </LocLabel>
          <LocLabel Id="cvt.Form.systemuser.MainTab.Workflow.replaceuser.LabelText">
            <Titles>
              <Title description="Replace User" languagecode="1033" />
            </Titles>
          </LocLabel>
          <LocLabel Id="cvt.Form.systemuser.MainTab.Workflow.replaceuser.ToolTipDescription">
            <Titles>
              <Title description="Replace this TSS user on all TSA's, MTSA's, and Resource Groups. " languagecode="1033" />
            </Titles>
          </LocLabel>
          <LocLabel Id="cvt.Form.systemuser.MainTab.Workflow.replaceuser.ToolTipTitle">
            <Titles>
              <Title description="Replace User" languagecode="1033" />
            </Titles>
          </LocLabel>
          <LocLabel Id="tmp.systemuser.Legacy.Button.Alt">
            <Titles>
              <Title description="Open in Legacy" languagecode="1033" />
            </Titles>
          </LocLabel>
          <LocLabel Id="tmp.systemuser.Legacy.Button.LabelText">
            <Titles>
              <Title description="Open in Legacy" languagecode="1033" />
            </Titles>
          </LocLabel>
          <LocLabel Id="tmp.systemuser.Legacy.Button.ToolTipDescription">
            <Titles>
              <Title description="Open in Legacy" languagecode="1033" />
            </Titles>
          </LocLabel>
          <LocLabel Id="tmp.systemuser.Legacy.Button.ToolTipTitle">
            <Titles>
              <Title description="Open in Legacy" languagecode="1033" />
            </Titles>
          </LocLabel>
        </LocLabels>
      </RibbonDiffXml>
    </Entity>
  </Entities>
  <Roles></Roles>
  <Workflows></Workflows>
  <FieldSecurityProfiles></FieldSecurityProfiles>
  <Templates />
  <EntityMaps />
  <EntityRelationships />
  <OrganizationSettings />
  <optionsets />
  <CustomControls />
  <EntityDataProviders />
  <Languages>
    <Language>1033</Language>
  </Languages>
</ImportExportXml>