<ImportExportXml xmlns:xsi="http://www.w3.org/2001/XMLSchema-instance">
  <Entities></Entities>
  <Roles></Roles>
  <Workflows></Workflows>
  <FieldSecurityProfiles></FieldSecurityProfiles>
  <Templates />
  <EntityMaps />
  <EntityRelationships />
  <OrganizationSettings />
  <optionsets />
  <WebResources>
    <WebResource>
      <WebResourceId>{60f021b7-68cd-e711-80e5-000d3a007bf6}</WebResourceId>
      <Name>cvt_ViaLogin.js</Name>
      <DisplayName>Via Login Scripts</DisplayName>
      <LanguageCode>1033</LanguageCode>
      <WebResourceType>3</WebResourceType>
      <IntroducedVersion>2017.11.16.1</IntroducedVersion>
      <IsEnabledForMobileClient>0</IsEnabledForMobileClient>
      <IsAvailableForMobileOffline>0</IsAvailableForMobileOffline>
      <DependencyXml>&lt;Dependencies&gt;&lt;Dependency componentType="WebResource"/&gt;&lt;/Dependencies&gt;</DependencyXml>
      <FileName>/WebResources/cvt_ViaLoginjs60F021B7-68CD-E711-80E5-000D3A007BF6</FileName>
    </WebResource>
  </WebResources>
  <CustomControls />
  <SolutionPluginAssemblies>
    <PluginAssembly FullName="VA.TMP.Integration.Plugins, Version=1.0.0.0, Culture=neutral, PublicKeyToken=f9ed7db8a23d3ea1" PluginAssemblyId="69719429-31ad-4864-8a1f-c6597679e24b" CustomizationLevel="1">
      <IsolationMode>2</IsolationMode>
      <SourceType>0</SourceType>
      <IntroducedVersion>1.0</IntroducedVersion>
      <FileName>/PluginAssemblies/VATMPIntegrationPlugins-69719429-31AD-4864-8A1F-C6597679E24B/VATMPIntegrationPlugins.dll</FileName>
      <PluginTypes>
        <PluginType AssemblyQualifiedName="VA.TMP.Integration.Plugins.Appointment.AppointmentIntegrationOrchestratorUpdatePostStage, VA.TMP.Integration.Plugins, Version=1.0.0.0, Culture=neutral, PublicKeyToken=f9ed7db8a23d3ea1" PluginTypeId="210e87e9-f6ce-e711-9436-0050568da084" Name="VA.TMP.Integration.Plugins.Appointment.AppointmentIntegrationOrchestratorUpdatePostStage">
          <FriendlyName>44ccc4f5-2204-4719-9f65-43b6411f6aa1</FriendlyName>
        </PluginType>
        <PluginType AssemblyQualifiedName="VA.TMP.Integration.Plugins.Appointment.AppointmentUpdatePostStage, VA.TMP.Integration.Plugins, Version=1.0.0.0, Culture=neutral, PublicKeyToken=f9ed7db8a23d3ea1" PluginTypeId="15727b17-f079-e611-9421-0050568da084" Name="VA.TMP.Integration.Plugins.Appointment.AppointmentUpdatePostStage">
          <FriendlyName>e765f8b0-b832-4fa8-82fc-850b05c4d5bb</FriendlyName>
        </PluginType>
        <PluginType AssemblyQualifiedName="VA.TMP.Integration.Plugins.Appointment.AppointmentUpdateVistaPostStage, VA.TMP.Integration.Plugins, Version=1.0.0.0, Culture=neutral, PublicKeyToken=f9ed7db8a23d3ea1" PluginTypeId="220e87e9-f6ce-e711-9436-0050568da084" Name="VA.TMP.Integration.Plugins.Appointment.AppointmentUpdateVistaPostStage">
          <FriendlyName>77cc96b4-2378-4f68-922c-2866e57d72c3</FriendlyName>
        </PluginType>
        <PluginType AssemblyQualifiedName="VA.TMP.Integration.Plugins.Appointment.AppointmentUpdateVVSPostStage, VA.TMP.Integration.Plugins, Version=1.0.0.0, Culture=neutral, PublicKeyToken=f9ed7db8a23d3ea1" PluginTypeId="59d83121-b5dd-e611-9428-0050568da084" Name="VA.TMP.Integration.Plugins.Appointment.AppointmentUpdateVVSPostStage">
          <FriendlyName>e3c3f542-8305-4193-b088-b506c4696ec6</FriendlyName>
        </PluginType>
        <PluginType AssemblyQualifiedName="VA.TMP.Integration.Plugins.CrmePerson.CrmePersonRetrieveMultiplePostHealthShareGetConsults, VA.TMP.Integration.Plugins, Version=1.0.0.0, Culture=neutral, PublicKeyToken=f9ed7db8a23d3ea1" PluginTypeId="de220774-2794-e811-943f-0050568da084" Name="VA.TMP.Integration.Plugins.CrmePerson.CrmePersonRetrieveMultiplePostHealthShareGetConsults">
          <FriendlyName>c69cb5a4-61f7-4b87-a92b-4aefe5ad5c2b</FriendlyName>
        </PluginType>
        <PluginType AssemblyQualifiedName="VA.TMP.Integration.Plugins.CrmePerson.CrmePersonRetrieveMultiplePostStage, VA.TMP.Integration.Plugins, Version=1.0.0.0, Culture=neutral, PublicKeyToken=f9ed7db8a23d3ea1" PluginTypeId="f4a23de8-b38a-e611-9423-0050568da084" Name="VA.TMP.Integration.Plugins.CrmePerson.CrmePersonRetrieveMultiplePostStage">
          <FriendlyName>3389ad8f-ec7e-4b01-96b9-7186d84e4451</FriendlyName>
        </PluginType>
        <PluginType AssemblyQualifiedName="VA.TMP.Integration.Plugins.CvtVod.CvtVodCreatePostStage, VA.TMP.Integration.Plugins, Version=1.0.0.0, Culture=neutral, PublicKeyToken=f9ed7db8a23d3ea1" PluginTypeId="f0e55e4f-0f3f-e711-942c-0050568da084" Name="VA.TMP.Integration.Plugins.CvtVod.CvtVodCreatePostStage">
          <FriendlyName>b238a91f-116b-4355-abcc-7dfe9747bf45</FriendlyName>
        </PluginType>
        <PluginType AssemblyQualifiedName="VA.TMP.Integration.Plugins.IntegrationResult.IntegrationResultUpdatePostStage, VA.TMP.Integration.Plugins, Version=1.0.0.0, Culture=neutral, PublicKeyToken=f9ed7db8a23d3ea1" PluginTypeId="6d443b42-96f3-4b9d-8ce8-7df3cf1cfee9" Name="VA.TMP.Integration.Plugins.IntegrationResult.IntegrationResultUpdatePostStage">
          <FriendlyName>f4917318-c19a-4b9f-bc48-e47e5194728e</FriendlyName>
        </PluginType>
        <PluginType AssemblyQualifiedName="VA.TMP.Integration.Plugins.Patient_DeviceInfo.PatientGetDeviceInfoPreStage, VA.TMP.Integration.Plugins, Version=1.0.0.0, Culture=neutral, PublicKeyToken=f9ed7db8a23d3ea1" PluginTypeId="920bb683-ede7-42dd-8a9a-0e20af543aa0" Name="VA.TMP.Integration.Plugins.Patient_DeviceInfo.PatientGetDeviceInfoPreStage">
          <FriendlyName>1cc2e465-f724-484d-9ba6-76574e214ab1</FriendlyName>
        </PluginType>
        <PluginType AssemblyQualifiedName="VA.TMP.Integration.Plugins.Patient_flag.PatientGetPatientFlagPreStage, VA.TMP.Integration.Plugins, Version=1.0.0.0, Culture=neutral, PublicKeyToken=f9ed7db8a23d3ea1" PluginTypeId="2b759c6f-5055-4f56-8035-ec07b3611870" Name="VA.TMP.Integration.Plugins.Patient_flag.PatientGetPatientFlagPreStage">
          <FriendlyName>9ab255c4-561e-4198-a7cd-21533e32fc0c</FriendlyName>
        </PluginType>
        <PluginType AssemblyQualifiedName="VA.TMP.Integration.Plugins.ServiceAppointment.ServiceAppointmentCancelPostStage, VA.TMP.Integration.Plugins, Version=1.0.0.0, Culture=neutral, PublicKeyToken=f9ed7db8a23d3ea1" PluginTypeId="17727b17-f079-e611-9421-0050568da084" Name="VA.TMP.Integration.Plugins.ServiceAppointment.ServiceAppointmentCancelPostStage">
          <FriendlyName>553b304c-4d04-4cb5-a396-851bb8012029</FriendlyName>
        </PluginType>
        <PluginType AssemblyQualifiedName="VA.TMP.Integration.Plugins.ServiceAppointment.ServiceAppointmentCreatePostStage, VA.TMP.Integration.Plugins, Version=1.0.0.0, Culture=neutral, PublicKeyToken=f9ed7db8a23d3ea1" PluginTypeId="18727b17-f079-e611-9421-0050568da084" Name="VA.TMP.Integration.Plugins.ServiceAppointment.ServiceAppointmentCreatePostStage">
          <FriendlyName>2b28d1f2-42e5-4c61-aab2-e8c8942c53c3</FriendlyName>
        </PluginType>
        <PluginType AssemblyQualifiedName="VA.TMP.Integration.Plugins.ServiceAppointment.ServiceAppointmentIntegrationOrchestratorPostStage, VA.TMP.Integration.Plugins, Version=1.0.0.0, Culture=neutral, PublicKeyToken=f9ed7db8a23d3ea1" PluginTypeId="230e87e9-f6ce-e711-9436-0050568da084" Name="VA.TMP.Integration.Plugins.ServiceAppointment.ServiceAppointmentIntegrationOrchestratorPostStage">
          <FriendlyName>0a0f3550-5ac1-43be-9cf9-ae4148ee3752</FriendlyName>
        </PluginType>
        <PluginType AssemblyQualifiedName="VA.TMP.Integration.Plugins.ServiceAppointment.ServiceAppointmentProxyAddUpdatePostStage, VA.TMP.Integration.Plugins, Version=1.0.0.0, Culture=neutral, PublicKeyToken=f9ed7db8a23d3ea1" PluginTypeId="0eb1462c-998d-e711-9431-0050568da084" Name="VA.TMP.Integration.Plugins.ServiceAppointment.ServiceAppointmentProxyAddUpdatePostStage">
          <FriendlyName>bd2d5e30-47ca-4ef9-9eba-1c3efd018b5a</FriendlyName>
        </PluginType>
        <PluginType AssemblyQualifiedName="VA.TMP.Integration.Plugins.ServiceAppointment.ServiceAppointmentVistaCancelPostStage, VA.TMP.Integration.Plugins, Version=1.0.0.0, Culture=neutral, PublicKeyToken=f9ed7db8a23d3ea1" PluginTypeId="240e87e9-f6ce-e711-9436-0050568da084" Name="VA.TMP.Integration.Plugins.ServiceAppointment.ServiceAppointmentVistaCancelPostStage">
          <FriendlyName>e06cd39f-ed9f-43c1-81a4-c0640abb8392</FriendlyName>
        </PluginType>
        <PluginType AssemblyQualifiedName="VA.TMP.Integration.Plugins.ServiceAppointment.ServiceAppointmentVistaUpdatePostStage, VA.TMP.Integration.Plugins, Version=1.0.0.0, Culture=neutral, PublicKeyToken=f9ed7db8a23d3ea1" PluginTypeId="250e87e9-f6ce-e711-9436-0050568da084" Name="VA.TMP.Integration.Plugins.ServiceAppointment.ServiceAppointmentVistaUpdatePostStage">
          <FriendlyName>6aba084f-548c-4c52-bac5-ad78409cb885</FriendlyName>
        </PluginType>
        <PluginType AssemblyQualifiedName="VA.TMP.Integration.Plugins.ServiceAppointment.ServiceAppointmentVmrCancelPostStage, VA.TMP.Integration.Plugins, Version=1.0.0.0, Culture=neutral, PublicKeyToken=f9ed7db8a23d3ea1" PluginTypeId="c6716244-8d27-e811-943a-0050568da084" Name="VA.TMP.Integration.Plugins.ServiceAppointment.ServiceAppointmentVmrCancelPostStage">
          <FriendlyName>44a46220-a4af-4cc9-80e7-7c8b886fadc7</FriendlyName>
        </PluginType>
        <PluginType AssemblyQualifiedName="VA.TMP.Integration.Plugins.ServiceAppointment.ServiceAppointmentVmrUpdatePostStage, VA.TMP.Integration.Plugins, Version=1.0.0.0, Culture=neutral, PublicKeyToken=f9ed7db8a23d3ea1" PluginTypeId="19727b17-f079-e611-9421-0050568da084" Name="VA.TMP.Integration.Plugins.ServiceAppointment.ServiceAppointmentVmrUpdatePostStage">
          <FriendlyName>0c5980d6-1356-4beb-95f9-1b338b367db1</FriendlyName>
        </PluginType>
        <PluginType AssemblyQualifiedName="VA.TMP.Integration.Plugins.ServiceAppointment.ServiceAppointmentVvsUpdatePostStage, VA.TMP.Integration.Plugins, Version=1.0.0.0, Culture=neutral, PublicKeyToken=f9ed7db8a23d3ea1" PluginTypeId="1a727b17-f079-e611-9421-0050568da084" Name="VA.TMP.Integration.Plugins.ServiceAppointment.ServiceAppointmentVvsUpdatePostStage">
          <FriendlyName>aaa60a0f-e088-4bd9-a06a-ea78bf204e7c</FriendlyName>
        </PluginType>
        <PluginType AssemblyQualifiedName="VA.TMP.Integration.Plugins.VistaIntegrationResult.VistaIntegrationResultUpdatePostStage, VA.TMP.Integration.Plugins, Version=1.0.0.0, Culture=neutral, PublicKeyToken=f9ed7db8a23d3ea1" PluginTypeId="fa6173d9-ce31-e711-942b-0050568da084" Name="VA.TMP.Integration.Plugins.VistaIntegrationResult.VistaIntegrationResultUpdatePostStage">
          <FriendlyName>95af30dc-4e5a-475d-b212-8158f343af2a</FriendlyName>
        </PluginType>
      </PluginTypes>
    </PluginAssembly>
  </SolutionPluginAssemblies>
  <EntityDataProviders />
  <Languages>
    <Language>1033</Language>
  </Languages>
</ImportExportXml>