<ImportExportXml xmlns:xsi="http://www.w3.org/2001/XMLSchema-instance">
  <Entities>
    <Entity>
      <Name LocalizedName="Vista Integration Result" OriginalName="Vista Integration Result">cvt_vistaintegrationresult</Name>
      <EntityInfo>
        <entity Name="cvt_vistaintegrationresult">
          <LocalizedNames>
            <LocalizedName description="Vista Integration Result" languagecode="1033" />
          </LocalizedNames>
          <LocalizedCollectionNames>
            <LocalizedCollectionName description="Vista Integration Results" languagecode="1033" />
          </LocalizedCollectionNames>
          <Descriptions>
            <Description description="" languagecode="1033" />
          </Descriptions>
          <attributes>
            <attribute PhysicalName="tmp_ReasonforCancelation">
              <Type>nvarchar</Type>
              <Name>tmp_reasonforcancelation</Name>
              <LogicalName>tmp_reasonforcancelation</LogicalName>
              <RequiredLevel>none</RequiredLevel>
              <DisplayMask>ValidForAdvancedFind|ValidForForm|ValidForGrid</DisplayMask>
              <ImeMode>auto</ImeMode>
              <ValidForUpdateApi>1</ValidForUpdateApi>
              <ValidForReadApi>1</ValidForReadApi>
              <ValidForCreateApi>1</ValidForCreateApi>
              <IsCustomField>1</IsCustomField>
              <IsAuditEnabled>1</IsAuditEnabled>
              <IsSecured>0</IsSecured>
              <IntroducedVersion>1.0.0.0</IntroducedVersion>
              <IsCustomizable>1</IsCustomizable>
              <IsRenameable>1</IsRenameable>
              <CanModifySearchSettings>1</CanModifySearchSettings>
              <CanModifyRequirementLevelSettings>1</CanModifyRequirementLevelSettings>
              <CanModifyAdditionalSettings>1</CanModifyAdditionalSettings>
              <SourceType>0</SourceType>
              <IsGlobalFilterEnabled>0</IsGlobalFilterEnabled>
              <IsSortableEnabled>0</IsSortableEnabled>
              <CanModifyGlobalFilterSettings>1</CanModifyGlobalFilterSettings>
              <CanModifyIsSortableSettings>1</CanModifyIsSortableSettings>
              <IsDataSourceSecret>0</IsDataSourceSecret>
              <AutoNumberFormat></AutoNumberFormat>
              <IsSearchable>0</IsSearchable>
              <IsFilterable>0</IsFilterable>
              <IsRetrievable>0</IsRetrievable>
              <IsLocalizable>0</IsLocalizable>
              <Format>text</Format>
              <MaxLength>100</MaxLength>
              <Length>200</Length>
              <displaynames>
                <displayname description="Reason for Cancelation" languagecode="1033" />
              </displaynames>
              <Descriptions>
                <Description description="" languagecode="1033" />
              </Descriptions>
            </attribute>
          </attributes>
          <EntitySetName>cvt_vistaintegrationresults</EntitySetName>
          <IsDuplicateCheckSupported>1</IsDuplicateCheckSupported>
          <IsBusinessProcessEnabled>0</IsBusinessProcessEnabled>
          <IsRequiredOffline>0</IsRequiredOffline>
          <IsInteractionCentricEnabled>0</IsInteractionCentricEnabled>
          <IsCollaboration>0</IsCollaboration>
          <AutoRouteToOwnerQueue>0</AutoRouteToOwnerQueue>
          <IsConnectionsEnabled>1</IsConnectionsEnabled>
          <IsDocumentManagementEnabled>0</IsDocumentManagementEnabled>
          <AutoCreateAccessTeams>0</AutoCreateAccessTeams>
          <IsOneNoteIntegrationEnabled>0</IsOneNoteIntegrationEnabled>
          <IsKnowledgeManagementEnabled>0</IsKnowledgeManagementEnabled>
          <IsSLAEnabled>0</IsSLAEnabled>
          <IsDocumentRecommendationsEnabled>0</IsDocumentRecommendationsEnabled>
          <IsBPFEntity>0</IsBPFEntity>
          <OwnershipTypeMask>UserOwned</OwnershipTypeMask>
          <EntityMask>ActivityPointer</EntityMask>
          <IsAuditEnabled>1</IsAuditEnabled>
          <IsRetrieveAuditEnabled>0</IsRetrieveAuditEnabled>
          <IsRetrieveMultipleAuditEnabled>0</IsRetrieveMultipleAuditEnabled>
          <IsActivity>0</IsActivity>
          <ActivityTypeMask></ActivityTypeMask>
          <IsActivityParty>0</IsActivityParty>
          <IsReplicated>0</IsReplicated>
          <IsReplicationUserFiltered>0</IsReplicationUserFiltered>
          <IsMailMergeEnabled>1</IsMailMergeEnabled>
          <IsVisibleInMobile>0</IsVisibleInMobile>
          <IsVisibleInMobileClient>0</IsVisibleInMobileClient>
          <IsReadOnlyInMobileClient>0</IsReadOnlyInMobileClient>
          <IsOfflineInMobileClient>0</IsOfflineInMobileClient>
          <DaysSinceRecordLastModified>0</DaysSinceRecordLastModified>
          <MobileOfflineFilters></MobileOfflineFilters>
          <IsMapiGridEnabled>1</IsMapiGridEnabled>
          <IsReadingPaneEnabled>1</IsReadingPaneEnabled>
          <IsQuickCreateEnabled>0</IsQuickCreateEnabled>
          <SyncToExternalSearchIndex>0</SyncToExternalSearchIndex>
          <IntroducedVersion>2016.12.2.1</IntroducedVersion>
          <IsCustomizable>1</IsCustomizable>
          <IsRenameable>1</IsRenameable>
          <IsMappable>1</IsMappable>
          <CanModifyAuditSettings>1</CanModifyAuditSettings>
          <CanModifyMobileVisibility>1</CanModifyMobileVisibility>
          <CanModifyMobileClientVisibility>1</CanModifyMobileClientVisibility>
          <CanModifyMobileClientReadOnly>1</CanModifyMobileClientReadOnly>
          <CanModifyMobileClientOffline>1</CanModifyMobileClientOffline>
          <CanModifyConnectionSettings>1</CanModifyConnectionSettings>
          <CanModifyDuplicateDetectionSettings>1</CanModifyDuplicateDetectionSettings>
          <CanModifyMailMergeSettings>1</CanModifyMailMergeSettings>
          <CanModifyQueueSettings>1</CanModifyQueueSettings>
          <CanCreateAttributes>1</CanCreateAttributes>
          <CanCreateForms>1</CanCreateForms>
          <CanCreateCharts>1</CanCreateCharts>
          <CanCreateViews>1</CanCreateViews>
          <CanModifyAdditionalSettings>1</CanModifyAdditionalSettings>
          <CanEnableSyncToExternalSearchIndex>0</CanEnableSyncToExternalSearchIndex>
          <IconMediumName>cvt_network32</IconMediumName>
          <IconSmallName>cvt_network16</IconSmallName>
          <EnforceStateTransitions>0</EnforceStateTransitions>
          <CanChangeHierarchicalRelationship>1</CanChangeHierarchicalRelationship>
          <EntityHelpUrlEnabled>0</EntityHelpUrlEnabled>
          <EntityHelpUrl></EntityHelpUrl>
          <ChangeTrackingEnabled>0</ChangeTrackingEnabled>
          <CanChangeTrackingBeEnabled>1</CanChangeTrackingBeEnabled>
          <IsEnabledForExternalChannels>0</IsEnabledForExternalChannels>
          <IsMSTeamsIntegrationEnabled>0</IsMSTeamsIntegrationEnabled>
          <IsSolutionAware>0</IsSolutionAware>
          <HasRelatedNotes>True</HasRelatedNotes>
          <HasRelatedActivities>True</HasRelatedActivities>
        </entity>
      </EntityInfo>
      <RibbonDiffXml>
        <CustomActions>
          <HideCustomAction HideActionId="Mscrm.HomepageGrid.cvt_vistaintegrationresult.Activate.HideAction" Location="Mscrm.HomepageGrid.cvt_vistaintegrationresult.Activate" />
          <HideCustomAction HideActionId="Mscrm.HomepageGrid.cvt_vistaintegrationresult.Deactivate.HideAction" Location="Mscrm.HomepageGrid.cvt_vistaintegrationresult.Deactivate" />
          <HideCustomAction HideActionId="Mscrm.HomepageGrid.cvt_vistaintegrationresult.DeleteMenu.HideAction" Location="Mscrm.HomepageGrid.cvt_vistaintegrationresult.DeleteMenu" />
          <HideCustomAction HideActionId="Mscrm.HomepageGrid.cvt_vistaintegrationresult.NewRecord.HideAction" Location="Mscrm.HomepageGrid.cvt_vistaintegrationresult.NewRecord" />
          <HideCustomAction HideActionId="Mscrm.SubGrid.cvt_vistaintegrationresult.Activate.HideAction" Location="Mscrm.SubGrid.cvt_vistaintegrationresult.Activate" />
          <HideCustomAction HideActionId="Mscrm.SubGrid.cvt_vistaintegrationresult.AddExistingAssoc.HideAction" Location="Mscrm.SubGrid.cvt_vistaintegrationresult.AddExistingAssoc" />
          <HideCustomAction HideActionId="Mscrm.SubGrid.cvt_vistaintegrationresult.AddExistingStandard.HideAction" Location="Mscrm.SubGrid.cvt_vistaintegrationresult.AddExistingStandard" />
          <HideCustomAction HideActionId="Mscrm.SubGrid.cvt_vistaintegrationresult.AddNewStandard.HideAction" Location="Mscrm.SubGrid.cvt_vistaintegrationresult.AddNewStandard" />
          <HideCustomAction HideActionId="Mscrm.SubGrid.cvt_vistaintegrationresult.BulkDelete.HideAction" Location="Mscrm.SubGrid.cvt_vistaintegrationresult.BulkDelete" />
          <HideCustomAction HideActionId="Mscrm.SubGrid.cvt_vistaintegrationresult.Deactivate.HideAction" Location="Mscrm.SubGrid.cvt_vistaintegrationresult.Deactivate" />
          <HideCustomAction HideActionId="Mscrm.SubGrid.cvt_vistaintegrationresult.Delete.HideAction" Location="Mscrm.SubGrid.cvt_vistaintegrationresult.Delete" />
          <HideCustomAction HideActionId="Mscrm.SubGrid.cvt_vistaintegrationresult.NewRecord.HideAction" Location="Mscrm.SubGrid.cvt_vistaintegrationresult.NewRecord" />
          <HideCustomAction HideActionId="Mscrm.SubGrid.cvt_vistaintegrationresult.Remove.HideAction" Location="Mscrm.SubGrid.cvt_vistaintegrationresult.Remove" />
        </CustomActions>
        <Templates>
          <RibbonTemplates Id="Mscrm.Templates"></RibbonTemplates>
        </Templates>
        <CommandDefinitions />
        <RuleDefinitions>
          <TabDisplayRules />
          <DisplayRules />
          <EnableRules />
        </RuleDefinitions>
        <LocLabels />
      </RibbonDiffXml>
    </Entity>
  </Entities>
  <Roles>
    <Role id="{6fc6324f-f6cd-e211-8be4-78e3b508e8ef}" name="TMP Scheduler" isinherited="0">
      <IsCustomizable>1</IsCustomizable>
      <RolePrivileges>
        <RolePrivilege name="prvAppendActionCard" level="Basic" />
        <RolePrivilege name="prvAppendActivity" level="Global" />
        <RolePrivilege name="prvAppendavailabletimes" level="Global" />
        <RolePrivilege name="prvAppendCalendar" level="Global" />
        <RolePrivilege name="prvAppendContact" level="Global" />
        <RolePrivilege name="prvAppendcvt_nonvaemail" level="Global" />
        <RolePrivilege name="prvAppendcvt_patientresourcegroup" level="Global" />
        <RolePrivilege name="prvAppendcvt_providerresourcegroup" level="Global" />
        <RolePrivilege name="prvAppendcvt_userduz" level="Local" />
        <RolePrivilege name="prvAppendcvt_vistaintegrationresult" level="Global" />
        <RolePrivilege name="prvAppendEquipment" level="Global" />
        <RolePrivilege name="prvAppendExpiredProcess" level="Global" />
        <RolePrivilege name="prvAppendLeadToOpportunitySalesProcess" level="Global" />
        <RolePrivilege name="prvAppendmcs_appointmentresourceconflict" level="Global" />
        <RolePrivilege name="prvAppendmcs_groupresource" level="Global" />
        <RolePrivilege name="prvAppendmcs_integrationresult" level="Global" />
        <RolePrivilege name="prvAppendmcs_missingresource" level="Local" />
        <RolePrivilege name="prvAppendmcs_reserveresourcemissingresource" level="Local" />
        <RolePrivilege name="prvAppendmcs_reserveresourceresourceconflict" level="Local" />
        <RolePrivilege name="prvAppendmcs_resource" level="Global" />
        <RolePrivilege name="prvAppendmcs_resourceconflict" level="Local" />
        <RolePrivilege name="prvAppendmcs_resourcegroup" level="Global" />
        <RolePrivilege name="prvAppendmcs_services" level="Global" />
        <RolePrivilege name="prvAppendmcs_servicesubtype" level="Global" />
        <RolePrivilege name="prvAppendmcs_servicetype" level="Global" />
        <RolePrivilege name="prvAppendmcs_site" level="Global" />
        <RolePrivilege name="prvAppendmsdyn_salestag" level="Local" />
        <RolePrivilege name="prvAppendmsdyn_sequencetargetstep" level="Local" />
        <RolePrivilege name="prvAppendNewProcess" level="Global" />
        <RolePrivilege name="prvAppendOpportunitySalesProcess" level="Global" />
        <RolePrivilege name="prvAppendPhoneToCaseProcess" level="Global" />
        <RolePrivilege name="prvAppendService" level="Global" />
        <RolePrivilege name="prvAppendToActionCard" level="Global" />
        <RolePrivilege name="prvAppendToActivity" level="Global" />
        <RolePrivilege name="prvAppendToavailabletimes" level="Global" />
        <RolePrivilege name="prvAppendToCalendar" level="Global" />
        <RolePrivilege name="prvAppendToContact" level="Global" />
        <RolePrivilege name="prvAppendTocvt_nonvaemail" level="Global" />
        <RolePrivilege name="prvAppendTocvt_patientresourcegroup" level="Global" />
        <RolePrivilege name="prvAppendTocvt_providerresourcegroup" level="Global" />
        <RolePrivilege name="prvAppendTocvt_userduz" level="Local" />
        <RolePrivilege name="prvAppendTocvt_vistaintegrationresult" level="Global" />
        <RolePrivilege name="prvAppendToEquipment" level="Global" />
        <RolePrivilege name="prvAppendToExpiredProcess" level="Global" />
        <RolePrivilege name="prvAppendToLeadToOpportunitySalesProcess" level="Global" />
        <RolePrivilege name="prvAppendTomcs_appointmentresourceconflict" level="Global" />
        <RolePrivilege name="prvAppendTomcs_groupresource" level="Global" />
        <RolePrivilege name="prvAppendTomcs_integrationresult" level="Global" />
        <RolePrivilege name="prvAppendTomcs_missingresource" level="Local" />
        <RolePrivilege name="prvAppendTomcs_reserveresourcemissingresource" level="Local" />
        <RolePrivilege name="prvAppendTomcs_reserveresourceresourceconflict" level="Local" />
        <RolePrivilege name="prvAppendTomcs_resource" level="Global" />
        <RolePrivilege name="prvAppendTomcs_resourceconflict" level="Local" />
        <RolePrivilege name="prvAppendTomcs_resourcegroup" level="Global" />
        <RolePrivilege name="prvAppendTomcs_services" level="Global" />
        <RolePrivilege name="prvAppendTomcs_servicesubtype" level="Global" />
        <RolePrivilege name="prvAppendTomcs_servicetype" level="Global" />
        <RolePrivilege name="prvAppendTomcs_site" level="Global" />
        <RolePrivilege name="prvAppendTomsdyn_salestag" level="Local" />
        <RolePrivilege name="prvAppendTomsdyn_sequencetarget" level="Local" />
        <RolePrivilege name="prvAppendToNewProcess" level="Global" />
        <RolePrivilege name="prvAppendToOpportunitySalesProcess" level="Global" />
        <RolePrivilege name="prvAppendToPhoneToCaseProcess" level="Global" />
        <RolePrivilege name="prvAppendToService" level="Global" />
        <RolePrivilege name="prvAppendToTranslationProcess" level="Global" />
        <RolePrivilege name="prvAppendToUser" level="Global" />
        <RolePrivilege name="prvAppendTranslationProcess" level="Global" />
        <RolePrivilege name="prvAppendUser" level="Global" />
        <RolePrivilege name="prvAssignConnection" level="Local" />
        <RolePrivilege name="prvAssigncvt_nonvaemail" level="Deep" />
        <RolePrivilege name="prvAssigncvt_vistaintegrationresult" level="Global" />
        <RolePrivilege name="prvAssignmcs_appointmentresourceconflict" level="Global" />
        <RolePrivilege name="prvAssignmcs_missingresource" level="Local" />
        <RolePrivilege name="prvAssignmcs_reserveresourcemissingresource" level="Local" />
        <RolePrivilege name="prvAssignmcs_reserveresourceresourceconflict" level="Local" />
        <RolePrivilege name="prvAssignmcs_resourceconflict" level="Local" />
        <RolePrivilege name="prvAssignmsdyn_sequencetarget" level="Local" />
        <RolePrivilege name="prvAssignmsdyn_sequencetargetstep" level="Local" />
        <RolePrivilege name="prvCreateActionCard" level="Basic" />
        <RolePrivilege name="prvCreateActionCardUserSettings" level="Basic" />
        <RolePrivilege name="prvCreateContact" level="Global" />
        <RolePrivilege name="prvCreatecvt_nonvaemail" level="Deep" />
        <RolePrivilege name="prvCreatecvt_userduz" level="Basic" />
        <RolePrivilege name="prvCreatecvt_vistaintegrationresult" level="Global" />
        <RolePrivilege name="prvCreateExpiredProcess" level="Global" />
        <RolePrivilege name="prvCreateLeadToOpportunitySalesProcess" level="Global" />
        <RolePrivilege name="prvCreatemcs_integrationresult" level="Global" />
        <RolePrivilege name="prvCreatemcs_log" level="Global" />
        <RolePrivilege name="prvCreatemcs_reserveresourcemissingresource" level="Global" />
        <RolePrivilege name="prvCreatemcs_reserveresourceresourceconflict" level="Global" />
        <RolePrivilege name="prvCreatemcs_resourceconflict" level="Local" />
        <RolePrivilege name="prvCreatemsdyn_extendedusersetting" level="Basic" />
        <RolePrivilege name="prvCreatemsdyn_sequencetargetstep" level="Local" />
        <RolePrivilege name="prvCreatemsdyn_workqueuestate" level="Basic" />
        <RolePrivilege name="prvCreatemsdyn_workqueueusersetting" level="Basic" />
        <RolePrivilege name="prvCreateNewProcess" level="Global" />
        <RolePrivilege name="prvCreateOpportunitySalesProcess" level="Global" />
        <RolePrivilege name="prvCreatePhoneToCaseProcess" level="Global" />
        <RolePrivilege name="prvCreateSharePointData" level="Global" />
        <RolePrivilege name="prvCreateTranslationProcess" level="Global" />
        <RolePrivilege name="prvDeleteActionCardUserSettings" level="Basic" />
        <RolePrivilege name="prvDeleteExpiredProcess" level="Global" />
        <RolePrivilege name="prvDeleteLeadToOpportunitySalesProcess" level="Global" />
        <RolePrivilege name="prvDeletemcs_appointmentresourceconflict" level="Global" />
        <RolePrivilege name="prvDeletemcs_missingresource" level="Local" />
        <RolePrivilege name="prvDeletemcs_reserveresourcemissingresource" level="Local" />
        <RolePrivilege name="prvDeletemcs_reserveresourceresourceconflict" level="Local" />
        <RolePrivilege name="prvDeletemcs_resourceconflict" level="Local" />
        <RolePrivilege name="prvDeletemsdyn_workqueuestate" level="Basic" />
        <RolePrivilege name="prvDeleteNewProcess" level="Global" />
        <RolePrivilege name="prvDeleteOpportunitySalesProcess" level="Global" />
        <RolePrivilege name="prvDeletePhoneToCaseProcess" level="Global" />
        <RolePrivilege name="prvDeleteTranslationProcess" level="Global" />
        <RolePrivilege name="prvFlow" level="Global" />
        <RolePrivilege name="prvReadActionCard" level="Basic" />
        <RolePrivilege name="prvReadActionCardUserSettings" level="Basic" />
        <RolePrivilege name="prvReadActivity" level="Global" />
        <RolePrivilege name="prvReadAppModule" level="Global" />
        <RolePrivilege name="prvReadavailabletimes" level="Global" />
        <RolePrivilege name="prvReadConnection" level="Local" />
        <RolePrivilege name="prvReadConnectionRole" level="Global" />
        <RolePrivilege name="prvReadContact" level="Global" />
        <RolePrivilege name="prvReadcvt_nonvaemail" level="Deep" />
        <RolePrivilege name="prvReadcvt_userduz" level="Local" />
        <RolePrivilege name="prvReadcvt_vistaintegrationresult" level="Global" />
        <RolePrivilege name="prvReadExpiredProcess" level="Global" />
        <RolePrivilege name="prvReadLeadToOpportunitySalesProcess" level="Global" />
        <RolePrivilege name="prvReadmcs_appointmentresourceconflict" level="Global" />
        <RolePrivilege name="prvReadmcs_integrationresult" level="Global" />
        <RolePrivilege name="prvReadmcs_log" level="Global" />
        <RolePrivilege name="prvReadmcs_missingresource" level="Local" />
        <RolePrivilege name="prvReadmcs_personidentifiers" level="Global" />
        <RolePrivilege name="prvReadmcs_reserveresourcemissingresource" level="Local" />
        <RolePrivilege name="prvReadmcs_reserveresourceresourceconflict" level="Local" />
        <RolePrivilege name="prvReadmcs_resourceconflict" level="Local" />
        <RolePrivilege name="prvReadmcs_setting" level="Global" />
        <RolePrivilege name="prvReadmsdyn_extendedusersetting" level="Basic" />
        <RolePrivilege name="prvReadmsdyn_salesaccelerationsettings" level="Global" />
        <RolePrivilege name="prvReadmsdyn_salestag" level="Local" />
        <RolePrivilege name="prvReadmsdyn_sequence" level="Local" />
        <RolePrivilege name="prvReadmsdyn_sequencetarget" level="Local" />
        <RolePrivilege name="prvReadmsdyn_sequencetargetstep" level="Local" />
        <RolePrivilege name="prvReadmsdyn_workqueuerecord" level="Global" />
        <RolePrivilege name="prvReadmsdyn_workqueuestate" level="Basic" />
        <RolePrivilege name="prvReadmsdyn_workqueueusersetting" level="Basic" />
        <RolePrivilege name="prvReadNewProcess" level="Global" />
        <RolePrivilege name="prvReadOpportunitySalesProcess" level="Global" />
        <RolePrivilege name="prvReadPhoneToCaseProcess" level="Global" />
        <RolePrivilege name="prvReadReport" level="Global" />
        <RolePrivilege name="prvReadSharePointData" level="Global" />
        <RolePrivilege name="prvReadSharePointDocument" level="Global" />
        <RolePrivilege name="prvReadtmp_CancelationReason" level="Global" />
        <RolePrivilege name="prvReadTranslationProcess" level="Global" />
        <RolePrivilege name="prvReadUser" level="Global" />
        <RolePrivilege name="prvShareActionCardUserSettings" level="Basic" />
        <RolePrivilege name="prvSharecvt_nonvaemail" level="Deep" />
        <RolePrivilege name="prvSharemcs_appointmentresourceconflict" level="Global" />
        <RolePrivilege name="prvSharemcs_missingresource" level="Local" />
        <RolePrivilege name="prvSharemcs_reserveresourcemissingresource" level="Local" />
        <RolePrivilege name="prvSharemcs_reserveresourceresourceconflict" level="Local" />
        <RolePrivilege name="prvSharemcs_resourceconflict" level="Local" />
        <RolePrivilege name="prvWorkflowExecution" level="Global" />
        <RolePrivilege name="prvWriteActionCard" level="Basic" />
        <RolePrivilege name="prvWriteActionCardUserSettings" level="Basic" />
        <RolePrivilege name="prvWriteActivity" level="Deep" />
        <RolePrivilege name="prvWriteConnection" level="Local" />
        <RolePrivilege name="prvWriteContact" level="Global" />
        <RolePrivilege name="prvWritecvt_nonvaemail" level="Basic" />
        <RolePrivilege name="prvWritecvt_userduz" level="Local" />
        <RolePrivilege name="prvWritecvt_vistaintegrationresult" level="Global" />
        <RolePrivilege name="prvWriteExpiredProcess" level="Global" />
        <RolePrivilege name="prvWriteLeadToOpportunitySalesProcess" level="Global" />
        <RolePrivilege name="prvWritemcs_appointmentresourceconflict" level="Global" />
        <RolePrivilege name="prvWritemcs_integrationresult" level="Global" />
        <RolePrivilege name="prvWritemcs_missingresource" level="Local" />
        <RolePrivilege name="prvWritemcs_reserveresourcemissingresource" level="Local" />
        <RolePrivilege name="prvWritemcs_reserveresourceresourceconflict" level="Local" />
        <RolePrivilege name="prvWritemcs_resourceconflict" level="Local" />
        <RolePrivilege name="prvWritemsdyn_extendedusersetting" level="Basic" />
        <RolePrivilege name="prvWritemsdyn_sequencetarget" level="Local" />
        <RolePrivilege name="prvWritemsdyn_sequencetargetstep" level="Local" />
        <RolePrivilege name="prvWritemsdyn_workqueuestate" level="Basic" />
        <RolePrivilege name="prvWritemsdyn_workqueueusersetting" level="Basic" />
        <RolePrivilege name="prvWriteNewProcess" level="Global" />
        <RolePrivilege name="prvWriteOpportunitySalesProcess" level="Global" />
        <RolePrivilege name="prvWritePhoneToCaseProcess" level="Global" />
        <RolePrivilege name="prvWriteSharePointData" level="Global" />
        <RolePrivilege name="prvWriteTranslationProcess" level="Global" />
        <RolePrivilege name="prvWriteUser" level="Deep" />
      </RolePrivileges>
    </Role>
  </Roles>
  <Workflows></Workflows>
  <FieldSecurityProfiles></FieldSecurityProfiles>
  <Templates />
  <EntityMaps />
  <EntityRelationships />
  <OrganizationSettings />
  <optionsets />
  <WebResources>
    <WebResource>
      <WebResourceId>{da07b2ba-568f-e611-80dc-000d3a007bf6}</WebResourceId>
      <Name>mcs_serviceactivity.min.js</Name>
      <DisplayName>Service Activity javascript library</DisplayName>
      <LanguageCode>1033</LanguageCode>
      <WebResourceType>3</WebResourceType>
      <IntroducedVersion>1.0.0.0</IntroducedVersion>
      <IsEnabledForMobileClient>0</IsEnabledForMobileClient>
      <IsAvailableForMobileOffline>0</IsAvailableForMobileOffline>
      <DependencyXml>&lt;Dependencies&gt;&lt;Dependency componentType="WebResource"/&gt;&lt;/Dependencies&gt;</DependencyXml>
      <FileName>/WebResources/mcs_serviceactivityminjsDA07B2BA-568F-E611-80DC-000D3A007BF6</FileName>
    </WebResource>
    <WebResource>
      <WebResourceId>{eccdf6bb-d274-ed11-81ab-001dd80721cf}</WebResourceId>
      <Name>tmp_CancelAppointment.html</Name>
      <DisplayName>Cancel Appointment RR</DisplayName>
      <WebResourceType>1</WebResourceType>
      <IntroducedVersion>1.0.0.0</IntroducedVersion>
      <IsEnabledForMobileClient>0</IsEnabledForMobileClient>
      <IsAvailableForMobileOffline>0</IsAvailableForMobileOffline>
      <DependencyXml>&lt;Dependencies&gt;&lt;Dependency componentType="WebResource"/&gt;&lt;/Dependencies&gt;</DependencyXml>
      <IsCustomizable>1</IsCustomizable>
      <CanBeDeleted>1</CanBeDeleted>
      <IsHidden>0</IsHidden>
      <FileName>/WebResources/tmp_CancelAppointmenthtmlECCDF6BB-D274-ED11-81AB-001DD80721CF</FileName>
    </WebResource>
  </WebResources>
  <CustomControls />
  <SolutionPluginAssemblies>
    <PluginAssembly FullName="TMPPlugins, Version=1.0.0.0, Culture=neutral, PublicKeyToken=2a5c0f48e135418c" PluginAssemblyId="d24f4cfc-7b69-4e8b-80d5-07908ab49499" CustomizationLevel="1">
      <IsolationMode>2</IsolationMode>
      <SourceType>0</SourceType>
      <IntroducedVersion>1.0</IntroducedVersion>
      <FileName>/PluginAssemblies/TMPPlugins-D24F4CFC-7B69-4E8B-80D5-07908AB49499/TMPPlugins.dll</FileName>
      <PluginTypes>
        <PluginType AssemblyQualifiedName="VA.TMP.CRM.AssignRecordCreatePostStage, TMPPlugins, Version=1.0.0.0, Culture=neutral, PublicKeyToken=2a5c0f48e135418c" PluginTypeId="21a63f99-4670-4607-9aa5-1846ddcb9050" Name="VA.TMP.CRM.AssignRecordCreatePostStage">
          <FriendlyName>1bb3787f-b66c-4581-a65a-a80f447d49ad</FriendlyName>
        </PluginType>
        <PluginType AssemblyQualifiedName="VA.TMP.CRM.CvtComponentCreatePostStage, TMPPlugins, Version=1.0.0.0, Culture=neutral, PublicKeyToken=2a5c0f48e135418c" PluginTypeId="5df4d952-e581-4a65-b119-2c283dacc576" Name="VA.TMP.CRM.CvtComponentCreatePostStage">
          <FriendlyName>ca4be7ff-be67-40f5-87d5-b8589d70d2e8</FriendlyName>
        </PluginType>
        <PluginType AssemblyQualifiedName="VA.TMP.CRM.CvtComponentCreateUpdatePreStage, TMPPlugins, Version=1.0.0.0, Culture=neutral, PublicKeyToken=2a5c0f48e135418c" PluginTypeId="52637229-7ec6-4e03-b273-68571af09132" Name="VA.TMP.CRM.CvtComponentCreateUpdatePreStage">
          <FriendlyName>ac7140c8-ee08-4519-94a7-bf644588906d</FriendlyName>
        </PluginType>
        <PluginType AssemblyQualifiedName="VA.TMP.CRM.CvtMasterTSACreatePostStage, TMPPlugins, Version=1.0.0.0, Culture=neutral, PublicKeyToken=2a5c0f48e135418c" PluginTypeId="4e150025-9bb5-40b9-8401-430af273a743" Name="VA.TMP.CRM.CvtMasterTSACreatePostStage">
          <FriendlyName>ec719e76-cccd-442c-b090-b76a77b474ff</FriendlyName>
        </PluginType>
        <PluginType AssemblyQualifiedName="VA.TMP.CRM.CvtMasterTSAUpdatePostStage, TMPPlugins, Version=1.0.0.0, Culture=neutral, PublicKeyToken=2a5c0f48e135418c" PluginTypeId="e516319a-8f52-4fe9-9927-5cfb960e16a6" Name="VA.TMP.CRM.CvtMasterTSAUpdatePostStage">
          <FriendlyName>94df8691-eb14-4d5e-9750-9b6366e7d96f</FriendlyName>
        </PluginType>
        <PluginType AssemblyQualifiedName="VA.TMP.CRM.CvtPatGroupCreatePostStage, TMPPlugins, Version=1.0.0.0, Culture=neutral, PublicKeyToken=2a5c0f48e135418c" PluginTypeId="0b13f191-4f99-4540-be8f-02874f4c2ec0" Name="VA.TMP.CRM.CvtPatGroupCreatePostStage">
          <FriendlyName>d12eece8-8558-407a-a49b-bd561ca207b8</FriendlyName>
        </PluginType>
        <PluginType AssemblyQualifiedName="VA.TMP.CRM.CvtPatGroupCreatePreStage, TMPPlugins, Version=1.0.0.0, Culture=neutral, PublicKeyToken=2a5c0f48e135418c" PluginTypeId="4997a9eb-eb56-4318-a700-3fe8cfaf57ac" Name="VA.TMP.CRM.CvtPatGroupCreatePreStage">
          <FriendlyName>0e15e5d5-7cf7-4ecf-a229-dfc53f4348b1</FriendlyName>
        </PluginType>
        <PluginType AssemblyQualifiedName="VA.TMP.CRM.CvtPatGroupDeletePreStage, TMPPlugins, Version=1.0.0.0, Culture=neutral, PublicKeyToken=2a5c0f48e135418c" PluginTypeId="0d0df642-fa73-4670-b169-1a1bfeb507e0" Name="VA.TMP.CRM.CvtPatGroupDeletePreStage">
          <FriendlyName>07149c75-48a5-47ba-acd8-59a82f728117</FriendlyName>
        </PluginType>
        <PluginType AssemblyQualifiedName="VA.TMP.CRM.CvtProvGroupCreatePostStage, TMPPlugins, Version=1.0.0.0, Culture=neutral, PublicKeyToken=2a5c0f48e135418c" PluginTypeId="7ac33838-9a24-4f85-ac52-fbcbb34e6229" Name="VA.TMP.CRM.CvtProvGroupCreatePostStage">
          <FriendlyName>9b0d3282-76ec-4948-8131-a269bec29a25</FriendlyName>
        </PluginType>
        <PluginType AssemblyQualifiedName="VA.TMP.CRM.CvtProvGroupCreatePreStage, TMPPlugins, Version=1.0.0.0, Culture=neutral, PublicKeyToken=2a5c0f48e135418c" PluginTypeId="0bc8ba8f-6681-4480-905f-675a7e7ea3cf" Name="VA.TMP.CRM.CvtProvGroupCreatePreStage">
          <FriendlyName>f2c42549-241a-457f-9c28-3628adc95148</FriendlyName>
        </PluginType>
        <PluginType AssemblyQualifiedName="VA.TMP.CRM.CvtProvGroupDeletePreStage, TMPPlugins, Version=1.0.0.0, Culture=neutral, PublicKeyToken=2a5c0f48e135418c" PluginTypeId="3a1ff73a-121f-4cbb-b248-d7434911aa15" Name="VA.TMP.CRM.CvtProvGroupDeletePreStage">
          <FriendlyName>20a410e8-0538-4964-aac6-eb5f3e959d40</FriendlyName>
        </PluginType>
        <PluginType AssemblyQualifiedName="VA.TMP.CRM.CvtProvGroupUpdatePostStage, TMPPlugins, Version=1.0.0.0, Culture=neutral, PublicKeyToken=2a5c0f48e135418c" PluginTypeId="d536ca38-d9a7-4301-ad92-519511a6e794" Name="VA.TMP.CRM.CvtProvGroupUpdatePostStage">
          <FriendlyName>d5526b06-3b6a-42e7-9be2-8e939188ff34</FriendlyName>
        </PluginType>
        <PluginType AssemblyQualifiedName="VA.TMP.CRM.CVTStagingComponent.StagingComponentUpdatePostStage, TMPPlugins, Version=1.0.0.0, Culture=neutral, PublicKeyToken=2a5c0f48e135418c" PluginTypeId="9976b8fa-9e60-4b04-82e6-0e35f0365ccf" Name="VA.TMP.CRM.CVTStagingComponent.StagingComponentUpdatePostStage">
          <FriendlyName>10bac425-8718-488f-89d0-df840d53c293</FriendlyName>
        </PluginType>
        <PluginType AssemblyQualifiedName="VA.TMP.CRM.CVTStagingResource.StagingResourceUpdatePostStage, TMPPlugins, Version=1.0.0.0, Culture=neutral, PublicKeyToken=2a5c0f48e135418c" PluginTypeId="9022a8c2-e5da-4fe8-834f-dc8e920fe93a" Name="VA.TMP.CRM.CVTStagingResource.StagingResourceUpdatePostStage">
          <FriendlyName>cd62a0e8-678e-4bac-8a38-3c8f1318efe9</FriendlyName>
        </PluginType>
        <PluginType AssemblyQualifiedName="VA.TMP.CRM.CVTStagingResource.StagingResourceUpdatePreStage, TMPPlugins, Version=1.0.0.0, Culture=neutral, PublicKeyToken=2a5c0f48e135418c" PluginTypeId="67ec61da-5752-4922-bcf3-c98c0b7bda9b" Name="VA.TMP.CRM.CVTStagingResource.StagingResourceUpdatePreStage">
          <FriendlyName>97a2358a-f4ca-409f-9429-7a54eb496a1a</FriendlyName>
        </PluginType>
        <PluginType AssemblyQualifiedName="VA.TMP.CRM.CvtTssPrivilegingCreatePostStage, TMPPlugins, Version=1.0.0.0, Culture=neutral, PublicKeyToken=2a5c0f48e135418c" PluginTypeId="232aff26-c3d0-4a12-8586-420a313535dd" Name="VA.TMP.CRM.CvtTssPrivilegingCreatePostStage">
          <FriendlyName>5efa6005-5137-4275-bf49-a4394b35a168</FriendlyName>
        </PluginType>
        <PluginType AssemblyQualifiedName="VA.TMP.CRM.EmailAutomationCreatePostStage, TMPPlugins, Version=1.0.0.0, Culture=neutral, PublicKeyToken=2a5c0f48e135418c" PluginTypeId="ace1dead-fd54-46b3-987d-f595f895ab67" Name="VA.TMP.CRM.EmailAutomationCreatePostStage">
          <FriendlyName>325638e0-84d1-43bb-9fdd-035dfc52919f</FriendlyName>
        </PluginType>
        <PluginType AssemblyQualifiedName="VA.TMP.CRM.EMailCreatePostStage, TMPPlugins, Version=1.0.0.0, Culture=neutral, PublicKeyToken=2a5c0f48e135418c" PluginTypeId="70c582fe-7bc2-4d88-bb80-cff1bebc1a6e" Name="VA.TMP.CRM.EMailCreatePostStage">
          <FriendlyName>ee93c631-4358-43e2-bc09-aee0aa6f7713</FriendlyName>
        </PluginType>
        <PluginType AssemblyQualifiedName="VA.TMP.CRM.Facility_Approval.FacilityApprovalUpdatePostStage, TMPPlugins, Version=1.0.0.0, Culture=neutral, PublicKeyToken=2a5c0f48e135418c" PluginTypeId="bf4a9d2b-c5a7-4611-a867-92f1354e9004" Name="VA.TMP.CRM.Facility_Approval.FacilityApprovalUpdatePostStage">
          <FriendlyName>0b00999c-53cc-4f4e-8dab-f56704ddbf57</FriendlyName>
        </PluginType>
        <PluginType AssemblyQualifiedName="VA.TMP.CRM.FPPEOPPECreatePostStage, TMPPlugins, Version=1.0.0.0, Culture=neutral, PublicKeyToken=2a5c0f48e135418c" PluginTypeId="a4d949bb-f1ac-4aa0-a3c1-cb713b0d6820" Name="VA.TMP.CRM.FPPEOPPECreatePostStage">
          <FriendlyName>3949cb1b-1cab-4cac-80fe-a3a64254302b</FriendlyName>
        </PluginType>
        <PluginType AssemblyQualifiedName="VA.TMP.CRM.Guest_Email.GuestEmailCreatePostStage, TMPPlugins, Version=1.0.0.0, Culture=neutral, PublicKeyToken=2a5c0f48e135418c" PluginTypeId="5924fb12-221b-4eb5-8600-62b48b205e0f" Name="VA.TMP.CRM.Guest_Email.GuestEmailCreatePostStage">
          <FriendlyName>23db7530-e91d-4816-811f-b1f04fb2430c</FriendlyName>
        </PluginType>
        <PluginType AssemblyQualifiedName="VA.TMP.CRM.Import.ImportPostStage, TMPPlugins, Version=1.0.0.0, Culture=neutral, PublicKeyToken=2a5c0f48e135418c" PluginTypeId="5dad9af2-c4f8-44dc-bdbf-93993702f8a5" Name="VA.TMP.CRM.Import.ImportPostStage">
          <FriendlyName>d9b9a33b-b6d3-4eae-8732-0eb453f6bb11</FriendlyName>
        </PluginType>
        <PluginType AssemblyQualifiedName="VA.TMP.CRM.ImportFieldValidationUpdatePostStage, TMPPlugins, Version=1.0.0.0, Culture=neutral, PublicKeyToken=2a5c0f48e135418c" PluginTypeId="05c46c3f-a87f-4fde-8199-034ffdd4d418" Name="VA.TMP.CRM.ImportFieldValidationUpdatePostStage">
          <FriendlyName>bc4d0c5f-5884-49ed-818c-f44c27a0bd22</FriendlyName>
        </PluginType>
        <PluginType AssemblyQualifiedName="VA.TMP.CRM.McsAppointmentCloseCancelPostStage, TMPPlugins, Version=1.0.0.0, Culture=neutral, PublicKeyToken=2a5c0f48e135418c" PluginTypeId="221f9de7-8afc-47b8-9073-415f04ea507e" Name="VA.TMP.CRM.McsAppointmentCloseCancelPostStage">
          <FriendlyName>fa485bee-72a1-4245-bdbf-d94a69fee8b3</FriendlyName>
        </PluginType>
        <PluginType AssemblyQualifiedName="VA.TMP.CRM.McsAppointmentCreatePostStage, TMPPlugins, Version=1.0.0.0, Culture=neutral, PublicKeyToken=2a5c0f48e135418c" PluginTypeId="390a0cb0-5506-4522-8b4d-c9cab3f86a71" Name="VA.TMP.CRM.McsAppointmentCreatePostStage">
          <FriendlyName>54a9ff1c-8eb1-44d6-9fd4-2b21736c4c57</FriendlyName>
        </PluginType>
        <PluginType AssemblyQualifiedName="VA.TMP.CRM.McsAppointmentCreatePreStage, TMPPlugins, Version=1.0.0.0, Culture=neutral, PublicKeyToken=2a5c0f48e135418c" PluginTypeId="49c0ee70-33eb-ec11-bb3b-001dd800c684" Name="VA.TMP.CRM.McsAppointmentCreatePreStage">
          <FriendlyName>VA.TMP.CRM.McsAppointmentCreatePreStage</FriendlyName>
        </PluginType>
        <PluginType AssemblyQualifiedName="VA.TMP.CRM.McsAppointmentDeletePreStage, TMPPlugins, Version=1.0.0.0, Culture=neutral, PublicKeyToken=2a5c0f48e135418c" PluginTypeId="39058f6d-8501-486e-b0fd-0995f8659a34" Name="VA.TMP.CRM.McsAppointmentDeletePreStage">
          <FriendlyName>98caa9d4-6610-4837-bb81-d8c1f1eb070d</FriendlyName>
        </PluginType>
        <PluginType AssemblyQualifiedName="VA.TMP.CRM.McsAppointmentMasterCloseCancelPostStage, TMPPlugins, Version=1.0.0.0, Culture=neutral, PublicKeyToken=2a5c0f48e135418c" PluginTypeId="20654b12-1710-4ab8-8e6c-5858980baa13" Name="VA.TMP.CRM.McsAppointmentMasterCloseCancelPostStage">
          <FriendlyName>86c6ded6-2bd7-43f0-a5db-10ff267ebadf</FriendlyName>
        </PluginType>
        <PluginType AssemblyQualifiedName="VA.TMP.CRM.McsAppointmentMasterCreatePreStage, TMPPlugins, Version=1.0.0.0, Culture=neutral, PublicKeyToken=2a5c0f48e135418c" PluginTypeId="c4af3976-7ede-4524-b1c1-5b9d263473cd" Name="VA.TMP.CRM.McsAppointmentMasterCreatePreStage">
          <FriendlyName>0afdcb31-5b80-4656-b5ae-1cc1bca394b9</FriendlyName>
        </PluginType>
        <PluginType AssemblyQualifiedName="VA.TMP.CRM.McsAppointmentMasterDeletePreStage, TMPPlugins, Version=1.0.0.0, Culture=neutral, PublicKeyToken=2a5c0f48e135418c" PluginTypeId="e623d862-fbfd-49ba-8548-0d13bda3f714" Name="VA.TMP.CRM.McsAppointmentMasterDeletePreStage">
          <FriendlyName>bc2aff30-8623-4b45-929b-f4c71960622b</FriendlyName>
        </PluginType>
        <PluginType AssemblyQualifiedName="VA.TMP.CRM.McsFacilityUpdatePostStage, TMPPlugins, Version=1.0.0.0, Culture=neutral, PublicKeyToken=2a5c0f48e135418c" PluginTypeId="575e5887-5b25-43ef-9ede-6813214e55d3" Name="VA.TMP.CRM.McsFacilityUpdatePostStage">
          <FriendlyName>ae831c3d-3d8a-47db-bbaa-181e6dd885c2</FriendlyName>
        </PluginType>
        <PluginType AssemblyQualifiedName="VA.TMP.CRM.McsGroupResourceCreatePostStage, TMPPlugins, Version=1.0.0.0, Culture=neutral, PublicKeyToken=2a5c0f48e135418c" PluginTypeId="360ed6f1-0354-47ad-869f-cde0e599535d" Name="VA.TMP.CRM.McsGroupResourceCreatePostStage">
          <FriendlyName>c07e871d-7c05-4422-8bcb-3b77b883c3a3</FriendlyName>
        </PluginType>
        <PluginType AssemblyQualifiedName="VA.TMP.CRM.McsGroupResourceCreatePreStage, TMPPlugins, Version=1.0.0.0, Culture=neutral, PublicKeyToken=2a5c0f48e135418c" PluginTypeId="f30c182e-fee0-ec11-a7b4-001dd8033163" Name="VA.TMP.CRM.McsGroupResourceCreatePreStage">
          <FriendlyName>VA.TMP.CRM.McsGroupResourceCreatePreStage</FriendlyName>
        </PluginType>
        <PluginType AssemblyQualifiedName="VA.TMP.CRM.McsGroupResourceDeletePostStage, TMPPlugins, Version=1.0.0.0, Culture=neutral, PublicKeyToken=2a5c0f48e135418c" PluginTypeId="7d4ff140-693f-44f5-8015-619aa97eb5ac" Name="VA.TMP.CRM.McsGroupResourceDeletePostStage">
          <FriendlyName>VA.TMP.CRM.McsGroupResourceDeletePostStage</FriendlyName>
        </PluginType>
        <PluginType AssemblyQualifiedName="VA.TMP.CRM.McsGroupResourceDeletePreStage, TMPPlugins, Version=1.0.0.0, Culture=neutral, PublicKeyToken=2a5c0f48e135418c" PluginTypeId="8db0698c-c7e4-4cdd-9c18-e4adacc28105" Name="VA.TMP.CRM.McsGroupResourceDeletePreStage">
          <FriendlyName>f11e55cb-7717-47f5-8f06-f9b597d8899b</FriendlyName>
        </PluginType>
        <PluginType AssemblyQualifiedName="VA.TMP.CRM.McsGroupResourceUpdatePostStage, TMPPlugins, Version=1.0.0.0, Culture=neutral, PublicKeyToken=2a5c0f48e135418c" PluginTypeId="4f233821-6429-4ec7-a121-3c963b9a9a5d" Name="VA.TMP.CRM.McsGroupResourceUpdatePostStage">
          <FriendlyName>a3f7ad84-46ca-4525-b39b-3bb029f05d26</FriendlyName>
        </PluginType>
        <PluginType AssemblyQualifiedName="VA.TMP.CRM.McsPreRetrieveMultipleSearch, TMPPlugins, Version=1.0.0.0, Culture=neutral, PublicKeyToken=2a5c0f48e135418c" PluginTypeId="4a5fd26e-f5ea-4cc0-b64c-3f6cca5063b3" Name="VA.TMP.CRM.McsPreRetrieveMultipleSearch">
          <FriendlyName>5813cc8f-b099-48b1-bdb5-f08537ef3d5a</FriendlyName>
        </PluginType>
        <PluginType AssemblyQualifiedName="VA.TMP.CRM.McsResourceCreatePostStage, TMPPlugins, Version=1.0.0.0, Culture=neutral, PublicKeyToken=2a5c0f48e135418c" PluginTypeId="38474726-50a2-49cf-b41b-2c87626750f4" Name="VA.TMP.CRM.McsResourceCreatePostStage">
          <FriendlyName>1def456c-3367-4d53-932b-6fdc4d3eab81</FriendlyName>
        </PluginType>
        <PluginType AssemblyQualifiedName="VA.TMP.CRM.McsResourceCreatePostStageAsync, TMPPlugins, Version=1.0.0.0, Culture=neutral, PublicKeyToken=2a5c0f48e135418c" PluginTypeId="e2d3d779-95c6-4a8d-bb28-632912249366" Name="VA.TMP.CRM.McsResourceCreatePostStageAsync">
          <FriendlyName>1c0de08c-9960-4610-bb00-9880b9168f89</FriendlyName>
        </PluginType>
        <PluginType AssemblyQualifiedName="VA.TMP.CRM.McsResourceCreateSysRecordsPostStage, TMPPlugins, Version=1.0.0.0, Culture=neutral, PublicKeyToken=2a5c0f48e135418c" PluginTypeId="c1960158-7e9a-4232-a510-686bf1da813a" Name="VA.TMP.CRM.McsResourceCreateSysRecordsPostStage">
          <FriendlyName>1c6c53ac-e17b-41ee-8753-e4cff0fcb75e</FriendlyName>
        </PluginType>
        <PluginType AssemblyQualifiedName="VA.TMP.CRM.McsResourceCreateUpdatePreStage, TMPPlugins, Version=1.0.0.0, Culture=neutral, PublicKeyToken=2a5c0f48e135418c" PluginTypeId="6f447d70-2b30-4229-894d-101ff0151f3b" Name="VA.TMP.CRM.McsResourceCreateUpdatePreStage">
          <FriendlyName>918fb8c1-db11-4fa6-82e3-8f626079c2c3</FriendlyName>
        </PluginType>
        <PluginType AssemblyQualifiedName="VA.TMP.CRM.McsResourceDeletePreStage, TMPPlugins, Version=1.0.0.0, Culture=neutral, PublicKeyToken=2a5c0f48e135418c" PluginTypeId="61ebe223-612b-4714-8bc0-03ca1de44cc0" Name="VA.TMP.CRM.McsResourceDeletePreStage">
          <FriendlyName>3c37f1f8-d6d0-4e15-a95e-8dfcae0d068f</FriendlyName>
        </PluginType>
        <PluginType AssemblyQualifiedName="VA.TMP.CRM.McsResourceGroupCreatePostStage, TMPPlugins, Version=1.0.0.0, Culture=neutral, PublicKeyToken=2a5c0f48e135418c" PluginTypeId="8f86b10b-882b-417c-ac57-d1dd5c0ee8c1" Name="VA.TMP.CRM.McsResourceGroupCreatePostStage">
          <FriendlyName>79e91c04-843f-4df3-9593-ae785d6ffba0</FriendlyName>
        </PluginType>
        <PluginType AssemblyQualifiedName="VA.TMP.CRM.McsResourceGroupCreatePreStage, TMPPlugins, Version=1.0.0.0, Culture=neutral, PublicKeyToken=2a5c0f48e135418c" PluginTypeId="fd2b20db-51dc-4399-a57d-63ca500affa2" Name="VA.TMP.CRM.McsResourceGroupCreatePreStage">
          <FriendlyName>8d4b6793-3cdd-493d-8577-bcbe4b172688</FriendlyName>
        </PluginType>
        <PluginType AssemblyQualifiedName="VA.TMP.CRM.McsResourceGroupDeletePreStage, TMPPlugins, Version=1.0.0.0, Culture=neutral, PublicKeyToken=2a5c0f48e135418c" PluginTypeId="485a83df-1a44-4132-b37c-c0d31357ac3c" Name="VA.TMP.CRM.McsResourceGroupDeletePreStage">
          <FriendlyName>20b689b5-2857-44bc-a9f0-3539b2a73a0e</FriendlyName>
        </PluginType>
        <PluginType AssemblyQualifiedName="VA.TMP.CRM.McsResourceGroupUpdatePostStage, TMPPlugins, Version=1.0.0.0, Culture=neutral, PublicKeyToken=2a5c0f48e135418c" PluginTypeId="e7cfee00-e558-453a-846a-e0c07985745d" Name="VA.TMP.CRM.McsResourceGroupUpdatePostStage">
          <FriendlyName>91a77b61-7bcd-47eb-bee6-ff08973b8533</FriendlyName>
        </PluginType>
        <PluginType AssemblyQualifiedName="VA.TMP.CRM.McsResourceGroupUpdatePreStage, TMPPlugins, Version=1.0.0.0, Culture=neutral, PublicKeyToken=2a5c0f48e135418c" PluginTypeId="ce70f80d-ee3e-4d7c-8524-3a42a5c85727" Name="VA.TMP.CRM.McsResourceGroupUpdatePreStage">
          <FriendlyName>03c41bde-a5c3-40d2-87a8-62ba1def4e09</FriendlyName>
        </PluginType>
        <PluginType AssemblyQualifiedName="VA.TMP.CRM.McsResourceMergeAction, TMPPlugins, Version=1.0.0.0, Culture=neutral, PublicKeyToken=2a5c0f48e135418c" PluginTypeId="9986f11b-1635-46c9-a15c-bcaeee1a4e30" Name="VA.TMP.CRM.McsResourceMergeAction">
          <FriendlyName>a7bfa6a1-3cf9-4aa6-a937-d5b8ec3cd742</FriendlyName>
        </PluginType>
        <PluginType AssemblyQualifiedName="VA.TMP.CRM.McsResourceSetStatePreStage, TMPPlugins, Version=1.0.0.0, Culture=neutral, PublicKeyToken=2a5c0f48e135418c" PluginTypeId="b0364a62-589e-46b0-a81b-8aadb0d182ce" Name="VA.TMP.CRM.McsResourceSetStatePreStage">
          <FriendlyName>2795c8e0-cf61-4e0f-ac7d-f4bbb37cabcf</FriendlyName>
        </PluginType>
        <PluginType AssemblyQualifiedName="VA.TMP.CRM.McsResourceUpdatePostStage, TMPPlugins, Version=1.0.0.0, Culture=neutral, PublicKeyToken=2a5c0f48e135418c" PluginTypeId="50ab6e7f-15d9-43d0-9339-ec5501a53411" Name="VA.TMP.CRM.McsResourceUpdatePostStage">
          <FriendlyName>48679343-464f-435e-a597-8596be7b6eed</FriendlyName>
        </PluginType>
        <PluginType AssemblyQualifiedName="VA.TMP.CRM.McsResourceUpdatePostStageAsync, TMPPlugins, Version=1.0.0.0, Culture=neutral, PublicKeyToken=2a5c0f48e135418c" PluginTypeId="16841fb3-b11a-443e-9eb6-6e74f1dea9ce" Name="VA.TMP.CRM.McsResourceUpdatePostStageAsync">
          <FriendlyName>090daf31-1270-48a8-afb0-84ba0f136d70</FriendlyName>
        </PluginType>
        <PluginType AssemblyQualifiedName="VA.TMP.CRM.McsServicesCreatePostStage, TMPPlugins, Version=1.0.0.0, Culture=neutral, PublicKeyToken=2a5c0f48e135418c" PluginTypeId="57e8bf96-362b-4d4a-8eb9-fca06bb4638f" Name="VA.TMP.CRM.McsServicesCreatePostStage">
          <FriendlyName>5c72516c-1a8c-480e-bc17-76832d2f8a85</FriendlyName>
        </PluginType>
        <PluginType AssemblyQualifiedName="VA.TMP.CRM.McsServicesDeletePreStage, TMPPlugins, Version=1.0.0.0, Culture=neutral, PublicKeyToken=2a5c0f48e135418c" PluginTypeId="f444798a-4a87-4733-bf2d-42eb99aaab17" Name="VA.TMP.CRM.McsServicesDeletePreStage">
          <FriendlyName>a53cdcc0-9959-4700-87f3-b00bb2896fc4</FriendlyName>
        </PluginType>
        <PluginType AssemblyQualifiedName="VA.TMP.CRM.McsServiceUpdatePostStage, TMPPlugins, Version=1.0.0.0, Culture=neutral, PublicKeyToken=2a5c0f48e135418c" PluginTypeId="94a718eb-0ad7-4358-988b-f59add904c8b" Name="VA.TMP.CRM.McsServiceUpdatePostStage">
          <FriendlyName>482d24c9-df6c-41b1-ba9f-8304ed9ee78d</FriendlyName>
        </PluginType>
        <PluginType AssemblyQualifiedName="VA.TMP.CRM.mcsSiteCreatePostStage, TMPPlugins, Version=1.0.0.0, Culture=neutral, PublicKeyToken=2a5c0f48e135418c" PluginTypeId="1003d33a-b67c-4527-b1a4-a8de408978e1" Name="VA.TMP.CRM.mcsSiteCreatePostStage">
          <FriendlyName>2d4ced76-462d-4355-a152-88e1e01533a8</FriendlyName>
        </PluginType>
        <PluginType AssemblyQualifiedName="VA.TMP.CRM.McsSiteDeletePreStage, TMPPlugins, Version=1.0.0.0, Culture=neutral, PublicKeyToken=2a5c0f48e135418c" PluginTypeId="a2eaa65c-e648-4b19-aa8d-5ef4377a51b7" Name="VA.TMP.CRM.McsSiteDeletePreStage">
          <FriendlyName>d8c66d62-7a10-49b8-92d4-36fa282c4cc0</FriendlyName>
        </PluginType>
        <PluginType AssemblyQualifiedName="VA.TMP.CRM.McsSiteUpdatePostStage, TMPPlugins, Version=1.0.0.0, Culture=neutral, PublicKeyToken=2a5c0f48e135418c" PluginTypeId="9acf0f61-9959-4c38-aee0-75c6afdc08e0" Name="VA.TMP.CRM.McsSiteUpdatePostStage">
          <FriendlyName>a8d819e4-4f95-4b95-b046-52acc3091ba0</FriendlyName>
        </PluginType>
        <PluginType AssemblyQualifiedName="VA.TMP.CRM.McsSystemSettingsCreatePostStage, TMPPlugins, Version=1.0.0.0, Culture=neutral, PublicKeyToken=2a5c0f48e135418c" PluginTypeId="90a06e4b-ef45-493d-8dfe-1b5280115976" Name="VA.TMP.CRM.McsSystemSettingsCreatePostStage">
          <FriendlyName>f71b542e-cfb4-49b0-adab-d43deadb701a</FriendlyName>
        </PluginType>
        <PluginType AssemblyQualifiedName="VA.TMP.CRM.ParticipatingSiteCreatePostStage, TMPPlugins, Version=1.0.0.0, Culture=neutral, PublicKeyToken=2a5c0f48e135418c" PluginTypeId="9485303d-e415-49d3-9f15-deaaade80f15" Name="VA.TMP.CRM.ParticipatingSiteCreatePostStage">
          <FriendlyName>6490bb9d-29a7-4087-8567-cd3c479c4b83</FriendlyName>
        </PluginType>
        <PluginType AssemblyQualifiedName="VA.TMP.CRM.ParticipatingSiteCreatePreStage, TMPPlugins, Version=1.0.0.0, Culture=neutral, PublicKeyToken=2a5c0f48e135418c" PluginTypeId="c9dca991-c039-47e5-94e9-52323d2b604f" Name="VA.TMP.CRM.ParticipatingSiteCreatePreStage">
          <FriendlyName>8126caca-caf5-4722-9b9e-a21a9aa0aedd</FriendlyName>
        </PluginType>
        <PluginType AssemblyQualifiedName="VA.TMP.CRM.ParticipatingSiteUpdatePostStage, TMPPlugins, Version=1.0.0.0, Culture=neutral, PublicKeyToken=2a5c0f48e135418c" PluginTypeId="9bb09f67-77c6-4881-b3f8-704de8064093" Name="VA.TMP.CRM.ParticipatingSiteUpdatePostStage">
          <FriendlyName>45743ce3-255c-4f9a-aa4d-58feac13e11e</FriendlyName>
        </PluginType>
        <PluginType AssemblyQualifiedName="VA.TMP.CRM.ParticipatingSiteUpdatePreStage, TMPPlugins, Version=1.0.0.0, Culture=neutral, PublicKeyToken=2a5c0f48e135418c" PluginTypeId="c18b0e28-ae7d-4e60-ab5a-4df4264cf211" Name="VA.TMP.CRM.ParticipatingSiteUpdatePreStage">
          <FriendlyName>6f5b7a05-1874-4f12-bdea-97437a982210</FriendlyName>
        </PluginType>
        <PluginType AssemblyQualifiedName="VA.TMP.CRM.PPEFeedbackCreatePostStage, TMPPlugins, Version=1.0.0.0, Culture=neutral, PublicKeyToken=2a5c0f48e135418c" PluginTypeId="18323358-f5e3-44b3-a70e-ba969a46ca7d" Name="VA.TMP.CRM.PPEFeedbackCreatePostStage">
          <FriendlyName>b3a1aec7-241d-4da2-b14f-e9cab9dac3a1</FriendlyName>
        </PluginType>
        <PluginType AssemblyQualifiedName="VA.TMP.CRM.PPEFeedbackUpdatePostStage, TMPPlugins, Version=1.0.0.0, Culture=neutral, PublicKeyToken=2a5c0f48e135418c" PluginTypeId="dbf82725-463c-438c-92d0-80ce8ccef0f2" Name="VA.TMP.CRM.PPEFeedbackUpdatePostStage">
          <FriendlyName>9a3f9494-fc51-4d5f-99de-ddce2f00ed8d</FriendlyName>
        </PluginType>
        <PluginType AssemblyQualifiedName="VA.TMP.CRM.PPEReviewCreatePostStage, TMPPlugins, Version=1.0.0.0, Culture=neutral, PublicKeyToken=2a5c0f48e135418c" PluginTypeId="9f223af3-b815-4508-aacf-472efb6caf3d" Name="VA.TMP.CRM.PPEReviewCreatePostStage">
          <FriendlyName>d63401e4-2023-4336-ad9c-9b21685a9bca</FriendlyName>
        </PluginType>
        <PluginType AssemblyQualifiedName="VA.TMP.CRM.PPEReviewCreatePreStage, TMPPlugins, Version=1.0.0.0, Culture=neutral, PublicKeyToken=2a5c0f48e135418c" PluginTypeId="8eaf69ee-18a5-4f5a-b029-49dafabca939" Name="VA.TMP.CRM.PPEReviewCreatePreStage">
          <FriendlyName>e6ea99d7-7a34-43a5-b464-d454a1cfaa61</FriendlyName>
        </PluginType>
        <PluginType AssemblyQualifiedName="VA.TMP.CRM.ResourcePackageCreatePreStage, TMPPlugins, Version=1.0.0.0, Culture=neutral, PublicKeyToken=2a5c0f48e135418c" PluginTypeId="866b1582-7f7a-4a85-bce9-da383a8b2a81" Name="VA.TMP.CRM.ResourcePackageCreatePreStage">
          <FriendlyName>b56e5357-e1d2-4371-b8ba-1fcb85e25622</FriendlyName>
        </PluginType>
        <PluginType AssemblyQualifiedName="VA.TMP.CRM.SchedulingPackage.ResourcePackageCreatePostStage, TMPPlugins, Version=1.0.0.0, Culture=neutral, PublicKeyToken=2a5c0f48e135418c" PluginTypeId="b391120f-bcda-490b-8476-b7e7094c2e3f" Name="VA.TMP.CRM.SchedulingPackage.ResourcePackageCreatePostStage">
          <FriendlyName>5c56cf4c-7e39-4549-b7ef-bbf7e6b73df0</FriendlyName>
        </PluginType>
        <PluginType AssemblyQualifiedName="VA.TMP.CRM.SchedulingResourceCreatePreStage, TMPPlugins, Version=1.0.0.0, Culture=neutral, PublicKeyToken=2a5c0f48e135418c" PluginTypeId="251b48e5-56fd-4124-9173-62ab22a3291f" Name="VA.TMP.CRM.SchedulingResourceCreatePreStage">
          <FriendlyName>6d25bb2e-4050-4e5c-ba60-39202484ef93</FriendlyName>
        </PluginType>
        <PluginType AssemblyQualifiedName="VA.TMP.CRM.SchedulingResourceDeletePreStage, TMPPlugins, Version=1.0.0.0, Culture=neutral, PublicKeyToken=2a5c0f48e135418c" PluginTypeId="b906c5dd-0fc6-41e3-99f9-277bc0b48e3f" Name="VA.TMP.CRM.SchedulingResourceDeletePreStage">
          <FriendlyName>ab2bc608-fbba-43dc-b463-215fd8ca55e3</FriendlyName>
        </PluginType>
        <PluginType AssemblyQualifiedName="VA.TMP.CRM.ServiceActivity.ServiceAppointmentUpdatePostStage, TMPPlugins, Version=1.0.0.0, Culture=neutral, PublicKeyToken=2a5c0f48e135418c" PluginTypeId="780fe27a-b240-4035-ada1-6bfcd747753a" Name="VA.TMP.CRM.ServiceActivity.ServiceAppointmentUpdatePostStage">
          <FriendlyName>55f419f1-a1b9-4128-8cf5-fc182ce785e1</FriendlyName>
        </PluginType>
        <PluginType AssemblyQualifiedName="VA.TMP.CRM.ServiceAppointmentCreatePostStage, TMPPlugins, Version=1.0.0.0, Culture=neutral, PublicKeyToken=2a5c0f48e135418c" PluginTypeId="766e4c79-af95-4f25-ac48-5333cfb728aa" Name="VA.TMP.CRM.ServiceAppointmentCreatePostStage">
          <FriendlyName>3bec8a48-22c7-4cdf-8448-419ecb5de3c6</FriendlyName>
        </PluginType>
        <PluginType AssemblyQualifiedName="VA.TMP.CRM.ServiceAppointmentCreatePreStage, TMPPlugins, Version=1.0.0.0, Culture=neutral, PublicKeyToken=2a5c0f48e135418c" PluginTypeId="ae79a0cb-a90d-4577-906b-895812e685b3" Name="VA.TMP.CRM.ServiceAppointmentCreatePreStage">
          <FriendlyName>9dcb5b85-b2b4-44b9-aa03-49393ed63060</FriendlyName>
        </PluginType>
        <PluginType AssemblyQualifiedName="VA.TMP.CRM.ServiceAppointmentSetStatePostStage, TMPPlugins, Version=1.0.0.0, Culture=neutral, PublicKeyToken=2a5c0f48e135418c" PluginTypeId="8d8aacb4-c65b-448d-9b84-6fa06d25b1e8" Name="VA.TMP.CRM.ServiceAppointmentSetStatePostStage">
          <FriendlyName>4d92d750-048b-4d55-b6fe-72d775d5655d</FriendlyName>
        </PluginType>
        <PluginType AssemblyQualifiedName="VA.TMP.CRM.ServiceAppointmentUpdatePreStage, TMPPlugins, Version=1.0.0.0, Culture=neutral, PublicKeyToken=2a5c0f48e135418c" PluginTypeId="46941cec-ef4d-4b88-80fc-e6e7d69479ad" Name="VA.TMP.CRM.ServiceAppointmentUpdatePreStage">
          <FriendlyName>328bcb84-02d3-4be7-8dd0-3fc5cec7692b</FriendlyName>
        </PluginType>
        <PluginType AssemblyQualifiedName="VA.TMP.CRM.SystemSettingsUpdatePostStage, TMPPlugins, Version=1.0.0.0, Culture=neutral, PublicKeyToken=2a5c0f48e135418c" PluginTypeId="58f363bc-e4a6-4bdf-a864-1e9753775a0a" Name="VA.TMP.CRM.SystemSettingsUpdatePostStage">
          <FriendlyName>bdcfaafb-55e4-4942-a57f-5694c377b12b</FriendlyName>
        </PluginType>
        <PluginType AssemblyQualifiedName="VA.TMP.CRM.TeamCreatePostStage, TMPPlugins, Version=1.0.0.0, Culture=neutral, PublicKeyToken=2a5c0f48e135418c" PluginTypeId="e5c7f960-b009-40e6-b374-4c1ea32a05a5" Name="VA.TMP.CRM.TeamCreatePostStage">
          <FriendlyName>b0a2fd7a-142f-4343-bbfd-eb8353503391</FriendlyName>
        </PluginType>
        <PluginType AssemblyQualifiedName="VA.TMP.CRM.TeamCreatePreStage, TMPPlugins, Version=1.0.0.0, Culture=neutral, PublicKeyToken=2a5c0f48e135418c" PluginTypeId="2802047b-a639-4032-8904-cf93a0dba3ec" Name="VA.TMP.CRM.TeamCreatePreStage">
          <FriendlyName>33db481f-48c5-46dd-b074-b7c08132f08c</FriendlyName>
        </PluginType>
        <PluginType AssemblyQualifiedName="VA.TMP.CRM.UserCreatePostStage, TMPPlugins, Version=1.0.0.0, Culture=neutral, PublicKeyToken=2a5c0f48e135418c" PluginTypeId="657fc086-c24d-4950-ad98-42923fe097f3" Name="VA.TMP.CRM.UserCreatePostStage">
          <FriendlyName>bee6f6ca-9abe-4a3b-b08d-bb252f2e8b5c</FriendlyName>
        </PluginType>
        <PluginType AssemblyQualifiedName="VA.TMP.CRM.UserTeamActionPlugin, TMPPlugins, Version=1.0.0.0, Culture=neutral, PublicKeyToken=2a5c0f48e135418c" PluginTypeId="fa34f5de-cb0e-44ed-b059-9b40c9d31264" Name="VA.TMP.CRM.UserTeamActionPlugin">
          <FriendlyName>b16b1b5b-d29b-452c-b0fa-0ccbaf200d8e</FriendlyName>
        </PluginType>
        <PluginType AssemblyQualifiedName="VA.TMP.CRM.UserUpdatePostStage, TMPPlugins, Version=1.0.0.0, Culture=neutral, PublicKeyToken=2a5c0f48e135418c" PluginTypeId="f5b6ac0b-09a5-498a-84c9-acc9972cecf9" Name="VA.TMP.CRM.UserUpdatePostStage">
          <FriendlyName>94a6323d-30c8-4e02-b27d-d03eb5b4fcad</FriendlyName>
        </PluginType>
      </PluginTypes>
    </PluginAssembly>
  </SolutionPluginAssemblies>
  <SdkMessageProcessingSteps>
    <SdkMessageProcessingStep Name="VA.TMP.CRM.ServiceAppointmentCreatePreStage: Create of serviceappointment" SdkMessageProcessingStepId="{04f80cad-4eeb-ec11-bb3b-001dd8009a04}">
      <SdkMessageId>9ebdbb1b-ea3e-db11-86a7-000a3a5473e8</SdkMessageId>
      <PluginTypeName>VA.TMP.CRM.ServiceAppointmentCreatePreStage, TMPPlugins, Version=1.0.0.0, Culture=neutral, PublicKeyToken=2a5c0f48e135418c</PluginTypeName>
      <PluginTypeId>ae79a0cb-a90d-4577-906b-895812e685b3</PluginTypeId>
      <PrimaryEntity>serviceappointment</PrimaryEntity>
      <AsyncAutoDelete>0</AsyncAutoDelete>
      <FilteringAttributes></FilteringAttributes>
      <InvocationSource>1</InvocationSource>
      <Mode>0</Mode>
      <Rank>1</Rank>
      <EventHandlerTypeCode>4602</EventHandlerTypeCode>
      <Stage>20</Stage>
      <IsCustomizable>1</IsCustomizable>
      <IsHidden>0</IsHidden>
      <SupportedDeployment>0</SupportedDeployment>
      <IntroducedVersion>1.0</IntroducedVersion>
      <SdkMessageProcessingStepImages />
    </SdkMessageProcessingStep>
  </SdkMessageProcessingSteps>
  <EntityDataProviders />
  <Languages>
    <Language>1033</Language>
  </Languages>
</ImportExportXml>