<ImportExportXml version="9.2.24054.214" SolutionPackageVersion="9.2" languagecode="1033" generatedBy="CrmLive" xmlns:xsi="http://www.w3.org/2001/XMLSchema-instance">
  <SolutionManifest>
    <UniqueName>TMPRelease524</UniqueName>
    <LocalizedNames>
      <LocalizedName description="TMP Release 5.2.4" languagecode="1033" />
    </LocalizedNames>
    <Descriptions />
    <Version>1.0.0.2</Version>
    <Managed>0</Managed>
    <Publisher>
      <UniqueName>tmpdefaultpublisher</UniqueName>
      <LocalizedNames>
        <LocalizedName description="TMP Default Publisher" languagecode="1033" />
      </LocalizedNames>
      <Descriptions />
      <EMailAddress xsi:nil="true"></EMailAddress>
      <SupportingWebsiteUrl xsi:nil="true"></SupportingWebsiteUrl>
      <CustomizationPrefix>tmp</CustomizationPrefix>
      <CustomizationOptionValuePrefix>17897</CustomizationOptionValuePrefix>
      <Addresses>
        <Address>
          <AddressNumber>1</AddressNumber>
          <AddressTypeCode>1</AddressTypeCode>
          <City xsi:nil="true"></City>
          <County xsi:nil="true"></County>
          <Country xsi:nil="true"></Country>
          <Fax xsi:nil="true"></Fax>
          <FreightTermsCode xsi:nil="true"></FreightTermsCode>
          <ImportSequenceNumber xsi:nil="true"></ImportSequenceNumber>
          <Latitude xsi:nil="true"></Latitude>
          <Line1 xsi:nil="true"></Line1>
          <Line2 xsi:nil="true"></Line2>
          <Line3 xsi:nil="true"></Line3>
          <Longitude xsi:nil="true"></Longitude>
          <Name xsi:nil="true"></Name>
          <PostalCode xsi:nil="true"></PostalCode>
          <PostOfficeBox xsi:nil="true"></PostOfficeBox>
          <PrimaryContactName xsi:nil="true"></PrimaryContactName>
          <ShippingMethodCode>1</ShippingMethodCode>
          <StateOrProvince xsi:nil="true"></StateOrProvince>
          <Telephone1 xsi:nil="true"></Telephone1>
          <Telephone2 xsi:nil="true"></Telephone2>
          <Telephone3 xsi:nil="true"></Telephone3>
          <TimeZoneRuleVersionNumber xsi:nil="true"></TimeZoneRuleVersionNumber>
          <UPSZone xsi:nil="true"></UPSZone>
          <UTCOffset xsi:nil="true"></UTCOffset>
          <UTCConversionTimeZoneCode xsi:nil="true"></UTCConversionTimeZoneCode>
        </Address>
        <Address>
          <AddressNumber>2</AddressNumber>
          <AddressTypeCode>1</AddressTypeCode>
          <City xsi:nil="true"></City>
          <County xsi:nil="true"></County>
          <Country xsi:nil="true"></Country>
          <Fax xsi:nil="true"></Fax>
          <FreightTermsCode xsi:nil="true"></FreightTermsCode>
          <ImportSequenceNumber xsi:nil="true"></ImportSequenceNumber>
          <Latitude xsi:nil="true"></Latitude>
          <Line1 xsi:nil="true"></Line1>
          <Line2 xsi:nil="true"></Line2>
          <Line3 xsi:nil="true"></Line3>
          <Longitude xsi:nil="true"></Longitude>
          <Name xsi:nil="true"></Name>
          <PostalCode xsi:nil="true"></PostalCode>
          <PostOfficeBox xsi:nil="true"></PostOfficeBox>
          <PrimaryContactName xsi:nil="true"></PrimaryContactName>
          <ShippingMethodCode>1</ShippingMethodCode>
          <StateOrProvince xsi:nil="true"></StateOrProvince>
          <Telephone1 xsi:nil="true"></Telephone1>
          <Telephone2 xsi:nil="true"></Telephone2>
          <Telephone3 xsi:nil="true"></Telephone3>
          <TimeZoneRuleVersionNumber xsi:nil="true"></TimeZoneRuleVersionNumber>
          <UPSZone xsi:nil="true"></UPSZone>
          <UTCOffset xsi:nil="true"></UTCOffset>
          <UTCConversionTimeZoneCode xsi:nil="true"></UTCConversionTimeZoneCode>
        </Address>
      </Addresses>
    </Publisher>
    <RootComponents>
      <RootComponent type="1" schemaName="cvt_vistaintegrationresult" behavior="1" />
      <RootComponent type="20" id="{6fc6324f-f6cd-e211-8be4-78e3b508e8ef}" behavior="0" />
      <RootComponent type="61" schemaName="mcs_serviceactivity.min.js" behavior="0" />
      <RootComponent type="61" schemaName="tmp_CancelAppointment.html" behavior="0" />
      <RootComponent type="91" id="{d24f4cfc-7b69-4e8b-80d5-07908ab49499}" schemaName="TMPPlugins, Version=1.0.0.0, Culture=neutral, PublicKeyToken=2a5c0f48e135418c" behavior="0" />
      <RootComponent type="92" id="{04f80cad-4eeb-ec11-bb3b-001dd8009a04}" behavior="0" />
    </RootComponents>
    <MissingDependencies>
      <MissingDependency>
        <Required type="1" schemaName="cvt_vistaintegrationresult" displayName="Vista Integration Result" solution="Active" />
        <Dependent type="1" schemaName="cvt_vistaintegrationresult" displayName="Vista Integration Result" />
      </MissingDependency>
      <MissingDependency>
        <Required type="1" schemaName="serviceappointment" displayName="Appointment" solution="msdynce_Service (9.0.5.56)">
          <package>msdynce_ServiceAnchor (9.0.24054.1005)</package>
        </Required>
        <Dependent type="92" id="{04f80cad-4eeb-ec11-bb3b-001dd8009a04}" />
      </MissingDependency>
      <MissingDependency>
        <Required type="61" schemaName="cvt_network16" displayName="cvt_network16" solution="Active" />
        <Dependent type="1" schemaName="cvt_vistaintegrationresult" displayName="Vista Integration Result" />
      </MissingDependency>
      <MissingDependency>
        <Required type="61" schemaName="cvt_network32" displayName="cvt_network32" solution="Active" />
        <Dependent type="1" schemaName="cvt_vistaintegrationresult" displayName="Vista Integration Result" />
      </MissingDependency>
      <MissingDependency>
        <Required type="61" schemaName="mcs_serviceactivity.min.js" displayName="mcs_serviceactivity.min.js" solution="TMP_Sprint22 (1.0.0.2)" />
        <Dependent type="61" schemaName="mcs_serviceactivity.min.js" displayName="mcs_serviceactivity.min.js" />
      </MissingDependency>
      <MissingDependency>
        <Required type="90" schemaName="VA.TMP.CRM.ImportFieldValidationUpdatePostStage, TMPPlugins, Version=1.0.0.0, Culture=neutral, PublicKeyToken=2a5c0f48e135418c" displayName="VA.TMP.CRM.ImportFieldValidationUpdatePostStage" solution="TMP_Sprint22 (1.0.0.2)" id="{05c46c3f-a87f-4fde-8199-034ffdd4d418}" />
        <Dependent type="90" schemaName="VA.TMP.CRM.ImportFieldValidationUpdatePostStage, TMPPlugins, Version=1.0.0.0, Culture=neutral, PublicKeyToken=2a5c0f48e135418c" displayName="VA.TMP.CRM.ImportFieldValidationUpdatePostStage" id="{05c46c3f-a87f-4fde-8199-034ffdd4d418}" />
      </MissingDependency>
      <MissingDependency>
        <Required type="90" schemaName="VA.TMP.CRM.CvtPatGroupCreatePostStage, TMPPlugins, Version=1.0.0.0, Culture=neutral, PublicKeyToken=2a5c0f48e135418c" displayName="VA.TMP.CRM.CvtPatGroupCreatePostStage" solution="TMP_Sprint22 (1.0.0.2)" id="{0b13f191-4f99-4540-be8f-02874f4c2ec0}" />
        <Dependent type="90" schemaName="VA.TMP.CRM.CvtPatGroupCreatePostStage, TMPPlugins, Version=1.0.0.0, Culture=neutral, PublicKeyToken=2a5c0f48e135418c" displayName="VA.TMP.CRM.CvtPatGroupCreatePostStage" id="{0b13f191-4f99-4540-be8f-02874f4c2ec0}" />
      </MissingDependency>
      <MissingDependency>
        <Required type="90" schemaName="VA.TMP.CRM.CvtProvGroupCreatePreStage, TMPPlugins, Version=1.0.0.0, Culture=neutral, PublicKeyToken=2a5c0f48e135418c" displayName="VA.TMP.CRM.CvtProvGroupCreatePreStage" solution="TMP_Sprint22 (1.0.0.2)" id="{0bc8ba8f-6681-4480-905f-675a7e7ea3cf}" />
        <Dependent type="90" schemaName="VA.TMP.CRM.CvtProvGroupCreatePreStage, TMPPlugins, Version=1.0.0.0, Culture=neutral, PublicKeyToken=2a5c0f48e135418c" displayName="VA.TMP.CRM.CvtProvGroupCreatePreStage" id="{0bc8ba8f-6681-4480-905f-675a7e7ea3cf}" />
      </MissingDependency>
      <MissingDependency>
        <Required type="90" schemaName="VA.TMP.CRM.CvtPatGroupDeletePreStage, TMPPlugins, Version=1.0.0.0, Culture=neutral, PublicKeyToken=2a5c0f48e135418c" displayName="VA.TMP.CRM.CvtPatGroupDeletePreStage" solution="TMP_Sprint22 (1.0.0.2)" id="{0d0df642-fa73-4670-b169-1a1bfeb507e0}" />
        <Dependent type="90" schemaName="VA.TMP.CRM.CvtPatGroupDeletePreStage, TMPPlugins, Version=1.0.0.0, Culture=neutral, PublicKeyToken=2a5c0f48e135418c" displayName="VA.TMP.CRM.CvtPatGroupDeletePreStage" id="{0d0df642-fa73-4670-b169-1a1bfeb507e0}" />
      </MissingDependency>
      <MissingDependency>
        <Required type="90" schemaName="VA.TMP.CRM.mcsSiteCreatePostStage, TMPPlugins, Version=1.0.0.0, Culture=neutral, PublicKeyToken=2a5c0f48e135418c" displayName="VA.TMP.CRM.mcsSiteCreatePostStage" solution="TMP_Sprint22 (1.0.0.2)" id="{1003d33a-b67c-4527-b1a4-a8de408978e1}" />
        <Dependent type="90" schemaName="VA.TMP.CRM.mcsSiteCreatePostStage, TMPPlugins, Version=1.0.0.0, Culture=neutral, PublicKeyToken=2a5c0f48e135418c" displayName="VA.TMP.CRM.mcsSiteCreatePostStage" id="{1003d33a-b67c-4527-b1a4-a8de408978e1}" />
      </MissingDependency>
      <MissingDependency>
        <Required type="90" schemaName="VA.TMP.CRM.McsResourceUpdatePostStageAsync, TMPPlugins, Version=1.0.0.0, Culture=neutral, PublicKeyToken=2a5c0f48e135418c" displayName="VA.TMP.CRM.McsResourceUpdatePostStageAsync" solution="TMP_Sprint22 (1.0.0.2)" id="{16841fb3-b11a-443e-9eb6-6e74f1dea9ce}" />
        <Dependent type="90" schemaName="VA.TMP.CRM.McsResourceUpdatePostStageAsync, TMPPlugins, Version=1.0.0.0, Culture=neutral, PublicKeyToken=2a5c0f48e135418c" displayName="VA.TMP.CRM.McsResourceUpdatePostStageAsync" id="{16841fb3-b11a-443e-9eb6-6e74f1dea9ce}" />
      </MissingDependency>
      <MissingDependency>
        <Required type="90" schemaName="VA.TMP.CRM.PPEFeedbackCreatePostStage, TMPPlugins, Version=1.0.0.0, Culture=neutral, PublicKeyToken=2a5c0f48e135418c" displayName="VA.TMP.CRM.PPEFeedbackCreatePostStage" solution="TMP_Sprint22 (1.0.0.2)" id="{18323358-f5e3-44b3-a70e-ba969a46ca7d}" />
        <Dependent type="90" schemaName="VA.TMP.CRM.PPEFeedbackCreatePostStage, TMPPlugins, Version=1.0.0.0, Culture=neutral, PublicKeyToken=2a5c0f48e135418c" displayName="VA.TMP.CRM.PPEFeedbackCreatePostStage" id="{18323358-f5e3-44b3-a70e-ba969a46ca7d}" />
      </MissingDependency>
      <MissingDependency>
        <Required type="90" schemaName="VA.TMP.CRM.McsAppointmentMasterCloseCancelPostStage, TMPPlugins, Version=1.0.0.0, Culture=neutral, PublicKeyToken=2a5c0f48e135418c" displayName="VA.TMP.CRM.McsAppointmentMasterCloseCancelPostStage" solution="TMP_Sprint22 (1.0.0.2)" id="{20654b12-1710-4ab8-8e6c-5858980baa13}" />
        <Dependent type="90" schemaName="VA.TMP.CRM.McsAppointmentMasterCloseCancelPostStage, TMPPlugins, Version=1.0.0.0, Culture=neutral, PublicKeyToken=2a5c0f48e135418c" displayName="VA.TMP.CRM.McsAppointmentMasterCloseCancelPostStage" id="{20654b12-1710-4ab8-8e6c-5858980baa13}" />
      </MissingDependency>
      <MissingDependency>
        <Required type="90" schemaName="VA.TMP.CRM.AssignRecordCreatePostStage, TMPPlugins, Version=1.0.0.0, Culture=neutral, PublicKeyToken=2a5c0f48e135418c" displayName="VA.TMP.CRM.AssignRecordCreatePostStage" solution="TMP_Sprint22 (1.0.0.2)" id="{21a63f99-4670-4607-9aa5-1846ddcb9050}" />
        <Dependent type="90" schemaName="VA.TMP.CRM.AssignRecordCreatePostStage, TMPPlugins, Version=1.0.0.0, Culture=neutral, PublicKeyToken=2a5c0f48e135418c" displayName="VA.TMP.CRM.AssignRecordCreatePostStage" id="{21a63f99-4670-4607-9aa5-1846ddcb9050}" />
      </MissingDependency>
      <MissingDependency>
        <Required type="90" schemaName="VA.TMP.CRM.McsAppointmentCloseCancelPostStage, TMPPlugins, Version=1.0.0.0, Culture=neutral, PublicKeyToken=2a5c0f48e135418c" displayName="VA.TMP.CRM.McsAppointmentCloseCancelPostStage" solution="TMP_Sprint22 (1.0.0.2)" id="{221f9de7-8afc-47b8-9073-415f04ea507e}" />
        <Dependent type="90" schemaName="VA.TMP.CRM.McsAppointmentCloseCancelPostStage, TMPPlugins, Version=1.0.0.0, Culture=neutral, PublicKeyToken=2a5c0f48e135418c" displayName="VA.TMP.CRM.McsAppointmentCloseCancelPostStage" id="{221f9de7-8afc-47b8-9073-415f04ea507e}" />
      </MissingDependency>
      <MissingDependency>
        <Required type="90" schemaName="VA.TMP.CRM.CvtTssPrivilegingCreatePostStage, TMPPlugins, Version=1.0.0.0, Culture=neutral, PublicKeyToken=2a5c0f48e135418c" displayName="VA.TMP.CRM.CvtTssPrivilegingCreatePostStage" solution="TMP_Sprint22 (1.0.0.2)" id="{232aff26-c3d0-4a12-8586-420a313535dd}" />
        <Dependent type="90" schemaName="VA.TMP.CRM.CvtTssPrivilegingCreatePostStage, TMPPlugins, Version=1.0.0.0, Culture=neutral, PublicKeyToken=2a5c0f48e135418c" displayName="VA.TMP.CRM.CvtTssPrivilegingCreatePostStage" id="{232aff26-c3d0-4a12-8586-420a313535dd}" />
      </MissingDependency>
      <MissingDependency>
        <Required type="90" schemaName="VA.TMP.CRM.SchedulingResourceCreatePreStage, TMPPlugins, Version=1.0.0.0, Culture=neutral, PublicKeyToken=2a5c0f48e135418c" displayName="VA.TMP.CRM.SchedulingResourceCreatePreStage" solution="TMP_Sprint22 (1.0.0.2)" id="{251b48e5-56fd-4124-9173-62ab22a3291f}" />
        <Dependent type="90" schemaName="VA.TMP.CRM.SchedulingResourceCreatePreStage, TMPPlugins, Version=1.0.0.0, Culture=neutral, PublicKeyToken=2a5c0f48e135418c" displayName="VA.TMP.CRM.SchedulingResourceCreatePreStage" id="{251b48e5-56fd-4124-9173-62ab22a3291f}" />
      </MissingDependency>
      <MissingDependency>
        <Required type="90" schemaName="VA.TMP.CRM.TeamCreatePreStage, TMPPlugins, Version=1.0.0.0, Culture=neutral, PublicKeyToken=2a5c0f48e135418c" displayName="VA.TMP.CRM.TeamCreatePreStage" solution="TMP_Sprint22 (1.0.0.2)" id="{2802047b-a639-4032-8904-cf93a0dba3ec}" />
        <Dependent type="90" schemaName="VA.TMP.CRM.TeamCreatePreStage, TMPPlugins, Version=1.0.0.0, Culture=neutral, PublicKeyToken=2a5c0f48e135418c" displayName="VA.TMP.CRM.TeamCreatePreStage" id="{2802047b-a639-4032-8904-cf93a0dba3ec}" />
      </MissingDependency>
      <MissingDependency>
        <Required type="90" schemaName="VA.TMP.CRM.McsGroupResourceCreatePostStage, TMPPlugins, Version=1.0.0.0, Culture=neutral, PublicKeyToken=2a5c0f48e135418c" displayName="VA.TMP.CRM.McsGroupResourceCreatePostStage" solution="TMP_Sprint22 (1.0.0.2)" id="{360ed6f1-0354-47ad-869f-cde0e599535d}" />
        <Dependent type="90" schemaName="VA.TMP.CRM.McsGroupResourceCreatePostStage, TMPPlugins, Version=1.0.0.0, Culture=neutral, PublicKeyToken=2a5c0f48e135418c" displayName="VA.TMP.CRM.McsGroupResourceCreatePostStage" id="{360ed6f1-0354-47ad-869f-cde0e599535d}" />
      </MissingDependency>
      <MissingDependency>
        <Required type="90" schemaName="VA.TMP.CRM.McsResourceCreatePostStage, TMPPlugins, Version=1.0.0.0, Culture=neutral, PublicKeyToken=2a5c0f48e135418c" displayName="VA.TMP.CRM.McsResourceCreatePostStage" solution="TMP_Sprint22 (1.0.0.2)" id="{38474726-50a2-49cf-b41b-2c87626750f4}" />
        <Dependent type="90" schemaName="VA.TMP.CRM.McsResourceCreatePostStage, TMPPlugins, Version=1.0.0.0, Culture=neutral, PublicKeyToken=2a5c0f48e135418c" displayName="VA.TMP.CRM.McsResourceCreatePostStage" id="{38474726-50a2-49cf-b41b-2c87626750f4}" />
      </MissingDependency>
      <MissingDependency>
        <Required type="90" schemaName="VA.TMP.CRM.McsAppointmentDeletePreStage, TMPPlugins, Version=1.0.0.0, Culture=neutral, PublicKeyToken=2a5c0f48e135418c" displayName="VA.TMP.CRM.McsAppointmentDeletePreStage" solution="TMP_Sprint22 (1.0.0.2)" id="{39058f6d-8501-486e-b0fd-0995f8659a34}" />
        <Dependent type="90" schemaName="VA.TMP.CRM.McsAppointmentDeletePreStage, TMPPlugins, Version=1.0.0.0, Culture=neutral, PublicKeyToken=2a5c0f48e135418c" displayName="VA.TMP.CRM.McsAppointmentDeletePreStage" id="{39058f6d-8501-486e-b0fd-0995f8659a34}" />
      </MissingDependency>
      <MissingDependency>
        <Required type="90" schemaName="VA.TMP.CRM.McsAppointmentCreatePostStage, TMPPlugins, Version=1.0.0.0, Culture=neutral, PublicKeyToken=2a5c0f48e135418c" displayName="VA.TMP.CRM.McsAppointmentCreatePostStage" solution="TMP_Sprint22 (1.0.0.2)" id="{390a0cb0-5506-4522-8b4d-c9cab3f86a71}" />
        <Dependent type="90" schemaName="VA.TMP.CRM.McsAppointmentCreatePostStage, TMPPlugins, Version=1.0.0.0, Culture=neutral, PublicKeyToken=2a5c0f48e135418c" displayName="VA.TMP.CRM.McsAppointmentCreatePostStage" id="{390a0cb0-5506-4522-8b4d-c9cab3f86a71}" />
      </MissingDependency>
      <MissingDependency>
        <Required type="90" schemaName="VA.TMP.CRM.CvtProvGroupDeletePreStage, TMPPlugins, Version=1.0.0.0, Culture=neutral, PublicKeyToken=2a5c0f48e135418c" displayName="VA.TMP.CRM.CvtProvGroupDeletePreStage" solution="TMP_Sprint22 (1.0.0.2)" id="{3a1ff73a-121f-4cbb-b248-d7434911aa15}" />
        <Dependent type="90" schemaName="VA.TMP.CRM.CvtProvGroupDeletePreStage, TMPPlugins, Version=1.0.0.0, Culture=neutral, PublicKeyToken=2a5c0f48e135418c" displayName="VA.TMP.CRM.CvtProvGroupDeletePreStage" id="{3a1ff73a-121f-4cbb-b248-d7434911aa15}" />
      </MissingDependency>
      <MissingDependency>
        <Required type="90" schemaName="VA.TMP.CRM.McsResourceGroupDeletePreStage, TMPPlugins, Version=1.0.0.0, Culture=neutral, PublicKeyToken=2a5c0f48e135418c" displayName="VA.TMP.CRM.McsResourceGroupDeletePreStage" solution="TMP_Sprint22 (1.0.0.2)" id="{485a83df-1a44-4132-b37c-c0d31357ac3c}" />
        <Dependent type="90" schemaName="VA.TMP.CRM.McsResourceGroupDeletePreStage, TMPPlugins, Version=1.0.0.0, Culture=neutral, PublicKeyToken=2a5c0f48e135418c" displayName="VA.TMP.CRM.McsResourceGroupDeletePreStage" id="{485a83df-1a44-4132-b37c-c0d31357ac3c}" />
      </MissingDependency>
      <MissingDependency>
        <Required type="90" schemaName="VA.TMP.CRM.CvtPatGroupCreatePreStage, TMPPlugins, Version=1.0.0.0, Culture=neutral, PublicKeyToken=2a5c0f48e135418c" displayName="VA.TMP.CRM.CvtPatGroupCreatePreStage" solution="TMP_Sprint22 (1.0.0.2)" id="{4997a9eb-eb56-4318-a700-3fe8cfaf57ac}" />
        <Dependent type="90" schemaName="VA.TMP.CRM.CvtPatGroupCreatePreStage, TMPPlugins, Version=1.0.0.0, Culture=neutral, PublicKeyToken=2a5c0f48e135418c" displayName="VA.TMP.CRM.CvtPatGroupCreatePreStage" id="{4997a9eb-eb56-4318-a700-3fe8cfaf57ac}" />
      </MissingDependency>
      <MissingDependency>
        <Required type="90" schemaName="VA.TMP.CRM.CvtMasterTSACreatePostStage, TMPPlugins, Version=1.0.0.0, Culture=neutral, PublicKeyToken=2a5c0f48e135418c" displayName="VA.TMP.CRM.CvtMasterTSACreatePostStage" solution="TMP_Sprint22 (1.0.0.2)" id="{4e150025-9bb5-40b9-8401-430af273a743}" />
        <Dependent type="90" schemaName="VA.TMP.CRM.CvtMasterTSACreatePostStage, TMPPlugins, Version=1.0.0.0, Culture=neutral, PublicKeyToken=2a5c0f48e135418c" displayName="VA.TMP.CRM.CvtMasterTSACreatePostStage" id="{4e150025-9bb5-40b9-8401-430af273a743}" />
      </MissingDependency>
      <MissingDependency>
        <Required type="90" schemaName="VA.TMP.CRM.McsGroupResourceUpdatePostStage, TMPPlugins, Version=1.0.0.0, Culture=neutral, PublicKeyToken=2a5c0f48e135418c" displayName="VA.TMP.CRM.McsGroupResourceUpdatePostStage" solution="TMP_Sprint22 (1.0.0.2)" id="{4f233821-6429-4ec7-a121-3c963b9a9a5d}" />
        <Dependent type="90" schemaName="VA.TMP.CRM.McsGroupResourceUpdatePostStage, TMPPlugins, Version=1.0.0.0, Culture=neutral, PublicKeyToken=2a5c0f48e135418c" displayName="VA.TMP.CRM.McsGroupResourceUpdatePostStage" id="{4f233821-6429-4ec7-a121-3c963b9a9a5d}" />
      </MissingDependency>
      <MissingDependency>
        <Required type="90" schemaName="VA.TMP.CRM.McsResourceUpdatePostStage, TMPPlugins, Version=1.0.0.0, Culture=neutral, PublicKeyToken=2a5c0f48e135418c" displayName="VA.TMP.CRM.McsResourceUpdatePostStage" solution="TMP_Sprint22 (1.0.0.2)" id="{50ab6e7f-15d9-43d0-9339-ec5501a53411}" />
        <Dependent type="90" schemaName="VA.TMP.CRM.McsResourceUpdatePostStage, TMPPlugins, Version=1.0.0.0, Culture=neutral, PublicKeyToken=2a5c0f48e135418c" displayName="VA.TMP.CRM.McsResourceUpdatePostStage" id="{50ab6e7f-15d9-43d0-9339-ec5501a53411}" />
      </MissingDependency>
      <MissingDependency>
        <Required type="90" schemaName="VA.TMP.CRM.CvtComponentCreateUpdatePreStage, TMPPlugins, Version=1.0.0.0, Culture=neutral, PublicKeyToken=2a5c0f48e135418c" displayName="VA.TMP.CRM.CvtComponentCreateUpdatePreStage" solution="TMP_Sprint22 (1.0.0.2)" id="{52637229-7ec6-4e03-b273-68571af09132}" />
        <Dependent type="90" schemaName="VA.TMP.CRM.CvtComponentCreateUpdatePreStage, TMPPlugins, Version=1.0.0.0, Culture=neutral, PublicKeyToken=2a5c0f48e135418c" displayName="VA.TMP.CRM.CvtComponentCreateUpdatePreStage" id="{52637229-7ec6-4e03-b273-68571af09132}" />
      </MissingDependency>
      <MissingDependency>
        <Required type="90" schemaName="VA.TMP.CRM.McsFacilityUpdatePostStage, TMPPlugins, Version=1.0.0.0, Culture=neutral, PublicKeyToken=2a5c0f48e135418c" displayName="VA.TMP.CRM.McsFacilityUpdatePostStage" solution="TMP_Sprint22 (1.0.0.2)" id="{575e5887-5b25-43ef-9ede-6813214e55d3}" />
        <Dependent type="90" schemaName="VA.TMP.CRM.McsFacilityUpdatePostStage, TMPPlugins, Version=1.0.0.0, Culture=neutral, PublicKeyToken=2a5c0f48e135418c" displayName="VA.TMP.CRM.McsFacilityUpdatePostStage" id="{575e5887-5b25-43ef-9ede-6813214e55d3}" />
      </MissingDependency>
      <MissingDependency>
        <Required type="90" schemaName="VA.TMP.CRM.McsServicesCreatePostStage, TMPPlugins, Version=1.0.0.0, Culture=neutral, PublicKeyToken=2a5c0f48e135418c" displayName="VA.TMP.CRM.McsServicesCreatePostStage" solution="TMP_Sprint22 (1.0.0.2)" id="{57e8bf96-362b-4d4a-8eb9-fca06bb4638f}" />
        <Dependent type="90" schemaName="VA.TMP.CRM.McsServicesCreatePostStage, TMPPlugins, Version=1.0.0.0, Culture=neutral, PublicKeyToken=2a5c0f48e135418c" displayName="VA.TMP.CRM.McsServicesCreatePostStage" id="{57e8bf96-362b-4d4a-8eb9-fca06bb4638f}" />
      </MissingDependency>
      <MissingDependency>
        <Required type="90" schemaName="VA.TMP.CRM.SystemSettingsUpdatePostStage, TMPPlugins, Version=1.0.0.0, Culture=neutral, PublicKeyToken=2a5c0f48e135418c" displayName="VA.TMP.CRM.SystemSettingsUpdatePostStage" solution="TMP_Sprint22 (1.0.0.2)" id="{58f363bc-e4a6-4bdf-a864-1e9753775a0a}" />
        <Dependent type="90" schemaName="VA.TMP.CRM.SystemSettingsUpdatePostStage, TMPPlugins, Version=1.0.0.0, Culture=neutral, PublicKeyToken=2a5c0f48e135418c" displayName="VA.TMP.CRM.SystemSettingsUpdatePostStage" id="{58f363bc-e4a6-4bdf-a864-1e9753775a0a}" />
      </MissingDependency>
      <MissingDependency>
        <Required type="90" schemaName="VA.TMP.CRM.Guest_Email.GuestEmailCreatePostStage, TMPPlugins, Version=1.0.0.0, Culture=neutral, PublicKeyToken=2a5c0f48e135418c" displayName="VA.TMP.CRM.Guest_Email.GuestEmailCreatePostStage" solution="TMP_Sprint22 (1.0.0.2)" id="{5924fb12-221b-4eb5-8600-62b48b205e0f}" />
        <Dependent type="90" schemaName="VA.TMP.CRM.Guest_Email.GuestEmailCreatePostStage, TMPPlugins, Version=1.0.0.0, Culture=neutral, PublicKeyToken=2a5c0f48e135418c" displayName="VA.TMP.CRM.Guest_Email.GuestEmailCreatePostStage" id="{5924fb12-221b-4eb5-8600-62b48b205e0f}" />
      </MissingDependency>
      <MissingDependency>
        <Required type="90" schemaName="VA.TMP.CRM.CvtComponentCreatePostStage, TMPPlugins, Version=1.0.0.0, Culture=neutral, PublicKeyToken=2a5c0f48e135418c" displayName="VA.TMP.CRM.CvtComponentCreatePostStage" solution="TMP_Sprint22 (1.0.0.2)" id="{5df4d952-e581-4a65-b119-2c283dacc576}" />
        <Dependent type="90" schemaName="VA.TMP.CRM.CvtComponentCreatePostStage, TMPPlugins, Version=1.0.0.0, Culture=neutral, PublicKeyToken=2a5c0f48e135418c" displayName="VA.TMP.CRM.CvtComponentCreatePostStage" id="{5df4d952-e581-4a65-b119-2c283dacc576}" />
      </MissingDependency>
      <MissingDependency>
        <Required type="90" schemaName="VA.TMP.CRM.McsResourceDeletePreStage, TMPPlugins, Version=1.0.0.0, Culture=neutral, PublicKeyToken=2a5c0f48e135418c" displayName="VA.TMP.CRM.McsResourceDeletePreStage" solution="TMP_Sprint22 (1.0.0.2)" id="{61ebe223-612b-4714-8bc0-03ca1de44cc0}" />
        <Dependent type="90" schemaName="VA.TMP.CRM.McsResourceDeletePreStage, TMPPlugins, Version=1.0.0.0, Culture=neutral, PublicKeyToken=2a5c0f48e135418c" displayName="VA.TMP.CRM.McsResourceDeletePreStage" id="{61ebe223-612b-4714-8bc0-03ca1de44cc0}" />
      </MissingDependency>
      <MissingDependency>
        <Required type="90" schemaName="VA.TMP.CRM.UserCreatePostStage, TMPPlugins, Version=1.0.0.0, Culture=neutral, PublicKeyToken=2a5c0f48e135418c" displayName="VA.TMP.CRM.UserCreatePostStage" solution="TMP_Sprint22 (1.0.0.2)" id="{657fc086-c24d-4950-ad98-42923fe097f3}" />
        <Dependent type="90" schemaName="VA.TMP.CRM.UserCreatePostStage, TMPPlugins, Version=1.0.0.0, Culture=neutral, PublicKeyToken=2a5c0f48e135418c" displayName="VA.TMP.CRM.UserCreatePostStage" id="{657fc086-c24d-4950-ad98-42923fe097f3}" />
      </MissingDependency>
      <MissingDependency>
        <Required type="90" schemaName="VA.TMP.CRM.CVTStagingResource.StagingResourceUpdatePreStage, TMPPlugins, Version=1.0.0.0, Culture=neutral, PublicKeyToken=2a5c0f48e135418c" displayName="VA.TMP.CRM.CVTStagingResource.StagingResourceUpdatePreStage" solution="TMP_Sprint22 (1.0.0.2)" id="{67ec61da-5752-4922-bcf3-c98c0b7bda9b}" />
        <Dependent type="90" schemaName="VA.TMP.CRM.CVTStagingResource.StagingResourceUpdatePreStage, TMPPlugins, Version=1.0.0.0, Culture=neutral, PublicKeyToken=2a5c0f48e135418c" displayName="VA.TMP.CRM.CVTStagingResource.StagingResourceUpdatePreStage" id="{67ec61da-5752-4922-bcf3-c98c0b7bda9b}" />
      </MissingDependency>
      <MissingDependency>
        <Required type="90" schemaName="VA.TMP.CRM.McsResourceCreateUpdatePreStage, TMPPlugins, Version=1.0.0.0, Culture=neutral, PublicKeyToken=2a5c0f48e135418c" displayName="VA.TMP.CRM.McsResourceCreateUpdatePreStage" solution="TMP_Sprint22 (1.0.0.2)" id="{6f447d70-2b30-4229-894d-101ff0151f3b}" />
        <Dependent type="90" schemaName="VA.TMP.CRM.McsResourceCreateUpdatePreStage, TMPPlugins, Version=1.0.0.0, Culture=neutral, PublicKeyToken=2a5c0f48e135418c" displayName="VA.TMP.CRM.McsResourceCreateUpdatePreStage" id="{6f447d70-2b30-4229-894d-101ff0151f3b}" />
      </MissingDependency>
      <MissingDependency>
        <Required type="90" schemaName="VA.TMP.CRM.EMailCreatePostStage, TMPPlugins, Version=1.0.0.0, Culture=neutral, PublicKeyToken=2a5c0f48e135418c" displayName="VA.TMP.CRM.EMailCreatePostStage" solution="TMP_Sprint22 (1.0.0.2)" id="{70c582fe-7bc2-4d88-bb80-cff1bebc1a6e}" />
        <Dependent type="90" schemaName="VA.TMP.CRM.EMailCreatePostStage, TMPPlugins, Version=1.0.0.0, Culture=neutral, PublicKeyToken=2a5c0f48e135418c" displayName="VA.TMP.CRM.EMailCreatePostStage" id="{70c582fe-7bc2-4d88-bb80-cff1bebc1a6e}" />
      </MissingDependency>
      <MissingDependency>
        <Required type="90" schemaName="VA.TMP.CRM.ServiceAppointmentCreatePostStage, TMPPlugins, Version=1.0.0.0, Culture=neutral, PublicKeyToken=2a5c0f48e135418c" displayName="VA.TMP.CRM.ServiceAppointmentCreatePostStage" solution="TMP_Sprint22 (1.0.0.2)" id="{766e4c79-af95-4f25-ac48-5333cfb728aa}" />
        <Dependent type="90" schemaName="VA.TMP.CRM.ServiceAppointmentCreatePostStage, TMPPlugins, Version=1.0.0.0, Culture=neutral, PublicKeyToken=2a5c0f48e135418c" displayName="VA.TMP.CRM.ServiceAppointmentCreatePostStage" id="{766e4c79-af95-4f25-ac48-5333cfb728aa}" />
      </MissingDependency>
      <MissingDependency>
        <Required type="90" schemaName="VA.TMP.CRM.ServiceActivity.ServiceAppointmentUpdatePostStage, TMPPlugins, Version=1.0.0.0, Culture=neutral, PublicKeyToken=2a5c0f48e135418c" displayName="VA.TMP.CRM.ServiceActivity.ServiceAppointmentUpdatePostStage" solution="TMP_Sprint22 (1.0.0.2)" id="{780fe27a-b240-4035-ada1-6bfcd747753a}" />
        <Dependent type="90" schemaName="VA.TMP.CRM.ServiceActivity.ServiceAppointmentUpdatePostStage, TMPPlugins, Version=1.0.0.0, Culture=neutral, PublicKeyToken=2a5c0f48e135418c" displayName="VA.TMP.CRM.ServiceActivity.ServiceAppointmentUpdatePostStage" id="{780fe27a-b240-4035-ada1-6bfcd747753a}" />
      </MissingDependency>
      <MissingDependency>
        <Required type="90" schemaName="VA.TMP.CRM.CvtProvGroupCreatePostStage, TMPPlugins, Version=1.0.0.0, Culture=neutral, PublicKeyToken=2a5c0f48e135418c" displayName="VA.TMP.CRM.CvtProvGroupCreatePostStage" solution="TMP_Sprint22 (1.0.0.2)" id="{7ac33838-9a24-4f85-ac52-fbcbb34e6229}" />
        <Dependent type="90" schemaName="VA.TMP.CRM.CvtProvGroupCreatePostStage, TMPPlugins, Version=1.0.0.0, Culture=neutral, PublicKeyToken=2a5c0f48e135418c" displayName="VA.TMP.CRM.CvtProvGroupCreatePostStage" id="{7ac33838-9a24-4f85-ac52-fbcbb34e6229}" />
      </MissingDependency>
      <MissingDependency>
        <Required type="90" schemaName="VA.TMP.CRM.ResourcePackageCreatePreStage, TMPPlugins, Version=1.0.0.0, Culture=neutral, PublicKeyToken=2a5c0f48e135418c" displayName="VA.TMP.CRM.ResourcePackageCreatePreStage" solution="TMP_Sprint22 (1.0.0.2)" id="{866b1582-7f7a-4a85-bce9-da383a8b2a81}" />
        <Dependent type="90" schemaName="VA.TMP.CRM.ResourcePackageCreatePreStage, TMPPlugins, Version=1.0.0.0, Culture=neutral, PublicKeyToken=2a5c0f48e135418c" displayName="VA.TMP.CRM.ResourcePackageCreatePreStage" id="{866b1582-7f7a-4a85-bce9-da383a8b2a81}" />
      </MissingDependency>
      <MissingDependency>
        <Required type="90" schemaName="VA.TMP.CRM.ServiceAppointmentSetStatePostStage, TMPPlugins, Version=1.0.0.0, Culture=neutral, PublicKeyToken=2a5c0f48e135418c" displayName="VA.TMP.CRM.ServiceAppointmentSetStatePostStage" solution="TMP_Sprint22 (1.0.0.2)" id="{8d8aacb4-c65b-448d-9b84-6fa06d25b1e8}" />
        <Dependent type="90" schemaName="VA.TMP.CRM.ServiceAppointmentSetStatePostStage, TMPPlugins, Version=1.0.0.0, Culture=neutral, PublicKeyToken=2a5c0f48e135418c" displayName="VA.TMP.CRM.ServiceAppointmentSetStatePostStage" id="{8d8aacb4-c65b-448d-9b84-6fa06d25b1e8}" />
      </MissingDependency>
      <MissingDependency>
        <Required type="90" schemaName="VA.TMP.CRM.McsGroupResourceDeletePreStage, TMPPlugins, Version=1.0.0.0, Culture=neutral, PublicKeyToken=2a5c0f48e135418c" displayName="VA.TMP.CRM.McsGroupResourceDeletePreStage" solution="TMP_Sprint22 (1.0.0.2)" id="{8db0698c-c7e4-4cdd-9c18-e4adacc28105}" />
        <Dependent type="90" schemaName="VA.TMP.CRM.McsGroupResourceDeletePreStage, TMPPlugins, Version=1.0.0.0, Culture=neutral, PublicKeyToken=2a5c0f48e135418c" displayName="VA.TMP.CRM.McsGroupResourceDeletePreStage" id="{8db0698c-c7e4-4cdd-9c18-e4adacc28105}" />
      </MissingDependency>
      <MissingDependency>
        <Required type="90" schemaName="VA.TMP.CRM.PPEReviewCreatePreStage, TMPPlugins, Version=1.0.0.0, Culture=neutral, PublicKeyToken=2a5c0f48e135418c" displayName="VA.TMP.CRM.PPEReviewCreatePreStage" solution="TMP_Sprint22 (1.0.0.2)" id="{8eaf69ee-18a5-4f5a-b029-49dafabca939}" />
        <Dependent type="90" schemaName="VA.TMP.CRM.PPEReviewCreatePreStage, TMPPlugins, Version=1.0.0.0, Culture=neutral, PublicKeyToken=2a5c0f48e135418c" displayName="VA.TMP.CRM.PPEReviewCreatePreStage" id="{8eaf69ee-18a5-4f5a-b029-49dafabca939}" />
      </MissingDependency>
      <MissingDependency>
        <Required type="90" schemaName="VA.TMP.CRM.McsResourceGroupCreatePostStage, TMPPlugins, Version=1.0.0.0, Culture=neutral, PublicKeyToken=2a5c0f48e135418c" displayName="VA.TMP.CRM.McsResourceGroupCreatePostStage" solution="TMP_Sprint22 (1.0.0.2)" id="{8f86b10b-882b-417c-ac57-d1dd5c0ee8c1}" />
        <Dependent type="90" schemaName="VA.TMP.CRM.McsResourceGroupCreatePostStage, TMPPlugins, Version=1.0.0.0, Culture=neutral, PublicKeyToken=2a5c0f48e135418c" displayName="VA.TMP.CRM.McsResourceGroupCreatePostStage" id="{8f86b10b-882b-417c-ac57-d1dd5c0ee8c1}" />
      </MissingDependency>
      <MissingDependency>
        <Required type="90" schemaName="VA.TMP.CRM.CVTStagingResource.StagingResourceUpdatePostStage, TMPPlugins, Version=1.0.0.0, Culture=neutral, PublicKeyToken=2a5c0f48e135418c" displayName="VA.TMP.CRM.CVTStagingResource.StagingResourceUpdatePostStage" solution="TMP_Sprint22 (1.0.0.2)" id="{9022a8c2-e5da-4fe8-834f-dc8e920fe93a}" />
        <Dependent type="90" schemaName="VA.TMP.CRM.CVTStagingResource.StagingResourceUpdatePostStage, TMPPlugins, Version=1.0.0.0, Culture=neutral, PublicKeyToken=2a5c0f48e135418c" displayName="VA.TMP.CRM.CVTStagingResource.StagingResourceUpdatePostStage" id="{9022a8c2-e5da-4fe8-834f-dc8e920fe93a}" />
      </MissingDependency>
      <MissingDependency>
        <Required type="90" schemaName="VA.TMP.CRM.McsSystemSettingsCreatePostStage, TMPPlugins, Version=1.0.0.0, Culture=neutral, PublicKeyToken=2a5c0f48e135418c" displayName="VA.TMP.CRM.McsSystemSettingsCreatePostStage" solution="TMP_Sprint22 (1.0.0.2)" id="{90a06e4b-ef45-493d-8dfe-1b5280115976}" />
        <Dependent type="90" schemaName="VA.TMP.CRM.McsSystemSettingsCreatePostStage, TMPPlugins, Version=1.0.0.0, Culture=neutral, PublicKeyToken=2a5c0f48e135418c" displayName="VA.TMP.CRM.McsSystemSettingsCreatePostStage" id="{90a06e4b-ef45-493d-8dfe-1b5280115976}" />
      </MissingDependency>
      <MissingDependency>
        <Required type="90" schemaName="VA.TMP.CRM.ParticipatingSiteCreatePostStage, TMPPlugins, Version=1.0.0.0, Culture=neutral, PublicKeyToken=2a5c0f48e135418c" displayName="VA.TMP.CRM.ParticipatingSiteCreatePostStage" solution="TMP_Sprint22 (1.0.0.2)" id="{9485303d-e415-49d3-9f15-deaaade80f15}" />
        <Dependent type="90" schemaName="VA.TMP.CRM.ParticipatingSiteCreatePostStage, TMPPlugins, Version=1.0.0.0, Culture=neutral, PublicKeyToken=2a5c0f48e135418c" displayName="VA.TMP.CRM.ParticipatingSiteCreatePostStage" id="{9485303d-e415-49d3-9f15-deaaade80f15}" />
      </MissingDependency>
      <MissingDependency>
        <Required type="90" schemaName="VA.TMP.CRM.McsServiceUpdatePostStage, TMPPlugins, Version=1.0.0.0, Culture=neutral, PublicKeyToken=2a5c0f48e135418c" displayName="VA.TMP.CRM.McsServiceUpdatePostStage" solution="TMP_Sprint22 (1.0.0.2)" id="{94a718eb-0ad7-4358-988b-f59add904c8b}" />
        <Dependent type="90" schemaName="VA.TMP.CRM.McsServiceUpdatePostStage, TMPPlugins, Version=1.0.0.0, Culture=neutral, PublicKeyToken=2a5c0f48e135418c" displayName="VA.TMP.CRM.McsServiceUpdatePostStage" id="{94a718eb-0ad7-4358-988b-f59add904c8b}" />
      </MissingDependency>
      <MissingDependency>
        <Required type="90" schemaName="VA.TMP.CRM.CVTStagingComponent.StagingComponentUpdatePostStage, TMPPlugins, Version=1.0.0.0, Culture=neutral, PublicKeyToken=2a5c0f48e135418c" displayName="VA.TMP.CRM.CVTStagingComponent.StagingComponentUpdatePostStage" solution="TMP_Sprint22 (1.0.0.2)" id="{9976b8fa-9e60-4b04-82e6-0e35f0365ccf}" />
        <Dependent type="90" schemaName="VA.TMP.CRM.CVTStagingComponent.StagingComponentUpdatePostStage, TMPPlugins, Version=1.0.0.0, Culture=neutral, PublicKeyToken=2a5c0f48e135418c" displayName="VA.TMP.CRM.CVTStagingComponent.StagingComponentUpdatePostStage" id="{9976b8fa-9e60-4b04-82e6-0e35f0365ccf}" />
      </MissingDependency>
      <MissingDependency>
        <Required type="90" schemaName="VA.TMP.CRM.McsSiteUpdatePostStage, TMPPlugins, Version=1.0.0.0, Culture=neutral, PublicKeyToken=2a5c0f48e135418c" displayName="VA.TMP.CRM.McsSiteUpdatePostStage" solution="TMP_Sprint22 (1.0.0.2)" id="{9acf0f61-9959-4c38-aee0-75c6afdc08e0}" />
        <Dependent type="90" schemaName="VA.TMP.CRM.McsSiteUpdatePostStage, TMPPlugins, Version=1.0.0.0, Culture=neutral, PublicKeyToken=2a5c0f48e135418c" displayName="VA.TMP.CRM.McsSiteUpdatePostStage" id="{9acf0f61-9959-4c38-aee0-75c6afdc08e0}" />
      </MissingDependency>
      <MissingDependency>
        <Required type="90" schemaName="VA.TMP.CRM.ParticipatingSiteUpdatePostStage, TMPPlugins, Version=1.0.0.0, Culture=neutral, PublicKeyToken=2a5c0f48e135418c" displayName="VA.TMP.CRM.ParticipatingSiteUpdatePostStage" solution="TMP_Sprint22 (1.0.0.2)" id="{9bb09f67-77c6-4881-b3f8-704de8064093}" />
        <Dependent type="90" schemaName="VA.TMP.CRM.ParticipatingSiteUpdatePostStage, TMPPlugins, Version=1.0.0.0, Culture=neutral, PublicKeyToken=2a5c0f48e135418c" displayName="VA.TMP.CRM.ParticipatingSiteUpdatePostStage" id="{9bb09f67-77c6-4881-b3f8-704de8064093}" />
      </MissingDependency>
      <MissingDependency>
        <Required type="90" schemaName="VA.TMP.CRM.PPEReviewCreatePostStage, TMPPlugins, Version=1.0.0.0, Culture=neutral, PublicKeyToken=2a5c0f48e135418c" displayName="VA.TMP.CRM.PPEReviewCreatePostStage" solution="TMP_Sprint22 (1.0.0.2)" id="{9f223af3-b815-4508-aacf-472efb6caf3d}" />
        <Dependent type="90" schemaName="VA.TMP.CRM.PPEReviewCreatePostStage, TMPPlugins, Version=1.0.0.0, Culture=neutral, PublicKeyToken=2a5c0f48e135418c" displayName="VA.TMP.CRM.PPEReviewCreatePostStage" id="{9f223af3-b815-4508-aacf-472efb6caf3d}" />
      </MissingDependency>
      <MissingDependency>
        <Required type="90" schemaName="VA.TMP.CRM.McsSiteDeletePreStage, TMPPlugins, Version=1.0.0.0, Culture=neutral, PublicKeyToken=2a5c0f48e135418c" displayName="VA.TMP.CRM.McsSiteDeletePreStage" solution="TMP_Sprint22 (1.0.0.2)" id="{a2eaa65c-e648-4b19-aa8d-5ef4377a51b7}" />
        <Dependent type="90" schemaName="VA.TMP.CRM.McsSiteDeletePreStage, TMPPlugins, Version=1.0.0.0, Culture=neutral, PublicKeyToken=2a5c0f48e135418c" displayName="VA.TMP.CRM.McsSiteDeletePreStage" id="{a2eaa65c-e648-4b19-aa8d-5ef4377a51b7}" />
      </MissingDependency>
      <MissingDependency>
        <Required type="90" schemaName="VA.TMP.CRM.FPPEOPPECreatePostStage, TMPPlugins, Version=1.0.0.0, Culture=neutral, PublicKeyToken=2a5c0f48e135418c" displayName="VA.TMP.CRM.FPPEOPPECreatePostStage" solution="TMP_Sprint22 (1.0.0.2)" id="{a4d949bb-f1ac-4aa0-a3c1-cb713b0d6820}" />
        <Dependent type="90" schemaName="VA.TMP.CRM.FPPEOPPECreatePostStage, TMPPlugins, Version=1.0.0.0, Culture=neutral, PublicKeyToken=2a5c0f48e135418c" displayName="VA.TMP.CRM.FPPEOPPECreatePostStage" id="{a4d949bb-f1ac-4aa0-a3c1-cb713b0d6820}" />
      </MissingDependency>
      <MissingDependency>
        <Required type="90" schemaName="VA.TMP.CRM.EmailAutomationCreatePostStage, TMPPlugins, Version=1.0.0.0, Culture=neutral, PublicKeyToken=2a5c0f48e135418c" displayName="VA.TMP.CRM.EmailAutomationCreatePostStage" solution="TMP_Sprint22 (1.0.0.2)" id="{ace1dead-fd54-46b3-987d-f595f895ab67}" />
        <Dependent type="90" schemaName="VA.TMP.CRM.EmailAutomationCreatePostStage, TMPPlugins, Version=1.0.0.0, Culture=neutral, PublicKeyToken=2a5c0f48e135418c" displayName="VA.TMP.CRM.EmailAutomationCreatePostStage" id="{ace1dead-fd54-46b3-987d-f595f895ab67}" />
      </MissingDependency>
      <MissingDependency>
        <Required type="90" schemaName="VA.TMP.CRM.McsResourceSetStatePreStage, TMPPlugins, Version=1.0.0.0, Culture=neutral, PublicKeyToken=2a5c0f48e135418c" displayName="VA.TMP.CRM.McsResourceSetStatePreStage" solution="TMP_Sprint22 (1.0.0.2)" id="{b0364a62-589e-46b0-a81b-8aadb0d182ce}" />
        <Dependent type="90" schemaName="VA.TMP.CRM.McsResourceSetStatePreStage, TMPPlugins, Version=1.0.0.0, Culture=neutral, PublicKeyToken=2a5c0f48e135418c" displayName="VA.TMP.CRM.McsResourceSetStatePreStage" id="{b0364a62-589e-46b0-a81b-8aadb0d182ce}" />
      </MissingDependency>
      <MissingDependency>
        <Required type="90" schemaName="VA.TMP.CRM.SchedulingPackage.ResourcePackageCreatePostStage, TMPPlugins, Version=1.0.0.0, Culture=neutral, PublicKeyToken=2a5c0f48e135418c" displayName="VA.TMP.CRM.SchedulingPackage.ResourcePackageCreatePostStage" solution="TMP_Sprint22 (1.0.0.2)" id="{b391120f-bcda-490b-8476-b7e7094c2e3f}" />
        <Dependent type="90" schemaName="VA.TMP.CRM.SchedulingPackage.ResourcePackageCreatePostStage, TMPPlugins, Version=1.0.0.0, Culture=neutral, PublicKeyToken=2a5c0f48e135418c" displayName="VA.TMP.CRM.SchedulingPackage.ResourcePackageCreatePostStage" id="{b391120f-bcda-490b-8476-b7e7094c2e3f}" />
      </MissingDependency>
      <MissingDependency>
        <Required type="90" schemaName="VA.TMP.CRM.SchedulingResourceDeletePreStage, TMPPlugins, Version=1.0.0.0, Culture=neutral, PublicKeyToken=2a5c0f48e135418c" displayName="VA.TMP.CRM.SchedulingResourceDeletePreStage" solution="TMP_Sprint22 (1.0.0.2)" id="{b906c5dd-0fc6-41e3-99f9-277bc0b48e3f}" />
        <Dependent type="90" schemaName="VA.TMP.CRM.SchedulingResourceDeletePreStage, TMPPlugins, Version=1.0.0.0, Culture=neutral, PublicKeyToken=2a5c0f48e135418c" displayName="VA.TMP.CRM.SchedulingResourceDeletePreStage" id="{b906c5dd-0fc6-41e3-99f9-277bc0b48e3f}" />
      </MissingDependency>
      <MissingDependency>
        <Required type="90" schemaName="VA.TMP.CRM.Facility_Approval.FacilityApprovalUpdatePostStage, TMPPlugins, Version=1.0.0.0, Culture=neutral, PublicKeyToken=2a5c0f48e135418c" displayName="VA.TMP.CRM.Facility_Approval.FacilityApprovalUpdatePostStage" solution="TMP_Sprint22 (1.0.0.2)" id="{bf4a9d2b-c5a7-4611-a867-92f1354e9004}" />
        <Dependent type="90" schemaName="VA.TMP.CRM.Facility_Approval.FacilityApprovalUpdatePostStage, TMPPlugins, Version=1.0.0.0, Culture=neutral, PublicKeyToken=2a5c0f48e135418c" displayName="VA.TMP.CRM.Facility_Approval.FacilityApprovalUpdatePostStage" id="{bf4a9d2b-c5a7-4611-a867-92f1354e9004}" />
      </MissingDependency>
      <MissingDependency>
        <Required type="90" schemaName="VA.TMP.CRM.ParticipatingSiteUpdatePreStage, TMPPlugins, Version=1.0.0.0, Culture=neutral, PublicKeyToken=2a5c0f48e135418c" displayName="VA.TMP.CRM.ParticipatingSiteUpdatePreStage" solution="TMP_Sprint22 (1.0.0.2)" id="{c18b0e28-ae7d-4e60-ab5a-4df4264cf211}" />
        <Dependent type="90" schemaName="VA.TMP.CRM.ParticipatingSiteUpdatePreStage, TMPPlugins, Version=1.0.0.0, Culture=neutral, PublicKeyToken=2a5c0f48e135418c" displayName="VA.TMP.CRM.ParticipatingSiteUpdatePreStage" id="{c18b0e28-ae7d-4e60-ab5a-4df4264cf211}" />
      </MissingDependency>
      <MissingDependency>
        <Required type="90" schemaName="VA.TMP.CRM.McsResourceCreateSysRecordsPostStage, TMPPlugins, Version=1.0.0.0, Culture=neutral, PublicKeyToken=2a5c0f48e135418c" displayName="VA.TMP.CRM.McsResourceCreateSysRecordsPostStage" solution="TMP_Sprint22 (1.0.0.2)" id="{c1960158-7e9a-4232-a510-686bf1da813a}" />
        <Dependent type="90" schemaName="VA.TMP.CRM.McsResourceCreateSysRecordsPostStage, TMPPlugins, Version=1.0.0.0, Culture=neutral, PublicKeyToken=2a5c0f48e135418c" displayName="VA.TMP.CRM.McsResourceCreateSysRecordsPostStage" id="{c1960158-7e9a-4232-a510-686bf1da813a}" />
      </MissingDependency>
      <MissingDependency>
        <Required type="90" schemaName="VA.TMP.CRM.McsAppointmentMasterCreatePreStage, TMPPlugins, Version=1.0.0.0, Culture=neutral, PublicKeyToken=2a5c0f48e135418c" displayName="VA.TMP.CRM.McsAppointmentMasterCreatePreStage" solution="TMP_Sprint22 (1.0.0.2)" id="{c4af3976-7ede-4524-b1c1-5b9d263473cd}" />
        <Dependent type="90" schemaName="VA.TMP.CRM.McsAppointmentMasterCreatePreStage, TMPPlugins, Version=1.0.0.0, Culture=neutral, PublicKeyToken=2a5c0f48e135418c" displayName="VA.TMP.CRM.McsAppointmentMasterCreatePreStage" id="{c4af3976-7ede-4524-b1c1-5b9d263473cd}" />
      </MissingDependency>
      <MissingDependency>
        <Required type="90" schemaName="VA.TMP.CRM.ParticipatingSiteCreatePreStage, TMPPlugins, Version=1.0.0.0, Culture=neutral, PublicKeyToken=2a5c0f48e135418c" displayName="VA.TMP.CRM.ParticipatingSiteCreatePreStage" solution="TMP_Sprint22 (1.0.0.2)" id="{c9dca991-c039-47e5-94e9-52323d2b604f}" />
        <Dependent type="90" schemaName="VA.TMP.CRM.ParticipatingSiteCreatePreStage, TMPPlugins, Version=1.0.0.0, Culture=neutral, PublicKeyToken=2a5c0f48e135418c" displayName="VA.TMP.CRM.ParticipatingSiteCreatePreStage" id="{c9dca991-c039-47e5-94e9-52323d2b604f}" />
      </MissingDependency>
      <MissingDependency>
        <Required type="90" schemaName="VA.TMP.CRM.McsResourceGroupUpdatePreStage, TMPPlugins, Version=1.0.0.0, Culture=neutral, PublicKeyToken=2a5c0f48e135418c" displayName="VA.TMP.CRM.McsResourceGroupUpdatePreStage" solution="TMP_Sprint22 (1.0.0.2)" id="{ce70f80d-ee3e-4d7c-8524-3a42a5c85727}" />
        <Dependent type="90" schemaName="VA.TMP.CRM.McsResourceGroupUpdatePreStage, TMPPlugins, Version=1.0.0.0, Culture=neutral, PublicKeyToken=2a5c0f48e135418c" displayName="VA.TMP.CRM.McsResourceGroupUpdatePreStage" id="{ce70f80d-ee3e-4d7c-8524-3a42a5c85727}" />
      </MissingDependency>
      <MissingDependency>
        <Required type="90" schemaName="VA.TMP.CRM.CvtProvGroupUpdatePostStage, TMPPlugins, Version=1.0.0.0, Culture=neutral, PublicKeyToken=2a5c0f48e135418c" displayName="VA.TMP.CRM.CvtProvGroupUpdatePostStage" solution="TMP_Sprint22 (1.0.0.2)" id="{d536ca38-d9a7-4301-ad92-519511a6e794}" />
        <Dependent type="90" schemaName="VA.TMP.CRM.CvtProvGroupUpdatePostStage, TMPPlugins, Version=1.0.0.0, Culture=neutral, PublicKeyToken=2a5c0f48e135418c" displayName="VA.TMP.CRM.CvtProvGroupUpdatePostStage" id="{d536ca38-d9a7-4301-ad92-519511a6e794}" />
      </MissingDependency>
      <MissingDependency>
        <Required type="90" schemaName="VA.TMP.CRM.PPEFeedbackUpdatePostStage, TMPPlugins, Version=1.0.0.0, Culture=neutral, PublicKeyToken=2a5c0f48e135418c" displayName="VA.TMP.CRM.PPEFeedbackUpdatePostStage" solution="TMP_Sprint22 (1.0.0.2)" id="{dbf82725-463c-438c-92d0-80ce8ccef0f2}" />
        <Dependent type="90" schemaName="VA.TMP.CRM.PPEFeedbackUpdatePostStage, TMPPlugins, Version=1.0.0.0, Culture=neutral, PublicKeyToken=2a5c0f48e135418c" displayName="VA.TMP.CRM.PPEFeedbackUpdatePostStage" id="{dbf82725-463c-438c-92d0-80ce8ccef0f2}" />
      </MissingDependency>
      <MissingDependency>
        <Required type="90" schemaName="VA.TMP.CRM.McsResourceCreatePostStageAsync, TMPPlugins, Version=1.0.0.0, Culture=neutral, PublicKeyToken=2a5c0f48e135418c" displayName="VA.TMP.CRM.McsResourceCreatePostStageAsync" solution="TMP_Sprint22 (1.0.0.2)" id="{e2d3d779-95c6-4a8d-bb28-632912249366}" />
        <Dependent type="90" schemaName="VA.TMP.CRM.McsResourceCreatePostStageAsync, TMPPlugins, Version=1.0.0.0, Culture=neutral, PublicKeyToken=2a5c0f48e135418c" displayName="VA.TMP.CRM.McsResourceCreatePostStageAsync" id="{e2d3d779-95c6-4a8d-bb28-632912249366}" />
      </MissingDependency>
      <MissingDependency>
        <Required type="90" schemaName="VA.TMP.CRM.CvtMasterTSAUpdatePostStage, TMPPlugins, Version=1.0.0.0, Culture=neutral, PublicKeyToken=2a5c0f48e135418c" displayName="VA.TMP.CRM.CvtMasterTSAUpdatePostStage" solution="TMP_Sprint22 (1.0.0.2)" id="{e516319a-8f52-4fe9-9927-5cfb960e16a6}" />
        <Dependent type="90" schemaName="VA.TMP.CRM.CvtMasterTSAUpdatePostStage, TMPPlugins, Version=1.0.0.0, Culture=neutral, PublicKeyToken=2a5c0f48e135418c" displayName="VA.TMP.CRM.CvtMasterTSAUpdatePostStage" id="{e516319a-8f52-4fe9-9927-5cfb960e16a6}" />
      </MissingDependency>
      <MissingDependency>
        <Required type="90" schemaName="VA.TMP.CRM.TeamCreatePostStage, TMPPlugins, Version=1.0.0.0, Culture=neutral, PublicKeyToken=2a5c0f48e135418c" displayName="VA.TMP.CRM.TeamCreatePostStage" solution="TMP_Sprint22 (1.0.0.2)" id="{e5c7f960-b009-40e6-b374-4c1ea32a05a5}" />
        <Dependent type="90" schemaName="VA.TMP.CRM.TeamCreatePostStage, TMPPlugins, Version=1.0.0.0, Culture=neutral, PublicKeyToken=2a5c0f48e135418c" displayName="VA.TMP.CRM.TeamCreatePostStage" id="{e5c7f960-b009-40e6-b374-4c1ea32a05a5}" />
      </MissingDependency>
      <MissingDependency>
        <Required type="90" schemaName="VA.TMP.CRM.McsAppointmentMasterDeletePreStage, TMPPlugins, Version=1.0.0.0, Culture=neutral, PublicKeyToken=2a5c0f48e135418c" displayName="VA.TMP.CRM.McsAppointmentMasterDeletePreStage" solution="TMP_Sprint22 (1.0.0.2)" id="{e623d862-fbfd-49ba-8548-0d13bda3f714}" />
        <Dependent type="90" schemaName="VA.TMP.CRM.McsAppointmentMasterDeletePreStage, TMPPlugins, Version=1.0.0.0, Culture=neutral, PublicKeyToken=2a5c0f48e135418c" displayName="VA.TMP.CRM.McsAppointmentMasterDeletePreStage" id="{e623d862-fbfd-49ba-8548-0d13bda3f714}" />
      </MissingDependency>
      <MissingDependency>
        <Required type="90" schemaName="VA.TMP.CRM.McsResourceGroupUpdatePostStage, TMPPlugins, Version=1.0.0.0, Culture=neutral, PublicKeyToken=2a5c0f48e135418c" displayName="VA.TMP.CRM.McsResourceGroupUpdatePostStage" solution="TMP_Sprint22 (1.0.0.2)" id="{e7cfee00-e558-453a-846a-e0c07985745d}" />
        <Dependent type="90" schemaName="VA.TMP.CRM.McsResourceGroupUpdatePostStage, TMPPlugins, Version=1.0.0.0, Culture=neutral, PublicKeyToken=2a5c0f48e135418c" displayName="VA.TMP.CRM.McsResourceGroupUpdatePostStage" id="{e7cfee00-e558-453a-846a-e0c07985745d}" />
      </MissingDependency>
      <MissingDependency>
        <Required type="90" schemaName="VA.TMP.CRM.McsServicesDeletePreStage, TMPPlugins, Version=1.0.0.0, Culture=neutral, PublicKeyToken=2a5c0f48e135418c" displayName="VA.TMP.CRM.McsServicesDeletePreStage" solution="TMP_Sprint22 (1.0.0.2)" id="{f444798a-4a87-4733-bf2d-42eb99aaab17}" />
        <Dependent type="90" schemaName="VA.TMP.CRM.McsServicesDeletePreStage, TMPPlugins, Version=1.0.0.0, Culture=neutral, PublicKeyToken=2a5c0f48e135418c" displayName="VA.TMP.CRM.McsServicesDeletePreStage" id="{f444798a-4a87-4733-bf2d-42eb99aaab17}" />
      </MissingDependency>
      <MissingDependency>
        <Required type="90" schemaName="VA.TMP.CRM.UserUpdatePostStage, TMPPlugins, Version=1.0.0.0, Culture=neutral, PublicKeyToken=2a5c0f48e135418c" displayName="VA.TMP.CRM.UserUpdatePostStage" solution="TMP_Sprint22 (1.0.0.2)" id="{f5b6ac0b-09a5-498a-84c9-acc9972cecf9}" />
        <Dependent type="90" schemaName="VA.TMP.CRM.UserUpdatePostStage, TMPPlugins, Version=1.0.0.0, Culture=neutral, PublicKeyToken=2a5c0f48e135418c" displayName="VA.TMP.CRM.UserUpdatePostStage" id="{f5b6ac0b-09a5-498a-84c9-acc9972cecf9}" />
      </MissingDependency>
      <MissingDependency>
        <Required type="90" schemaName="VA.TMP.CRM.McsResourceGroupCreatePreStage, TMPPlugins, Version=1.0.0.0, Culture=neutral, PublicKeyToken=2a5c0f48e135418c" displayName="VA.TMP.CRM.McsResourceGroupCreatePreStage" solution="TMP_Sprint22 (1.0.0.2)" id="{fd2b20db-51dc-4399-a57d-63ca500affa2}" />
        <Dependent type="90" schemaName="VA.TMP.CRM.McsResourceGroupCreatePreStage, TMPPlugins, Version=1.0.0.0, Culture=neutral, PublicKeyToken=2a5c0f48e135418c" displayName="VA.TMP.CRM.McsResourceGroupCreatePreStage" id="{fd2b20db-51dc-4399-a57d-63ca500affa2}" />
      </MissingDependency>
      <MissingDependency>
        <Required type="91" schemaName="TMPPlugins, Version=1.0.0.0, Culture=neutral, PublicKeyToken=2a5c0f48e135418c" displayName="TMPPlugins" solution="TMP_Sprint22 (1.0.0.2)" id="{d24f4cfc-7b69-4e8b-80d5-07908ab49499}" />
        <Dependent type="91" schemaName="TMPPlugins, Version=1.0.0.0, Culture=neutral, PublicKeyToken=2a5c0f48e135418c" displayName="TMPPlugins" id="{d24f4cfc-7b69-4e8b-80d5-07908ab49499}" />
      </MissingDependency>
    </MissingDependencies>
  </SolutionManifest>
</ImportExportXml>