<ImportExportXml version="9.2.21071.150" SolutionPackageVersion="9.2" languagecode="1033" generatedBy="CrmLive" xmlns:xsi="http://www.w3.org/2001/XMLSchema-instance">
  <SolutionManifest>
    <UniqueName>TMP_Sprint25_V2</UniqueName>
    <LocalizedNames>
      <LocalizedName description="TMP_Sprint25_V2" languagecode="1033" />
    </LocalizedNames>
    <Descriptions />
    <Version>1.0.0.0</Version>
    <Managed>0</Managed>
    <Publisher>
      <UniqueName>tmpdefaultpublisher</UniqueName>
      <LocalizedNames>
        <LocalizedName description="TMP Default Publisher" languagecode="1033" />
      </LocalizedNames>
      <Descriptions />
      <EMailAddress xsi:nil="true"></EMailAddress>
      <SupportingWebsiteUrl xsi:nil="true"></SupportingWebsiteUrl>
      <CustomizationPrefix>tmp</CustomizationPrefix>
      <CustomizationOptionValuePrefix>17897</CustomizationOptionValuePrefix>
      <Addresses>
        <Address>
          <AddressNumber>1</AddressNumber>
          <AddressTypeCode>1</AddressTypeCode>
          <City xsi:nil="true"></City>
          <County xsi:nil="true"></County>
          <Country xsi:nil="true"></Country>
          <Fax xsi:nil="true"></Fax>
          <FreightTermsCode xsi:nil="true"></FreightTermsCode>
          <ImportSequenceNumber xsi:nil="true"></ImportSequenceNumber>
          <Latitude xsi:nil="true"></Latitude>
          <Line1 xsi:nil="true"></Line1>
          <Line2 xsi:nil="true"></Line2>
          <Line3 xsi:nil="true"></Line3>
          <Longitude xsi:nil="true"></Longitude>
          <Name xsi:nil="true"></Name>
          <PostalCode xsi:nil="true"></PostalCode>
          <PostOfficeBox xsi:nil="true"></PostOfficeBox>
          <PrimaryContactName xsi:nil="true"></PrimaryContactName>
          <ShippingMethodCode>1</ShippingMethodCode>
          <StateOrProvince xsi:nil="true"></StateOrProvince>
          <Telephone1 xsi:nil="true"></Telephone1>
          <Telephone2 xsi:nil="true"></Telephone2>
          <Telephone3 xsi:nil="true"></Telephone3>
          <TimeZoneRuleVersionNumber xsi:nil="true"></TimeZoneRuleVersionNumber>
          <UPSZone xsi:nil="true"></UPSZone>
          <UTCOffset xsi:nil="true"></UTCOffset>
          <UTCConversionTimeZoneCode xsi:nil="true"></UTCConversionTimeZoneCode>
        </Address>
        <Address>
          <AddressNumber>2</AddressNumber>
          <AddressTypeCode>1</AddressTypeCode>
          <City xsi:nil="true"></City>
          <County xsi:nil="true"></County>
          <Country xsi:nil="true"></Country>
          <Fax xsi:nil="true"></Fax>
          <FreightTermsCode xsi:nil="true"></FreightTermsCode>
          <ImportSequenceNumber xsi:nil="true"></ImportSequenceNumber>
          <Latitude xsi:nil="true"></Latitude>
          <Line1 xsi:nil="true"></Line1>
          <Line2 xsi:nil="true"></Line2>
          <Line3 xsi:nil="true"></Line3>
          <Longitude xsi:nil="true"></Longitude>
          <Name xsi:nil="true"></Name>
          <PostalCode xsi:nil="true"></PostalCode>
          <PostOfficeBox xsi:nil="true"></PostOfficeBox>
          <PrimaryContactName xsi:nil="true"></PrimaryContactName>
          <ShippingMethodCode>1</ShippingMethodCode>
          <StateOrProvince xsi:nil="true"></StateOrProvince>
          <Telephone1 xsi:nil="true"></Telephone1>
          <Telephone2 xsi:nil="true"></Telephone2>
          <Telephone3 xsi:nil="true"></Telephone3>
          <TimeZoneRuleVersionNumber xsi:nil="true"></TimeZoneRuleVersionNumber>
          <UPSZone xsi:nil="true"></UPSZone>
          <UTCOffset xsi:nil="true"></UTCOffset>
          <UTCConversionTimeZoneCode xsi:nil="true"></UTCConversionTimeZoneCode>
        </Address>
      </Addresses>
    </Publisher>
    <RootComponents>
      <RootComponent type="1" schemaName="appointment" behavior="1" />
      <RootComponent type="1" schemaName="systemuser" behavior="1" />
      <RootComponent type="60" id="{f5af0c79-97db-4c3f-8d7e-62b53d9062d4}" />
      <RootComponent type="61" schemaName="cvt_ViaLogin.js" behavior="0" />
    </RootComponents>
    <MissingDependencies>
      <MissingDependency>
        <Required type="1" schemaName="cvt_vistaintegrationresult" displayName="Vista Integration Result" solution="Active" />
        <Dependent type="60" displayName="Information" parentDisplayName="Reserve Resource" id="{f5af0c79-97db-4c3f-8d7e-62b53d9062d4}" />
      </MissingDependency>
      <MissingDependency>
        <Required type="1" schemaName="mcs_integrationresult" displayName="Integration Result" solution="Active" />
        <Dependent type="60" displayName="Information" parentDisplayName="Reserve Resource" id="{f5af0c79-97db-4c3f-8d7e-62b53d9062d4}" />
      </MissingDependency>
      <MissingDependency>
        <Required type="10" schemaName="cvt_mcs_facility_appointment_Facility" displayName="cvt_mcs_facility_appointment_Facility" parentSchemaName="appointment" parentDisplayName="Reserve Resource" solution="Active" />
        <Dependent type="60" displayName="Information" parentDisplayName="Reserve Resource" id="{f5af0c79-97db-4c3f-8d7e-62b53d9062d4}" />
      </MissingDependency>
      <MissingDependency>
        <Required type="10" schemaName="cvt_mcs_resourcegroup_appointment_ResourceGroup" displayName="cvt_mcs_resourcegroup_appointment_ResourceGroup" parentSchemaName="appointment" parentDisplayName="Reserve Resource" solution="Active" />
        <Dependent type="60" displayName="Information" parentDisplayName="Reserve Resource" id="{f5af0c79-97db-4c3f-8d7e-62b53d9062d4}" />
      </MissingDependency>
      <MissingDependency>
        <Required type="10" schemaName="cvt_mcs_site_appointment_Site" displayName="cvt_mcs_site_appointment_Site" parentSchemaName="appointment" parentDisplayName="Reserve Resource" solution="Active" />
        <Dependent type="60" displayName="Information" parentDisplayName="Reserve Resource" id="{f5af0c79-97db-4c3f-8d7e-62b53d9062d4}" />
      </MissingDependency>
      <MissingDependency>
        <Required type="10" schemaName="cvt_mcs_site_appointment_TMPSite" displayName="cvt_mcs_site_appointment_TMPSite" parentSchemaName="appointment" parentDisplayName="Reserve Resource" solution="Active" />
        <Dependent type="60" displayName="Information" parentDisplayName="Reserve Resource" id="{f5af0c79-97db-4c3f-8d7e-62b53d9062d4}" />
      </MissingDependency>
      <MissingDependency>
        <Required type="10" schemaName="cvt_serviceappointment_appointment_serviceactivityid" displayName="cvt_serviceappointment_appointment_serviceactivityid" parentSchemaName="appointment" parentDisplayName="Reserve Resource" solution="Active" />
        <Dependent type="60" displayName="Information" parentDisplayName="Reserve Resource" id="{f5af0c79-97db-4c3f-8d7e-62b53d9062d4}" />
      </MissingDependency>
      <MissingDependency>
        <Required type="10" schemaName="cvt_systemuser_appointment_Provider" displayName="cvt_systemuser_appointment_Provider" parentSchemaName="appointment" parentDisplayName="Reserve Resource" solution="Active" />
        <Dependent type="60" displayName="Information" parentDisplayName="Reserve Resource" id="{f5af0c79-97db-4c3f-8d7e-62b53d9062d4}" />
      </MissingDependency>
      <MissingDependency>
        <Required type="10" schemaName="cvt_systemuser_appointment_Scheduler" displayName="cvt_systemuser_appointment_Scheduler" parentSchemaName="appointment" parentDisplayName="Reserve Resource" solution="Active" />
        <Dependent type="60" displayName="Information" parentDisplayName="Reserve Resource" id="{f5af0c79-97db-4c3f-8d7e-62b53d9062d4}" />
      </MissingDependency>
      <MissingDependency>
        <Required type="10" schemaName="cvt_appointment_cvt_vistaintegrationresult_Appointment" displayName="cvt_appointment_cvt_vistaintegrationresult_Appointment" parentSchemaName="cvt_vistaintegrationresult" parentDisplayName="Vista Integration Result" solution="Active" />
        <Dependent type="60" displayName="Information" parentDisplayName="Reserve Resource" id="{f5af0c79-97db-4c3f-8d7e-62b53d9062d4}" />
      </MissingDependency>
      <MissingDependency>
        <Required type="10" schemaName="mcs_appointment_mcs_integrationresult_appointmentid" displayName="mcs_appointment_mcs_integrationresult_appointmentid" parentSchemaName="mcs_integrationresult" parentDisplayName="Integration Result" solution="Active" />
        <Dependent type="60" displayName="Information" parentDisplayName="Reserve Resource" id="{f5af0c79-97db-4c3f-8d7e-62b53d9062d4}" />
      </MissingDependency>
      <MissingDependency>
        <Required type="2" schemaName="cvt_cancelcode" displayName="Cancel Code" parentSchemaName="appointment" parentDisplayName="Reserve Resource" solution="Active" />
        <Dependent type="60" displayName="Information" parentDisplayName="Reserve Resource" id="{f5af0c79-97db-4c3f-8d7e-62b53d9062d4}" />
      </MissingDependency>
      <MissingDependency>
        <Required type="2" schemaName="cvt_cancelreason" displayName="Cancel Reason" parentSchemaName="appointment" parentDisplayName="Reserve Resource" solution="Active" />
        <Dependent type="60" displayName="Information" parentDisplayName="Reserve Resource" id="{f5af0c79-97db-4c3f-8d7e-62b53d9062d4}" />
      </MissingDependency>
      <MissingDependency>
        <Required type="2" schemaName="cvt_cancelremarks" displayName="Cancel Remarks" parentSchemaName="appointment" parentDisplayName="Reserve Resource" solution="Active" />
        <Dependent type="60" displayName="Information" parentDisplayName="Reserve Resource" id="{f5af0c79-97db-4c3f-8d7e-62b53d9062d4}" />
      </MissingDependency>
      <MissingDependency>
        <Required type="2" schemaName="cvt_clinicien" displayName="Clinic IEN" parentSchemaName="appointment" parentDisplayName="Reserve Resource" solution="Active" />
        <Dependent type="60" displayName="Information" parentDisplayName="Reserve Resource" id="{f5af0c79-97db-4c3f-8d7e-62b53d9062d4}" />
      </MissingDependency>
      <MissingDependency>
        <Required type="2" schemaName="cvt_clinicname" displayName="Clinic Name" parentSchemaName="appointment" parentDisplayName="Reserve Resource" solution="Active" />
        <Dependent type="60" displayName="Information" parentDisplayName="Reserve Resource" id="{f5af0c79-97db-4c3f-8d7e-62b53d9062d4}" />
      </MissingDependency>
      <MissingDependency>
        <Required type="2" schemaName="cvt_consultid" displayName="Consult Id" parentSchemaName="appointment" parentDisplayName="Reserve Resource" solution="Active" />
        <Dependent type="60" displayName="Information" parentDisplayName="Reserve Resource" id="{f5af0c79-97db-4c3f-8d7e-62b53d9062d4}" />
      </MissingDependency>
      <MissingDependency>
        <Required type="2" schemaName="cvt_consultname" displayName="Consult Name" parentSchemaName="appointment" parentDisplayName="Reserve Resource" solution="Active" />
        <Dependent type="60" displayName="Information" parentDisplayName="Reserve Resource" id="{f5af0c79-97db-4c3f-8d7e-62b53d9062d4}" />
      </MissingDependency>
      <MissingDependency>
        <Required type="2" schemaName="cvt_facility" displayName="Facility" parentSchemaName="appointment" parentDisplayName="Reserve Resource" solution="Active" />
        <Dependent type="60" displayName="Information" parentDisplayName="Reserve Resource" id="{f5af0c79-97db-4c3f-8d7e-62b53d9062d4}" />
      </MissingDependency>
      <MissingDependency>
        <Required type="2" schemaName="cvt_facilitytext" displayName="Station Number" parentSchemaName="appointment" parentDisplayName="Reserve Resource" solution="Active" />
        <Dependent type="60" displayName="Information" parentDisplayName="Reserve Resource" id="{f5af0c79-97db-4c3f-8d7e-62b53d9062d4}" />
      </MissingDependency>
      <MissingDependency>
        <Required type="2" schemaName="cvt_patienticn" displayName="PatientICN" parentSchemaName="appointment" parentDisplayName="Reserve Resource" solution="Active" />
        <Dependent type="60" displayName="Information" parentDisplayName="Reserve Resource" id="{f5af0c79-97db-4c3f-8d7e-62b53d9062d4}" />
      </MissingDependency>
      <MissingDependency>
        <Required type="2" schemaName="cvt_patuserduz" displayName="PatUserDuz" parentSchemaName="appointment" parentDisplayName="Reserve Resource" solution="Active" />
        <Dependent type="60" displayName="Information" parentDisplayName="Reserve Resource" id="{f5af0c79-97db-4c3f-8d7e-62b53d9062d4}" />
      </MissingDependency>
      <MissingDependency>
        <Required type="2" schemaName="cvt_prouserduz" displayName="ProUserDuz" parentSchemaName="appointment" parentDisplayName="Reserve Resource" solution="Active" />
        <Dependent type="60" displayName="Information" parentDisplayName="Reserve Resource" id="{f5af0c79-97db-4c3f-8d7e-62b53d9062d4}" />
      </MissingDependency>
      <MissingDependency>
        <Required type="2" schemaName="cvt_provider" displayName="Provider" parentSchemaName="appointment" parentDisplayName="Reserve Resource" solution="Active" />
        <Dependent type="60" displayName="Information" parentDisplayName="Reserve Resource" id="{f5af0c79-97db-4c3f-8d7e-62b53d9062d4}" />
      </MissingDependency>
      <MissingDependency>
        <Required type="2" schemaName="cvt_provideremail" displayName="Provider Email" parentSchemaName="appointment" parentDisplayName="Reserve Resource" solution="Active" />
        <Dependent type="60" displayName="Information" parentDisplayName="Reserve Resource" id="{f5af0c79-97db-4c3f-8d7e-62b53d9062d4}" />
      </MissingDependency>
      <MissingDependency>
        <Required type="2" schemaName="cvt_resourcegroup" displayName="Resource Group" parentSchemaName="appointment" parentDisplayName="Reserve Resource" solution="Active" />
        <Dependent type="60" displayName="Information" parentDisplayName="Reserve Resource" id="{f5af0c79-97db-4c3f-8d7e-62b53d9062d4}" />
      </MissingDependency>
      <MissingDependency>
        <Required type="2" schemaName="cvt_retryintegration" displayName="Retry Integration" parentSchemaName="appointment" parentDisplayName="Reserve Resource" solution="Active" />
        <Dependent type="60" displayName="Information" parentDisplayName="Reserve Resource" id="{f5af0c79-97db-4c3f-8d7e-62b53d9062d4}" />
      </MissingDependency>
      <MissingDependency>
        <Required type="2" schemaName="cvt_samltoken" displayName="SAML Token" parentSchemaName="appointment" parentDisplayName="Reserve Resource" solution="Active" />
        <Dependent type="60" displayName="Information" parentDisplayName="Reserve Resource" id="{f5af0c79-97db-4c3f-8d7e-62b53d9062d4}" />
      </MissingDependency>
      <MissingDependency>
        <Required type="2" schemaName="cvt_scheduleremail" displayName="Scheduler Email" parentSchemaName="appointment" parentDisplayName="Reserve Resource" solution="Active" />
        <Dependent type="60" displayName="Information" parentDisplayName="Reserve Resource" id="{f5af0c79-97db-4c3f-8d7e-62b53d9062d4}" />
      </MissingDependency>
      <MissingDependency>
        <Required type="2" schemaName="cvt_schedulername" displayName="Scheduler Name" parentSchemaName="appointment" parentDisplayName="Reserve Resource" solution="Active" />
        <Dependent type="60" displayName="Information" parentDisplayName="Reserve Resource" id="{f5af0c79-97db-4c3f-8d7e-62b53d9062d4}" />
      </MissingDependency>
      <MissingDependency>
        <Required type="2" schemaName="cvt_scheduleruser" displayName="Scheduler" parentSchemaName="appointment" parentDisplayName="Reserve Resource" solution="Active" />
        <Dependent type="60" displayName="Information" parentDisplayName="Reserve Resource" id="{f5af0c79-97db-4c3f-8d7e-62b53d9062d4}" />
      </MissingDependency>
      <MissingDependency>
        <Required type="2" schemaName="cvt_serviceactivityid" displayName="Appointment" parentSchemaName="appointment" parentDisplayName="Reserve Resource" solution="Active" />
        <Dependent type="60" displayName="Information" parentDisplayName="Reserve Resource" id="{f5af0c79-97db-4c3f-8d7e-62b53d9062d4}" />
      </MissingDependency>
      <MissingDependency>
        <Required type="2" schemaName="cvt_site" displayName="Site" parentSchemaName="appointment" parentDisplayName="Reserve Resource" solution="Active" />
        <Dependent type="60" displayName="Information" parentDisplayName="Reserve Resource" id="{f5af0c79-97db-4c3f-8d7e-62b53d9062d4}" />
      </MissingDependency>
      <MissingDependency>
        <Required type="2" schemaName="cvt_tmpsite" displayName="TMP Site" parentSchemaName="appointment" parentDisplayName="Reserve Resource" solution="Active" />
        <Dependent type="60" displayName="Information" parentDisplayName="Reserve Resource" id="{f5af0c79-97db-4c3f-8d7e-62b53d9062d4}" />
      </MissingDependency>
      <MissingDependency>
        <Required type="2" schemaName="cvt_visitstatus" displayName="Visit Status" parentSchemaName="appointment" parentDisplayName="Reserve Resource" solution="Active" />
        <Dependent type="60" displayName="Information" parentDisplayName="Reserve Resource" id="{f5af0c79-97db-4c3f-8d7e-62b53d9062d4}" />
      </MissingDependency>
      <MissingDependency>
        <Required type="2" schemaName="cvt_vistaappointmentid" displayName="VistA Appointment Id" parentSchemaName="appointment" parentDisplayName="Reserve Resource" solution="Active" />
        <Dependent type="60" displayName="Information" parentDisplayName="Reserve Resource" id="{f5af0c79-97db-4c3f-8d7e-62b53d9062d4}" />
      </MissingDependency>
      <MissingDependency>
        <Required type="2" schemaName="mcs_cernerappointmentid" displayName="Cerner Appointment ID" parentSchemaName="appointment" parentDisplayName="Reserve Resource" solution="Active" />
        <Dependent type="60" displayName="Information" parentDisplayName="Reserve Resource" id="{f5af0c79-97db-4c3f-8d7e-62b53d9062d4}" />
      </MissingDependency>
      <MissingDependency>
        <Required type="26" schemaName="Vista Books/Cancels Sub-Grid" displayName="Vista Books/Cancels Sub-Grid" parentSchemaName="cvt_vistaintegrationresult" parentDisplayName="Vista Integration Result" solution="Active" id="{1aceb3e8-cbc6-e611-80de-000d3a007bf6}" />
        <Dependent type="60" displayName="Information" parentDisplayName="Reserve Resource" id="{f5af0c79-97db-4c3f-8d7e-62b53d9062d4}" />
      </MissingDependency>
      <MissingDependency>
        <Required type="26" schemaName="Appointment Lookup View" displayName="Appointment Lookup View" parentSchemaName="serviceappointment" parentDisplayName="Appointment" solution="msdynce_Service (9.0.5.56)" id="{2be57c46-35fc-4fb9-8094-bd82da6c4b07}" />
        <Dependent type="60" displayName="Information" parentDisplayName="Reserve Resource" id="{f5af0c79-97db-4c3f-8d7e-62b53d9062d4}" />
      </MissingDependency>
      <MissingDependency>
        <Required type="26" schemaName="Resource Group Lookup View" displayName="Resource Group Lookup View" parentSchemaName="mcs_resourcegroup" parentDisplayName="TMP Resource Group" solution="Active" id="{32fc0807-b1f2-4d92-9555-4dfd38788856}" />
        <Dependent type="60" displayName="Information" parentDisplayName="Reserve Resource" id="{f5af0c79-97db-4c3f-8d7e-62b53d9062d4}" />
      </MissingDependency>
      <MissingDependency>
        <Required type="26" schemaName="Active Vista Integration Results" displayName="Active Vista Integration Results" parentSchemaName="cvt_vistaintegrationresult" parentDisplayName="Vista Integration Result" solution="Active" id="{60fd513b-e3c4-42f2-bdf7-1f90108705df}" />
        <Dependent type="60" displayName="Information" parentDisplayName="Reserve Resource" id="{f5af0c79-97db-4c3f-8d7e-62b53d9062d4}" />
      </MissingDependency>
      <MissingDependency>
        <Required type="26" schemaName="TMP Site Lookup View" displayName="TMP Site Lookup View" parentSchemaName="mcs_site" parentDisplayName="TMP Site" solution="Active" id="{8fc5cd0c-1ab8-444c-9eb5-7fe090c0dae3}" />
        <Dependent type="60" displayName="Information" parentDisplayName="Reserve Resource" id="{f5af0c79-97db-4c3f-8d7e-62b53d9062d4}" />
      </MissingDependency>
      <MissingDependency>
        <Required type="26" schemaName="Active Integration Results" displayName="Active Integration Results" parentSchemaName="mcs_integrationresult" parentDisplayName="Integration Result" solution="Active" id="{b07686b7-0053-40d3-b474-e4dc7df485f3}" />
        <Dependent type="60" displayName="Information" parentDisplayName="Reserve Resource" id="{f5af0c79-97db-4c3f-8d7e-62b53d9062d4}" />
      </MissingDependency>
      <MissingDependency>
        <Required type="26" schemaName="Integration Result Sub-Grid" displayName="Integration Result Sub-Grid" parentSchemaName="mcs_integrationresult" parentDisplayName="Integration Result" solution="Active" id="{df3aecb7-cbc6-e611-80de-000d3a007bf6}" />
        <Dependent type="60" displayName="Information" parentDisplayName="Reserve Resource" id="{f5af0c79-97db-4c3f-8d7e-62b53d9062d4}" />
      </MissingDependency>
      <MissingDependency>
        <Required type="61" schemaName="cvt_Appointment.OnSave" displayName="cvt_Appointment.OnSave" solution="Active" />
        <Dependent type="60" displayName="Information" parentDisplayName="Reserve Resource" id="{f5af0c79-97db-4c3f-8d7e-62b53d9062d4}" />
      </MissingDependency>
      <MissingDependency>
        <Required type="61" schemaName="cvt_AppointmentOnChange" displayName="cvt_AppointmentOnChange" solution="Active" />
        <Dependent type="60" displayName="Information" parentDisplayName="Reserve Resource" id="{f5af0c79-97db-4c3f-8d7e-62b53d9062d4}" />
      </MissingDependency>
      <MissingDependency>
        <Required type="61" schemaName="cvt_AppointmentOnLoad.js" displayName="cvt_AppointmentOnLoad.js" solution="Active" />
        <Dependent type="60" displayName="Information" parentDisplayName="Reserve Resource" id="{f5af0c79-97db-4c3f-8d7e-62b53d9062d4}" />
      </MissingDependency>
      <MissingDependency>
        <Required type="61" schemaName="cvt_AppointmentRibbon.js" displayName="cvt_AppointmentRibbon.js" solution="Active" />
        <Dependent type="60" displayName="Information" parentDisplayName="Reserve Resource" id="{f5af0c79-97db-4c3f-8d7e-62b53d9062d4}" />
      </MissingDependency>
      <MissingDependency>
        <Required type="61" schemaName="cvt_CommonFunctions.js" displayName="cvt_CommonFunctions.js" solution="Active" />
        <Dependent type="60" displayName="Information" parentDisplayName="Reserve Resource" id="{f5af0c79-97db-4c3f-8d7e-62b53d9062d4}" />
      </MissingDependency>
      <MissingDependency>
        <Required type="61" schemaName="cvt_jquery.1.7.1.js" displayName="cvt_jquery.1.7.1.js" solution="Active" />
        <Dependent type="60" displayName="Information" parentDisplayName="Reserve Resource" id="{f5af0c79-97db-4c3f-8d7e-62b53d9062d4}" />
      </MissingDependency>
      <MissingDependency>
        <Required type="61" schemaName="cvt_Process.js" displayName="cvt_Process.js" solution="Active" />
        <Dependent type="60" displayName="Information" parentDisplayName="Reserve Resource" id="{f5af0c79-97db-4c3f-8d7e-62b53d9062d4}" />
      </MissingDependency>
      <MissingDependency>
        <Required type="61" schemaName="cvt_VIALoginUI.html" displayName="cvt_VIALoginUI.html" solution="Active" />
        <Dependent type="60" displayName="Information" parentDisplayName="Reserve Resource" id="{f5af0c79-97db-4c3f-8d7e-62b53d9062d4}" />
      </MissingDependency>
      <MissingDependency>
        <Required type="61" schemaName="mcs_CrmRestKit.js" displayName="mcs_CrmRestKit.js" solution="Active" />
        <Dependent type="60" displayName="Information" parentDisplayName="Reserve Resource" id="{f5af0c79-97db-4c3f-8d7e-62b53d9062d4}" />
      </MissingDependency>
      <MissingDependency>
        <Required type="61" schemaName="mcs_mvi_searchUI" displayName="mcs_mvi_searchUI" solution="Active" />
        <Dependent type="60" displayName="Information" parentDisplayName="Reserve Resource" id="{f5af0c79-97db-4c3f-8d7e-62b53d9062d4}" />
      </MissingDependency>
    </MissingDependencies>
  </SolutionManifest>
</ImportExportXml>