<ImportExportXml xmlns:xsi="http://www.w3.org/2001/XMLSchema-instance">
  <Entities>
    <Entity>
      <Name LocalizedName="TMP Site" OriginalName="Site">mcs_site</Name>
      <SavedQueries>
        <savedqueries>
          <savedquery>
            <IsCustomizable>1</IsCustomizable>
            <CanBeDeleted>1</CanBeDeleted>
            <isquickfindquery>0</isquickfindquery>
            <isprivate>0</isprivate>
            <isdefault>1</isdefault>
            <savedqueryid>{03693f2c-004f-e411-9520-00155d14d8a4}</savedqueryid>
            <layoutxml>
              <grid name="resultset" jump="mcs_name" select="1" icon="1" preview="1">
                <row name="result" id="mcs_siteid">
                  <cell name="mcs_name" width="300" />
                  <cell name="mcs_type" width="100" />
                  <cell name="mcs_businessunitid" width="100" />
                  <cell name="mcs_facilityid" width="200" />
                  <cell name="mcs_parentstationnumber" width="150" />
                  <cell name="mcs_stationnumber" width="100" />
                  <cell name="mcs_timezone" width="150" />
                  <cell name="ownerid" width="100" />
                  <cell name="modifiedon" width="125" />
                </row>
              </grid>
            </layoutxml>
            <querytype>0</querytype>
            <fetchxml>
              <fetch version="1.0" output-format="xml-platform" mapping="logical" distinct="true">
                <entity name="mcs_site">
                  <attribute name="mcs_name" />
                  <attribute name="mcs_facilityid" />
                  <attribute name="mcs_stationnumber" />
                  <attribute name="mcs_parentstationnumber" />
                  <attribute name="mcs_type" />
                  <attribute name="mcs_businessunitid" />
                  <attribute name="mcs_timezone" />
                  <attribute name="ownerid" />
                  <attribute name="modifiedon" />
                  <order attribute="mcs_name" descending="false" />
                  <filter type="and">
                    <condition attribute="statecode" operator="eq" value="0" />
                  </filter>
                  <link-entity name="mcs_facility" from="mcs_facilityid" to="mcs_facilityid" alias="aa">
                    <link-entity name="systemuser" from="cvt_facility" to="mcs_facilityid" alias="ab">
                      <filter type="and">
                        <condition attribute="systemuserid" operator="eq-userid" />
                      </filter>
                    </link-entity>
                  </link-entity>
                  <attribute name="mcs_siteid" />
                </entity>
              </fetch>
            </fetchxml>
            <IntroducedVersion>1.0</IntroducedVersion>
            <LocalizedNames>
              <LocalizedName description="My Facility - TMP Sites" languagecode="1033" />
            </LocalizedNames>
          </savedquery>
          <savedquery>
            <IsCustomizable>1</IsCustomizable>
            <CanBeDeleted>1</CanBeDeleted>
            <isquickfindquery>0</isquickfindquery>
            <isprivate>0</isprivate>
            <isdefault>0</isdefault>
            <savedqueryid>{a985d8b2-c7c7-eb11-bacd-001dd802e228}</savedqueryid>
            <layoutxml>
              <grid name="resultset" jump="mcs_name" select="1" preview="1" icon="1">
                <row name="result" id="mcs_siteid">
                  <cell name="mcs_name" width="300" imageproviderfunctionname="" imageproviderwebresource="$webresource:" />
                  <cell name="mcs_type" width="100" />
                  <cell name="mcs_businessunitid" width="100" />
                  <cell name="mcs_facilityid" width="150" imageproviderfunctionname="" imageproviderwebresource="$webresource:" />
                  <cell name="cvt_edphonenumber" width="125" imageproviderfunctionname="" imageproviderwebresource="$webresource:" />
                  <cell name="mcs_timezone" width="200" imageproviderfunctionname="" imageproviderwebresource="$webresource:" />
                  <cell name="cvt_vmr" width="300" imageproviderfunctionname="" imageproviderwebresource="$webresource:" />
                  <cell name="modifiedby" width="150" imageproviderfunctionname="" imageproviderwebresource="$webresource:" />
                  <cell name="modifiedon" width="150" imageproviderfunctionname="" imageproviderwebresource="$webresource:" />
                  <cell name="createdby" width="150" imageproviderfunctionname="" imageproviderwebresource="$webresource:" />
                  <cell name="createdon" width="150" imageproviderfunctionname="" imageproviderwebresource="$webresource:" />
                  <cell name="a_fb6665dc1868e3119e2500155d559835.internalemailaddress" width="10" disableSorting="1" />
                  <cell name="a_ef6665dc1868e3119e2500155d559835.internalemailaddress" width="10" disableSorting="1" />
                </row>
              </grid>
            </layoutxml>
            <querytype>0</querytype>
            <fetchxml>
              <fetch version="1.0" output-format="xml-platform" mapping="logical" distinct="false">
                <entity name="mcs_site">
                  <attribute name="mcs_name" />
                  <attribute name="mcs_businessunitid" />
                  <attribute name="mcs_type" />
                  <attribute name="mcs_timezone" />
                  <attribute name="modifiedon" />
                  <attribute name="mcs_facilityid" />
                  <attribute name="modifiedby" />
                  <attribute name="createdon" />
                  <attribute name="createdby" />
                  <attribute name="cvt_vmr" />
                  <attribute name="cvt_edphonenumber" />
                  <order attribute="mcs_name" descending="false" />
                  <filter type="and">
                    <filter type="and">
                      <condition attribute="mcs_name" operator="like" value="%iPad%" />
                      <filter type="or">
                        <condition attribute="mcs_type" operator="eq" value="917290003" />
                        <condition attribute="mcs_type" operator="eq" value="917290004" />
                      </filter>
                      <condition attribute="cvt_vmr" operator="not-null" />
                    </filter>
                  </filter>
                  <link-entity name="systemuser" from="systemuserid" to="modifiedby" visible="false" link-type="outer" alias="a_fb6665dc1868e3119e2500155d559835">
                    <attribute name="internalemailaddress" />
                  </link-entity>
                  <link-entity name="systemuser" from="systemuserid" to="createdby" visible="false" link-type="outer" alias="a_ef6665dc1868e3119e2500155d559835">
                    <attribute name="internalemailaddress" />
                  </link-entity>
                  <attribute name="mcs_siteid" />
                </entity>
              </fetch>
            </fetchxml>
            <IntroducedVersion>1.0.0.0</IntroducedVersion>
            <LocalizedNames>
              <LocalizedName description="Phone Book iPad Sites (CLC/ER)" languagecode="1033" />
            </LocalizedNames>
          </savedquery>
          <savedquery>
            <IsCustomizable>1</IsCustomizable>
            <CanBeDeleted>1</CanBeDeleted>
            <isquickfindquery>0</isquickfindquery>
            <isprivate>0</isprivate>
            <isdefault>0</isdefault>
            <savedqueryid>{cfd9dbd6-78c4-eb11-bacd-001dd802018f}</savedqueryid>
            <layoutxml>
              <grid name="resultset" jump="mcs_name" select="1" preview="1" icon="1">
                <row name="result" id="mcs_siteid">
                  <cell name="mcs_name" width="300" imageproviderfunctionname="" imageproviderwebresource="$webresource:" />
                  <cell name="mcs_type" width="100" />
                  <cell name="mcs_businessunitid" width="100" />
                  <cell name="mcs_facilityid" width="150" imageproviderfunctionname="" imageproviderwebresource="$webresource:" />
                  <cell name="cvt_phone" width="125" imageproviderfunctionname="" imageproviderwebresource="$webresource:" />
                  <cell name="mcs_timezone" width="200" imageproviderfunctionname="" imageproviderwebresource="$webresource:" />
                  <cell name="cvt_vmr" width="300" imageproviderfunctionname="" imageproviderwebresource="$webresource:" />
                  <cell name="modifiedby" width="150" imageproviderfunctionname="" imageproviderwebresource="$webresource:" />
                  <cell name="modifiedon" width="150" imageproviderfunctionname="" imageproviderwebresource="$webresource:" />
                  <cell name="createdby" width="150" imageproviderfunctionname="" imageproviderwebresource="$webresource:" />
                  <cell name="createdon" width="150" imageproviderfunctionname="" imageproviderwebresource="$webresource:" />
                  <cell name="a_fb6665dc1868e3119e2500155d559835.internalemailaddress" width="10" disableSorting="1" />
                  <cell name="a_ef6665dc1868e3119e2500155d559835.internalemailaddress" width="10" disableSorting="1" />
                </row>
              </grid>
            </layoutxml>
            <querytype>0</querytype>
            <fetchxml>
              <fetch version="1.0" output-format="xml-platform" mapping="logical" distinct="false">
                <entity name="mcs_site">
                  <attribute name="mcs_name" />
                  <attribute name="mcs_businessunitid" />
                  <attribute name="mcs_type" />
                  <attribute name="mcs_timezone" />
                  <attribute name="modifiedon" />
                  <attribute name="mcs_facilityid" />
                  <attribute name="modifiedby" />
                  <attribute name="createdon" />
                  <attribute name="createdby" />
                  <attribute name="cvt_vmr" />
                  <attribute name="cvt_phone" />
                  <order attribute="mcs_name" descending="false" />
                  <filter type="and">
                    <filter type="and">
                      <condition attribute="mcs_name" operator="like" value="%iPad%" />
                      <condition attribute="cvt_vmr" operator="not-null" />
                    </filter>
                  </filter>
                  <link-entity name="systemuser" from="systemuserid" to="modifiedby" visible="false" link-type="outer" alias="a_fb6665dc1868e3119e2500155d559835">
                    <attribute name="internalemailaddress" />
                  </link-entity>
                  <link-entity name="systemuser" from="systemuserid" to="createdby" visible="false" link-type="outer" alias="a_ef6665dc1868e3119e2500155d559835">
                    <attribute name="internalemailaddress" />
                  </link-entity>
                  <attribute name="mcs_siteid" />
                </entity>
              </fetch>
            </fetchxml>
            <IntroducedVersion>1.0</IntroducedVersion>
            <LocalizedNames>
              <LocalizedName description="Phone Book iPad Sites" languagecode="1033" />
            </LocalizedNames>
          </savedquery>
          <savedquery>
            <IsCustomizable>1</IsCustomizable>
            <CanBeDeleted>1</CanBeDeleted>
            <isquickfindquery>0</isquickfindquery>
            <isprivate>0</isprivate>
            <isdefault>0</isdefault>
            <savedqueryid>{1d7670eb-ca25-e711-80df-000d3a007bf6}</savedqueryid>
            <layoutxml>
              <grid name="resultset" jump="mcs_name" select="1" preview="1" icon="1">
                <row name="result" id="mcs_siteid">
                  <cell name="mcs_name" width="150" />
                  <cell name="mcs_type" width="150" />
                  <cell name="cvt_vmr" width="300" />
                </row>
              </grid>
            </layoutxml>
            <querytype>0</querytype>
            <fetchxml>
              <fetch version="1.0" output-format="xml-platform" mapping="logical" distinct="false">
                <entity name="mcs_site">
                  <attribute name="mcs_name" />
                  <attribute name="cvt_vmr" />
                  <attribute name="mcs_type" />
                  <order attribute="mcs_name" descending="false" />
                  <filter type="and">
                    <condition attribute="cvt_vmr" operator="not-null" />
                  </filter>
                  <attribute name="mcs_siteid" />
                </entity>
              </fetch>
            </fetchxml>
            <IntroducedVersion>2017.04.17.1</IntroducedVersion>
            <LocalizedNames>
              <LocalizedName description="Phone Book Sites" languagecode="1033" />
            </LocalizedNames>
          </savedquery>
        </savedqueries>
      </SavedQueries>
      <RibbonDiffXml>
        <CustomActions />
        <Templates>
          <RibbonTemplates Id="Mscrm.Templates"></RibbonTemplates>
        </Templates>
        <CommandDefinitions />
        <RuleDefinitions>
          <TabDisplayRules />
          <DisplayRules />
          <EnableRules />
        </RuleDefinitions>
        <LocLabels />
      </RibbonDiffXml>
    </Entity>
  </Entities>
  <Roles></Roles>
  <Workflows>
    <Workflow WorkflowId="{d3c73bb7-ea12-4fe6-a94a-9e72f24cd60d}" Name="Get Patient Flags">
      <XamlFileName>/Workflows/GetPatientFlags-D3C73BB7-EA12-4FE6-A94A-9E72F24CD60D.xaml</XamlFileName>
      <Type>1</Type>
      <Subprocess>0</Subprocess>
      <Category>3</Category>
      <Mode>0</Mode>
      <Scope>4</Scope>
      <OnDemand>0</OnDemand>
      <TriggerOnCreate>0</TriggerOnCreate>
      <TriggerOnDelete>0</TriggerOnDelete>
      <AsyncAutodelete>0</AsyncAutodelete>
      <SyncWorkflowLogOnFailure>1</SyncWorkflowLogOnFailure>
      <StateCode>1</StateCode>
      <StatusCode>2</StatusCode>
      <CreateStage>40</CreateStage>
      <RunAs>1</RunAs>
      <SdkMessageId>{7ec8cf1e-7ec4-eb11-bacd-001dd8020c74}</SdkMessageId>
      <UniqueName>GetPatientFlags</UniqueName>
      <IsTransacted>1</IsTransacted>
      <IntroducedVersion>1.0.0.0</IntroducedVersion>
      <IsCustomizable>1</IsCustomizable>
      <FormId>{00000000-0000-0000-0000-000000000000}</FormId>
      <IsCustomProcessingStepAllowedForOtherPublishers>1</IsCustomProcessingStepAllowedForOtherPublishers>
      <PrimaryEntity>Contact</PrimaryEntity>
      <LocalizedNames>
        <LocalizedName languagecode="1033" description="Get Patient Flags" />
      </LocalizedNames>
    </Workflow>
  </Workflows>
  <FieldSecurityProfiles></FieldSecurityProfiles>
  <Templates />
  <EntityMaps />
  <EntityRelationships />
  <OrganizationSettings />
  <optionsets />
  <WebResources>
    <WebResource>
      <WebResourceId>{39a3bcac-88b2-eb11-8236-001dd802cc41}</WebResourceId>
      <Name>tmp_patientflags</Name>
      <DisplayName>Patient Flags</DisplayName>
      <WebResourceType>3</WebResourceType>
      <IntroducedVersion>1.0.0.0</IntroducedVersion>
      <IsEnabledForMobileClient>0</IsEnabledForMobileClient>
      <IsAvailableForMobileOffline>0</IsAvailableForMobileOffline>
      <DependencyXml>&lt;Dependencies&gt;&lt;Dependency componentType="WebResource"/&gt;&lt;/Dependencies&gt;</DependencyXml>
      <IsCustomizable>1</IsCustomizable>
      <CanBeDeleted>1</CanBeDeleted>
      <IsHidden>0</IsHidden>
      <FileName>/WebResources/tmp_patientflags39A3BCAC-88B2-EB11-8236-001DD802CC41</FileName>
    </WebResource>
  </WebResources>
  <CustomControls />
  <SolutionPluginAssemblies>
    <PluginAssembly FullName="TMPPlugins, Version=1.0.0.0, Culture=neutral, PublicKeyToken=2a5c0f48e135418c" PluginAssemblyId="0d237278-589e-4c9f-a279-ca4e878b4d97" CustomizationLevel="1">
      <IsolationMode>2</IsolationMode>
      <SourceType>0</SourceType>
      <IntroducedVersion>1.0</IntroducedVersion>
      <FileName>/PluginAssemblies/TMPPlugins-0D237278-589E-4C9F-A279-CA4E878B4D97/TMPPlugins.dll</FileName>
      <PluginTypes>
        <PluginType AssemblyQualifiedName="VA.TMP.CRM.AssignRecordCreatePostStage, TMPPlugins, Version=1.0.0.0, Culture=neutral, PublicKeyToken=2a5c0f48e135418c" PluginTypeId="7fabcb38-91d6-e611-9427-0050568da084" Name="VA.TMP.CRM.AssignRecordCreatePostStage">
          <FriendlyName>1bb3787f-b66c-4581-a65a-a80f447d49ad</FriendlyName>
        </PluginType>
        <PluginType AssemblyQualifiedName="VA.TMP.CRM.CvtComponentCreatePostStage, TMPPlugins, Version=1.0.0.0, Culture=neutral, PublicKeyToken=2a5c0f48e135418c" PluginTypeId="80abcb38-91d6-e611-9427-0050568da084" Name="VA.TMP.CRM.CvtComponentCreatePostStage">
          <FriendlyName>ca4be7ff-be67-40f5-87d5-b8589d70d2e8</FriendlyName>
        </PluginType>
        <PluginType AssemblyQualifiedName="VA.TMP.CRM.CvtComponentCreateUpdatePreStage, TMPPlugins, Version=1.0.0.0, Culture=neutral, PublicKeyToken=2a5c0f48e135418c" PluginTypeId="81abcb38-91d6-e611-9427-0050568da084" Name="VA.TMP.CRM.CvtComponentCreateUpdatePreStage">
          <FriendlyName>ac7140c8-ee08-4519-94a7-bf644588906d</FriendlyName>
        </PluginType>
        <PluginType AssemblyQualifiedName="VA.TMP.CRM.CvtMasterTSACreatePostStage, TMPPlugins, Version=1.0.0.0, Culture=neutral, PublicKeyToken=2a5c0f48e135418c" PluginTypeId="82abcb38-91d6-e611-9427-0050568da084" Name="VA.TMP.CRM.CvtMasterTSACreatePostStage">
          <FriendlyName>ec719e76-cccd-442c-b090-b76a77b474ff</FriendlyName>
        </PluginType>
        <PluginType AssemblyQualifiedName="VA.TMP.CRM.CvtMasterTSAUpdatePostStage, TMPPlugins, Version=1.0.0.0, Culture=neutral, PublicKeyToken=2a5c0f48e135418c" PluginTypeId="83abcb38-91d6-e611-9427-0050568da084" Name="VA.TMP.CRM.CvtMasterTSAUpdatePostStage">
          <FriendlyName>94df8691-eb14-4d5e-9750-9b6366e7d96f</FriendlyName>
        </PluginType>
        <PluginType AssemblyQualifiedName="VA.TMP.CRM.CvtPatGroupCreatePostStage, TMPPlugins, Version=1.0.0.0, Culture=neutral, PublicKeyToken=2a5c0f48e135418c" PluginTypeId="84abcb38-91d6-e611-9427-0050568da084" Name="VA.TMP.CRM.CvtPatGroupCreatePostStage">
          <FriendlyName>d12eece8-8558-407a-a49b-bd561ca207b8</FriendlyName>
        </PluginType>
        <PluginType AssemblyQualifiedName="VA.TMP.CRM.CvtPatGroupCreatePreStage, TMPPlugins, Version=1.0.0.0, Culture=neutral, PublicKeyToken=2a5c0f48e135418c" PluginTypeId="85abcb38-91d6-e611-9427-0050568da084" Name="VA.TMP.CRM.CvtPatGroupCreatePreStage">
          <FriendlyName>0e15e5d5-7cf7-4ecf-a229-dfc53f4348b1</FriendlyName>
        </PluginType>
        <PluginType AssemblyQualifiedName="VA.TMP.CRM.CvtPatGroupDeletePreStage, TMPPlugins, Version=1.0.0.0, Culture=neutral, PublicKeyToken=2a5c0f48e135418c" PluginTypeId="86abcb38-91d6-e611-9427-0050568da084" Name="VA.TMP.CRM.CvtPatGroupDeletePreStage">
          <FriendlyName>07149c75-48a5-47ba-acd8-59a82f728117</FriendlyName>
        </PluginType>
        <PluginType AssemblyQualifiedName="VA.TMP.CRM.CvtProvGroupCreatePostStage, TMPPlugins, Version=1.0.0.0, Culture=neutral, PublicKeyToken=2a5c0f48e135418c" PluginTypeId="87abcb38-91d6-e611-9427-0050568da084" Name="VA.TMP.CRM.CvtProvGroupCreatePostStage">
          <FriendlyName>9b0d3282-76ec-4948-8131-a269bec29a25</FriendlyName>
        </PluginType>
        <PluginType AssemblyQualifiedName="VA.TMP.CRM.CvtProvGroupCreatePreStage, TMPPlugins, Version=1.0.0.0, Culture=neutral, PublicKeyToken=2a5c0f48e135418c" PluginTypeId="88abcb38-91d6-e611-9427-0050568da084" Name="VA.TMP.CRM.CvtProvGroupCreatePreStage">
          <FriendlyName>f2c42549-241a-457f-9c28-3628adc95148</FriendlyName>
        </PluginType>
        <PluginType AssemblyQualifiedName="VA.TMP.CRM.CvtProvGroupDeletePreStage, TMPPlugins, Version=1.0.0.0, Culture=neutral, PublicKeyToken=2a5c0f48e135418c" PluginTypeId="89abcb38-91d6-e611-9427-0050568da084" Name="VA.TMP.CRM.CvtProvGroupDeletePreStage">
          <FriendlyName>20a410e8-0538-4964-aac6-eb5f3e959d40</FriendlyName>
        </PluginType>
        <PluginType AssemblyQualifiedName="VA.TMP.CRM.CvtProvGroupUpdatePostStage, TMPPlugins, Version=1.0.0.0, Culture=neutral, PublicKeyToken=2a5c0f48e135418c" PluginTypeId="ea18e0fe-0d1a-e711-942a-0050568da084" Name="VA.TMP.CRM.CvtProvGroupUpdatePostStage">
          <FriendlyName>d5526b06-3b6a-42e7-9be2-8e939188ff34</FriendlyName>
        </PluginType>
        <PluginType AssemblyQualifiedName="VA.TMP.CRM.CVTStagingComponent.StagingComponentUpdatePostStage, TMPPlugins, Version=1.0.0.0, Culture=neutral, PublicKeyToken=2a5c0f48e135418c" PluginTypeId="d5ebfee1-f6ce-e711-9436-0050568da084" Name="VA.TMP.CRM.CVTStagingComponent.StagingComponentUpdatePostStage">
          <FriendlyName>10bac425-8718-488f-89d0-df840d53c293</FriendlyName>
        </PluginType>
        <PluginType AssemblyQualifiedName="VA.TMP.CRM.CVTStagingResource.StagingResourceUpdatePostStage, TMPPlugins, Version=1.0.0.0, Culture=neutral, PublicKeyToken=2a5c0f48e135418c" PluginTypeId="d6ebfee1-f6ce-e711-9436-0050568da084" Name="VA.TMP.CRM.CVTStagingResource.StagingResourceUpdatePostStage">
          <FriendlyName>cd62a0e8-678e-4bac-8a38-3c8f1318efe9</FriendlyName>
        </PluginType>
        <PluginType AssemblyQualifiedName="VA.TMP.CRM.CVTStagingResource.StagingResourceUpdatePreStage, TMPPlugins, Version=1.0.0.0, Culture=neutral, PublicKeyToken=2a5c0f48e135418c" PluginTypeId="d7ebfee1-f6ce-e711-9436-0050568da084" Name="VA.TMP.CRM.CVTStagingResource.StagingResourceUpdatePreStage">
          <FriendlyName>97a2358a-f4ca-409f-9429-7a54eb496a1a</FriendlyName>
        </PluginType>
        <PluginType AssemblyQualifiedName="VA.TMP.CRM.CvtTssPrivilegingCreatePostStage, TMPPlugins, Version=1.0.0.0, Culture=neutral, PublicKeyToken=2a5c0f48e135418c" PluginTypeId="8aabcb38-91d6-e611-9427-0050568da084" Name="VA.TMP.CRM.CvtTssPrivilegingCreatePostStage">
          <FriendlyName>5efa6005-5137-4275-bf49-a4394b35a168</FriendlyName>
        </PluginType>
        <PluginType AssemblyQualifiedName="VA.TMP.CRM.EmailAutomationCreatePostStage, TMPPlugins, Version=1.0.0.0, Culture=neutral, PublicKeyToken=2a5c0f48e135418c" PluginTypeId="eb18e0fe-0d1a-e711-942a-0050568da084" Name="VA.TMP.CRM.EmailAutomationCreatePostStage">
          <FriendlyName>325638e0-84d1-43bb-9fdd-035dfc52919f</FriendlyName>
        </PluginType>
        <PluginType AssemblyQualifiedName="VA.TMP.CRM.EMailCreatePostStage, TMPPlugins, Version=1.0.0.0, Culture=neutral, PublicKeyToken=2a5c0f48e135418c" PluginTypeId="8babcb38-91d6-e611-9427-0050568da084" Name="VA.TMP.CRM.EMailCreatePostStage">
          <FriendlyName>ee93c631-4358-43e2-bc09-aee0aa6f7713</FriendlyName>
        </PluginType>
        <PluginType AssemblyQualifiedName="VA.TMP.CRM.Facility_Approval.FacilityApprovalUpdatePostStage, TMPPlugins, Version=1.0.0.0, Culture=neutral, PublicKeyToken=2a5c0f48e135418c" PluginTypeId="636382b5-0d23-e811-943a-0050568da084" Name="VA.TMP.CRM.Facility_Approval.FacilityApprovalUpdatePostStage">
          <FriendlyName>0b00999c-53cc-4f4e-8dab-f56704ddbf57</FriendlyName>
        </PluginType>
        <PluginType AssemblyQualifiedName="VA.TMP.CRM.FPPEOPPECreatePostStage, TMPPlugins, Version=1.0.0.0, Culture=neutral, PublicKeyToken=2a5c0f48e135418c" PluginTypeId="8cabcb38-91d6-e611-9427-0050568da084" Name="VA.TMP.CRM.FPPEOPPECreatePostStage">
          <FriendlyName>3949cb1b-1cab-4cac-80fe-a3a64254302b</FriendlyName>
        </PluginType>
        <PluginType AssemblyQualifiedName="VA.TMP.CRM.Guest_Email.GuestEmailCreatePostStage, TMPPlugins, Version=1.0.0.0, Culture=neutral, PublicKeyToken=2a5c0f48e135418c" PluginTypeId="a2411cee-56b1-e811-9442-0050568da084" Name="VA.TMP.CRM.Guest_Email.GuestEmailCreatePostStage">
          <FriendlyName>23db7530-e91d-4816-811f-b1f04fb2430c</FriendlyName>
        </PluginType>
        <PluginType AssemblyQualifiedName="VA.TMP.CRM.ImportFieldValidationUpdatePostStage, TMPPlugins, Version=1.0.0.0, Culture=neutral, PublicKeyToken=2a5c0f48e135418c" PluginTypeId="d8ebfee1-f6ce-e711-9436-0050568da084" Name="VA.TMP.CRM.ImportFieldValidationUpdatePostStage">
          <FriendlyName>bc4d0c5f-5884-49ed-818c-f44c27a0bd22</FriendlyName>
        </PluginType>
        <PluginType AssemblyQualifiedName="VA.TMP.CRM.McsAppointmentCloseCancelPostStage, TMPPlugins, Version=1.0.0.0, Culture=neutral, PublicKeyToken=2a5c0f48e135418c" PluginTypeId="8dabcb38-91d6-e611-9427-0050568da084" Name="VA.TMP.CRM.McsAppointmentCloseCancelPostStage">
          <FriendlyName>fa485bee-72a1-4245-bdbf-d94a69fee8b3</FriendlyName>
        </PluginType>
        <PluginType AssemblyQualifiedName="VA.TMP.CRM.McsAppointmentCreatePostStage, TMPPlugins, Version=1.0.0.0, Culture=neutral, PublicKeyToken=2a5c0f48e135418c" PluginTypeId="8eabcb38-91d6-e611-9427-0050568da084" Name="VA.TMP.CRM.McsAppointmentCreatePostStage">
          <FriendlyName>54a9ff1c-8eb1-44d6-9fd4-2b21736c4c57</FriendlyName>
        </PluginType>
        <PluginType AssemblyQualifiedName="VA.TMP.CRM.McsAppointmentDeletePreStage, TMPPlugins, Version=1.0.0.0, Culture=neutral, PublicKeyToken=2a5c0f48e135418c" PluginTypeId="8fabcb38-91d6-e611-9427-0050568da084" Name="VA.TMP.CRM.McsAppointmentDeletePreStage">
          <FriendlyName>98caa9d4-6610-4837-bb81-d8c1f1eb070d</FriendlyName>
        </PluginType>
        <PluginType AssemblyQualifiedName="VA.TMP.CRM.McsAppointmentMasterCloseCancelPostStage, TMPPlugins, Version=1.0.0.0, Culture=neutral, PublicKeyToken=2a5c0f48e135418c" PluginTypeId="90abcb38-91d6-e611-9427-0050568da084" Name="VA.TMP.CRM.McsAppointmentMasterCloseCancelPostStage">
          <FriendlyName>86c6ded6-2bd7-43f0-a5db-10ff267ebadf</FriendlyName>
        </PluginType>
        <PluginType AssemblyQualifiedName="VA.TMP.CRM.McsAppointmentMasterCreatePreStage, TMPPlugins, Version=1.0.0.0, Culture=neutral, PublicKeyToken=2a5c0f48e135418c" PluginTypeId="91abcb38-91d6-e611-9427-0050568da084" Name="VA.TMP.CRM.McsAppointmentMasterCreatePreStage">
          <FriendlyName>0afdcb31-5b80-4656-b5ae-1cc1bca394b9</FriendlyName>
        </PluginType>
        <PluginType AssemblyQualifiedName="VA.TMP.CRM.McsAppointmentMasterDeletePreStage, TMPPlugins, Version=1.0.0.0, Culture=neutral, PublicKeyToken=2a5c0f48e135418c" PluginTypeId="92abcb38-91d6-e611-9427-0050568da084" Name="VA.TMP.CRM.McsAppointmentMasterDeletePreStage">
          <FriendlyName>bc2aff30-8623-4b45-929b-f4c71960622b</FriendlyName>
        </PluginType>
        <PluginType AssemblyQualifiedName="VA.TMP.CRM.McsFacilityUpdatePostStage, TMPPlugins, Version=1.0.0.0, Culture=neutral, PublicKeyToken=2a5c0f48e135418c" PluginTypeId="93abcb38-91d6-e611-9427-0050568da084" Name="VA.TMP.CRM.McsFacilityUpdatePostStage">
          <FriendlyName>ae831c3d-3d8a-47db-bbaa-181e6dd885c2</FriendlyName>
        </PluginType>
        <PluginType AssemblyQualifiedName="VA.TMP.CRM.McsGroupResourceCreatePostStage, TMPPlugins, Version=1.0.0.0, Culture=neutral, PublicKeyToken=2a5c0f48e135418c" PluginTypeId="94abcb38-91d6-e611-9427-0050568da084" Name="VA.TMP.CRM.McsGroupResourceCreatePostStage">
          <FriendlyName>c07e871d-7c05-4422-8bcb-3b77b883c3a3</FriendlyName>
        </PluginType>
        <PluginType AssemblyQualifiedName="VA.TMP.CRM.McsGroupResourceDeletePreStage, TMPPlugins, Version=1.0.0.0, Culture=neutral, PublicKeyToken=2a5c0f48e135418c" PluginTypeId="95abcb38-91d6-e611-9427-0050568da084" Name="VA.TMP.CRM.McsGroupResourceDeletePreStage">
          <FriendlyName>f11e55cb-7717-47f5-8f06-f9b597d8899b</FriendlyName>
        </PluginType>
        <PluginType AssemblyQualifiedName="VA.TMP.CRM.McsGroupResourceUpdatePostStage, TMPPlugins, Version=1.0.0.0, Culture=neutral, PublicKeyToken=2a5c0f48e135418c" PluginTypeId="96abcb38-91d6-e611-9427-0050568da084" Name="VA.TMP.CRM.McsGroupResourceUpdatePostStage">
          <FriendlyName>a3f7ad84-46ca-4525-b39b-3bb029f05d26</FriendlyName>
        </PluginType>
        <PluginType AssemblyQualifiedName="VA.TMP.CRM.McsResourceCreatePostStage, TMPPlugins, Version=1.0.0.0, Culture=neutral, PublicKeyToken=2a5c0f48e135418c" PluginTypeId="97abcb38-91d6-e611-9427-0050568da084" Name="VA.TMP.CRM.McsResourceCreatePostStage">
          <FriendlyName>1def456c-3367-4d53-932b-6fdc4d3eab81</FriendlyName>
        </PluginType>
        <PluginType AssemblyQualifiedName="VA.TMP.CRM.McsResourceCreatePostStageAsync, TMPPlugins, Version=1.0.0.0, Culture=neutral, PublicKeyToken=2a5c0f48e135418c" PluginTypeId="5a6fa57e-1df4-e811-9445-c38fd7f6185c" Name="VA.TMP.CRM.McsResourceCreatePostStageAsync">
          <FriendlyName>1c0de08c-9960-4610-bb00-9880b9168f89</FriendlyName>
        </PluginType>
        <PluginType AssemblyQualifiedName="VA.TMP.CRM.McsResourceCreateSysRecordsPostStage, TMPPlugins, Version=1.0.0.0, Culture=neutral, PublicKeyToken=2a5c0f48e135418c" PluginTypeId="98abcb38-91d6-e611-9427-0050568da084" Name="VA.TMP.CRM.McsResourceCreateSysRecordsPostStage">
          <FriendlyName>1c6c53ac-e17b-41ee-8753-e4cff0fcb75e</FriendlyName>
        </PluginType>
        <PluginType AssemblyQualifiedName="VA.TMP.CRM.McsResourceCreateUpdatePreStage, TMPPlugins, Version=1.0.0.0, Culture=neutral, PublicKeyToken=2a5c0f48e135418c" PluginTypeId="ec18e0fe-0d1a-e711-942a-0050568da084" Name="VA.TMP.CRM.McsResourceCreateUpdatePreStage">
          <FriendlyName>918fb8c1-db11-4fa6-82e3-8f626079c2c3</FriendlyName>
        </PluginType>
        <PluginType AssemblyQualifiedName="VA.TMP.CRM.McsResourceDeletePreStage, TMPPlugins, Version=1.0.0.0, Culture=neutral, PublicKeyToken=2a5c0f48e135418c" PluginTypeId="99abcb38-91d6-e611-9427-0050568da084" Name="VA.TMP.CRM.McsResourceDeletePreStage">
          <FriendlyName>3c37f1f8-d6d0-4e15-a95e-8dfcae0d068f</FriendlyName>
        </PluginType>
        <PluginType AssemblyQualifiedName="VA.TMP.CRM.McsResourceGroupCreatePostStage, TMPPlugins, Version=1.0.0.0, Culture=neutral, PublicKeyToken=2a5c0f48e135418c" PluginTypeId="9aabcb38-91d6-e611-9427-0050568da084" Name="VA.TMP.CRM.McsResourceGroupCreatePostStage">
          <FriendlyName>79e91c04-843f-4df3-9593-ae785d6ffba0</FriendlyName>
        </PluginType>
        <PluginType AssemblyQualifiedName="VA.TMP.CRM.McsResourceGroupCreatePreStage, TMPPlugins, Version=1.0.0.0, Culture=neutral, PublicKeyToken=2a5c0f48e135418c" PluginTypeId="ed18e0fe-0d1a-e711-942a-0050568da084" Name="VA.TMP.CRM.McsResourceGroupCreatePreStage">
          <FriendlyName>8d4b6793-3cdd-493d-8577-bcbe4b172688</FriendlyName>
        </PluginType>
        <PluginType AssemblyQualifiedName="VA.TMP.CRM.McsResourceGroupDeletePreStage, TMPPlugins, Version=1.0.0.0, Culture=neutral, PublicKeyToken=2a5c0f48e135418c" PluginTypeId="9babcb38-91d6-e611-9427-0050568da084" Name="VA.TMP.CRM.McsResourceGroupDeletePreStage">
          <FriendlyName>20b689b5-2857-44bc-a9f0-3539b2a73a0e</FriendlyName>
        </PluginType>
        <PluginType AssemblyQualifiedName="VA.TMP.CRM.McsResourceGroupUpdatePostStage, TMPPlugins, Version=1.0.0.0, Culture=neutral, PublicKeyToken=2a5c0f48e135418c" PluginTypeId="9cabcb38-91d6-e611-9427-0050568da084" Name="VA.TMP.CRM.McsResourceGroupUpdatePostStage">
          <FriendlyName>91a77b61-7bcd-47eb-bee6-ff08973b8533</FriendlyName>
        </PluginType>
        <PluginType AssemblyQualifiedName="VA.TMP.CRM.McsResourceGroupUpdatePreStage, TMPPlugins, Version=1.0.0.0, Culture=neutral, PublicKeyToken=2a5c0f48e135418c" PluginTypeId="ee18e0fe-0d1a-e711-942a-0050568da084" Name="VA.TMP.CRM.McsResourceGroupUpdatePreStage">
          <FriendlyName>03c41bde-a5c3-40d2-87a8-62ba1def4e09</FriendlyName>
        </PluginType>
        <PluginType AssemblyQualifiedName="VA.TMP.CRM.McsResourceSetStatePreStage, TMPPlugins, Version=1.0.0.0, Culture=neutral, PublicKeyToken=2a5c0f48e135418c" PluginTypeId="9dabcb38-91d6-e611-9427-0050568da084" Name="VA.TMP.CRM.McsResourceSetStatePreStage">
          <FriendlyName>2795c8e0-cf61-4e0f-ac7d-f4bbb37cabcf</FriendlyName>
        </PluginType>
        <PluginType AssemblyQualifiedName="VA.TMP.CRM.McsResourceUpdatePostStage, TMPPlugins, Version=1.0.0.0, Culture=neutral, PublicKeyToken=2a5c0f48e135418c" PluginTypeId="9eabcb38-91d6-e611-9427-0050568da084" Name="VA.TMP.CRM.McsResourceUpdatePostStage">
          <FriendlyName>48679343-464f-435e-a597-8596be7b6eed</FriendlyName>
        </PluginType>
        <PluginType AssemblyQualifiedName="VA.TMP.CRM.McsResourceUpdatePostStageAsync, TMPPlugins, Version=1.0.0.0, Culture=neutral, PublicKeyToken=2a5c0f48e135418c" PluginTypeId="5b6fa57e-1df4-e811-9445-c38fd7f6185c" Name="VA.TMP.CRM.McsResourceUpdatePostStageAsync">
          <FriendlyName>090daf31-1270-48a8-afb0-84ba0f136d70</FriendlyName>
        </PluginType>
        <PluginType AssemblyQualifiedName="VA.TMP.CRM.McsServicesCreatePostStage, TMPPlugins, Version=1.0.0.0, Culture=neutral, PublicKeyToken=2a5c0f48e135418c" PluginTypeId="9fabcb38-91d6-e611-9427-0050568da084" Name="VA.TMP.CRM.McsServicesCreatePostStage">
          <FriendlyName>5c72516c-1a8c-480e-bc17-76832d2f8a85</FriendlyName>
        </PluginType>
        <PluginType AssemblyQualifiedName="VA.TMP.CRM.McsServicesDeletePreStage, TMPPlugins, Version=1.0.0.0, Culture=neutral, PublicKeyToken=2a5c0f48e135418c" PluginTypeId="a0abcb38-91d6-e611-9427-0050568da084" Name="VA.TMP.CRM.McsServicesDeletePreStage">
          <FriendlyName>a53cdcc0-9959-4700-87f3-b00bb2896fc4</FriendlyName>
        </PluginType>
        <PluginType AssemblyQualifiedName="VA.TMP.CRM.McsServiceUpdatePostStage, TMPPlugins, Version=1.0.0.0, Culture=neutral, PublicKeyToken=2a5c0f48e135418c" PluginTypeId="a1abcb38-91d6-e611-9427-0050568da084" Name="VA.TMP.CRM.McsServiceUpdatePostStage">
          <FriendlyName>482d24c9-df6c-41b1-ba9f-8304ed9ee78d</FriendlyName>
        </PluginType>
        <PluginType AssemblyQualifiedName="VA.TMP.CRM.mcsSiteCreatePostStage, TMPPlugins, Version=1.0.0.0, Culture=neutral, PublicKeyToken=2a5c0f48e135418c" PluginTypeId="a2abcb38-91d6-e611-9427-0050568da084" Name="VA.TMP.CRM.mcsSiteCreatePostStage">
          <FriendlyName>2d4ced76-462d-4355-a152-88e1e01533a8</FriendlyName>
        </PluginType>
        <PluginType AssemblyQualifiedName="VA.TMP.CRM.McsSiteDeletePreStage, TMPPlugins, Version=1.0.0.0, Culture=neutral, PublicKeyToken=2a5c0f48e135418c" PluginTypeId="6b1aa358-e012-4b7e-8a15-c1b4b4caac0f" Name="VA.TMP.CRM.McsSiteDeletePreStage">
          <FriendlyName>d8c66d62-7a10-49b8-92d4-36fa282c4cc0</FriendlyName>
        </PluginType>
        <PluginType AssemblyQualifiedName="VA.TMP.CRM.McsSiteUpdatePostStage, TMPPlugins, Version=1.0.0.0, Culture=neutral, PublicKeyToken=2a5c0f48e135418c" PluginTypeId="a4abcb38-91d6-e611-9427-0050568da084" Name="VA.TMP.CRM.McsSiteUpdatePostStage">
          <FriendlyName>a8d819e4-4f95-4b95-b046-52acc3091ba0</FriendlyName>
        </PluginType>
        <PluginType AssemblyQualifiedName="VA.TMP.CRM.McsSystemSettingsCreatePostStage, TMPPlugins, Version=1.0.0.0, Culture=neutral, PublicKeyToken=2a5c0f48e135418c" PluginTypeId="a5abcb38-91d6-e611-9427-0050568da084" Name="VA.TMP.CRM.McsSystemSettingsCreatePostStage">
          <FriendlyName>f71b542e-cfb4-49b0-adab-d43deadb701a</FriendlyName>
        </PluginType>
        <PluginType AssemblyQualifiedName="VA.TMP.CRM.ParticipatingSiteCreatePostStage, TMPPlugins, Version=1.0.0.0, Culture=neutral, PublicKeyToken=2a5c0f48e135418c" PluginTypeId="646382b5-0d23-e811-943a-0050568da084" Name="VA.TMP.CRM.ParticipatingSiteCreatePostStage">
          <FriendlyName>6490bb9d-29a7-4087-8567-cd3c479c4b83</FriendlyName>
        </PluginType>
        <PluginType AssemblyQualifiedName="VA.TMP.CRM.ParticipatingSiteCreatePreStage, TMPPlugins, Version=1.0.0.0, Culture=neutral, PublicKeyToken=2a5c0f48e135418c" PluginTypeId="656382b5-0d23-e811-943a-0050568da084" Name="VA.TMP.CRM.ParticipatingSiteCreatePreStage">
          <FriendlyName>8126caca-caf5-4722-9b9e-a21a9aa0aedd</FriendlyName>
        </PluginType>
        <PluginType AssemblyQualifiedName="VA.TMP.CRM.ParticipatingSiteUpdatePostStage, TMPPlugins, Version=1.0.0.0, Culture=neutral, PublicKeyToken=2a5c0f48e135418c" PluginTypeId="5c6fa57e-1df4-e811-9445-c38fd7f6185c" Name="VA.TMP.CRM.ParticipatingSiteUpdatePostStage">
          <FriendlyName>45743ce3-255c-4f9a-aa4d-58feac13e11e</FriendlyName>
        </PluginType>
        <PluginType AssemblyQualifiedName="VA.TMP.CRM.ParticipatingSiteUpdatePreStage, TMPPlugins, Version=1.0.0.0, Culture=neutral, PublicKeyToken=2a5c0f48e135418c" PluginTypeId="b3fc9d15-f173-e811-943e-0050568da084" Name="VA.TMP.CRM.ParticipatingSiteUpdatePreStage">
          <FriendlyName>6f5b7a05-1874-4f12-bdea-97437a982210</FriendlyName>
        </PluginType>
        <PluginType AssemblyQualifiedName="VA.TMP.CRM.PPEFeedbackCreatePostStage, TMPPlugins, Version=1.0.0.0, Culture=neutral, PublicKeyToken=2a5c0f48e135418c" PluginTypeId="ef18e0fe-0d1a-e711-942a-0050568da084" Name="VA.TMP.CRM.PPEFeedbackCreatePostStage">
          <FriendlyName>b3a1aec7-241d-4da2-b14f-e9cab9dac3a1</FriendlyName>
        </PluginType>
        <PluginType AssemblyQualifiedName="VA.TMP.CRM.PPEFeedbackUpdatePostStage, TMPPlugins, Version=1.0.0.0, Culture=neutral, PublicKeyToken=2a5c0f48e135418c" PluginTypeId="f018e0fe-0d1a-e711-942a-0050568da084" Name="VA.TMP.CRM.PPEFeedbackUpdatePostStage">
          <FriendlyName>9a3f9494-fc51-4d5f-99de-ddce2f00ed8d</FriendlyName>
        </PluginType>
        <PluginType AssemblyQualifiedName="VA.TMP.CRM.PPEReviewCreatePostStage, TMPPlugins, Version=1.0.0.0, Culture=neutral, PublicKeyToken=2a5c0f48e135418c" PluginTypeId="f118e0fe-0d1a-e711-942a-0050568da084" Name="VA.TMP.CRM.PPEReviewCreatePostStage">
          <FriendlyName>d63401e4-2023-4336-ad9c-9b21685a9bca</FriendlyName>
        </PluginType>
        <PluginType AssemblyQualifiedName="VA.TMP.CRM.PPEReviewCreatePreStage, TMPPlugins, Version=1.0.0.0, Culture=neutral, PublicKeyToken=2a5c0f48e135418c" PluginTypeId="f218e0fe-0d1a-e711-942a-0050568da084" Name="VA.TMP.CRM.PPEReviewCreatePreStage">
          <FriendlyName>e6ea99d7-7a34-43a5-b464-d454a1cfaa61</FriendlyName>
        </PluginType>
        <PluginType AssemblyQualifiedName="VA.TMP.CRM.ResourcePackageCreatePreStage, TMPPlugins, Version=1.0.0.0, Culture=neutral, PublicKeyToken=2a5c0f48e135418c" PluginTypeId="666382b5-0d23-e811-943a-0050568da084" Name="VA.TMP.CRM.ResourcePackageCreatePreStage">
          <FriendlyName>b56e5357-e1d2-4371-b8ba-1fcb85e25622</FriendlyName>
        </PluginType>
        <PluginType AssemblyQualifiedName="VA.TMP.CRM.SchedulingPackage.ResourcePackageCreatePostStage, TMPPlugins, Version=1.0.0.0, Culture=neutral, PublicKeyToken=2a5c0f48e135418c" PluginTypeId="b391120f-bcda-490b-8476-b7e7094c2e3f" Name="VA.TMP.CRM.SchedulingPackage.ResourcePackageCreatePostStage">
          <FriendlyName>5c56cf4c-7e39-4549-b7ef-bbf7e6b73df0</FriendlyName>
        </PluginType>
        <PluginType AssemblyQualifiedName="VA.TMP.CRM.SchedulingResourceCreatePreStage, TMPPlugins, Version=1.0.0.0, Culture=neutral, PublicKeyToken=2a5c0f48e135418c" PluginTypeId="676382b5-0d23-e811-943a-0050568da084" Name="VA.TMP.CRM.SchedulingResourceCreatePreStage">
          <FriendlyName>6d25bb2e-4050-4e5c-ba60-39202484ef93</FriendlyName>
        </PluginType>
        <PluginType AssemblyQualifiedName="VA.TMP.CRM.SchedulingResourceDeletePreStage, TMPPlugins, Version=1.0.0.0, Culture=neutral, PublicKeyToken=2a5c0f48e135418c" PluginTypeId="5d6fa57e-1df4-e811-9445-c38fd7f6185c" Name="VA.TMP.CRM.SchedulingResourceDeletePreStage">
          <FriendlyName>ab2bc608-fbba-43dc-b463-215fd8ca55e3</FriendlyName>
        </PluginType>
        <PluginType AssemblyQualifiedName="VA.TMP.CRM.ServiceActivity.ServiceAppointmentUpdatePostStage, TMPPlugins, Version=1.0.0.0, Culture=neutral, PublicKeyToken=2a5c0f48e135418c" PluginTypeId="8b2dce7c-038c-e711-9431-0050568da084" Name="VA.TMP.CRM.ServiceActivity.ServiceAppointmentUpdatePostStage">
          <FriendlyName>55f419f1-a1b9-4128-8cf5-fc182ce785e1</FriendlyName>
        </PluginType>
        <PluginType AssemblyQualifiedName="VA.TMP.CRM.ServiceAppointmentCreatePostStage, TMPPlugins, Version=1.0.0.0, Culture=neutral, PublicKeyToken=2a5c0f48e135418c" PluginTypeId="a6abcb38-91d6-e611-9427-0050568da084" Name="VA.TMP.CRM.ServiceAppointmentCreatePostStage">
          <FriendlyName>3bec8a48-22c7-4cdf-8448-419ecb5de3c6</FriendlyName>
        </PluginType>
        <PluginType AssemblyQualifiedName="VA.TMP.CRM.ServiceAppointmentSetStatePostStage, TMPPlugins, Version=1.0.0.0, Culture=neutral, PublicKeyToken=2a5c0f48e135418c" PluginTypeId="db7ac73e-91d6-e611-9427-0050568da084" Name="VA.TMP.CRM.ServiceAppointmentSetStatePostStage">
          <FriendlyName>4d92d750-048b-4d55-b6fe-72d775d5655d</FriendlyName>
        </PluginType>
        <PluginType AssemblyQualifiedName="VA.TMP.CRM.SystemSettingsUpdatePostStage, TMPPlugins, Version=1.0.0.0, Culture=neutral, PublicKeyToken=2a5c0f48e135418c" PluginTypeId="dc7ac73e-91d6-e611-9427-0050568da084" Name="VA.TMP.CRM.SystemSettingsUpdatePostStage">
          <FriendlyName>bdcfaafb-55e4-4942-a57f-5694c377b12b</FriendlyName>
        </PluginType>
        <PluginType AssemblyQualifiedName="VA.TMP.CRM.TeamCreatePostStage, TMPPlugins, Version=1.0.0.0, Culture=neutral, PublicKeyToken=2a5c0f48e135418c" PluginTypeId="dd7ac73e-91d6-e611-9427-0050568da084" Name="VA.TMP.CRM.TeamCreatePostStage">
          <FriendlyName>b0a2fd7a-142f-4343-bbfd-eb8353503391</FriendlyName>
        </PluginType>
        <PluginType AssemblyQualifiedName="VA.TMP.CRM.TeamCreatePreStage, TMPPlugins, Version=1.0.0.0, Culture=neutral, PublicKeyToken=2a5c0f48e135418c" PluginTypeId="de7ac73e-91d6-e611-9427-0050568da084" Name="VA.TMP.CRM.TeamCreatePreStage">
          <FriendlyName>33db481f-48c5-46dd-b074-b7c08132f08c</FriendlyName>
        </PluginType>
        <PluginType AssemblyQualifiedName="VA.TMP.CRM.UserCreatePostStage, TMPPlugins, Version=1.0.0.0, Culture=neutral, PublicKeyToken=2a5c0f48e135418c" PluginTypeId="df7ac73e-91d6-e611-9427-0050568da084" Name="VA.TMP.CRM.UserCreatePostStage">
          <FriendlyName>bee6f6ca-9abe-4a3b-b08d-bb252f2e8b5c</FriendlyName>
        </PluginType>
        <PluginType AssemblyQualifiedName="VA.TMP.CRM.UserUpdatePostStage, TMPPlugins, Version=1.0.0.0, Culture=neutral, PublicKeyToken=2a5c0f48e135418c" PluginTypeId="e07ac73e-91d6-e611-9427-0050568da084" Name="VA.TMP.CRM.UserUpdatePostStage">
          <FriendlyName>94a6323d-30c8-4e02-b27d-d03eb5b4fcad</FriendlyName>
        </PluginType>
      </PluginTypes>
    </PluginAssembly>
    <PluginAssembly FullName="VA.TMP.Integration.Plugins, Version=1.0.0.0, Culture=neutral, PublicKeyToken=f9ed7db8a23d3ea1" PluginAssemblyId="69719429-31ad-4864-8a1f-c6597679e24b" CustomizationLevel="1">
      <IsolationMode>2</IsolationMode>
      <SourceType>0</SourceType>
      <IntroducedVersion>1.0</IntroducedVersion>
      <FileName>/PluginAssemblies/VATMPIntegrationPlugins-69719429-31AD-4864-8A1F-C6597679E24B/VATMPIntegrationPlugins.dll</FileName>
      <PluginTypes>
        <PluginType AssemblyQualifiedName="VA.TMP.Integration.Plugins.Appointment.AppointmentIntegrationOrchestratorUpdatePostStage, VA.TMP.Integration.Plugins, Version=1.0.0.0, Culture=neutral, PublicKeyToken=f9ed7db8a23d3ea1" PluginTypeId="210e87e9-f6ce-e711-9436-0050568da084" Name="VA.TMP.Integration.Plugins.Appointment.AppointmentIntegrationOrchestratorUpdatePostStage">
          <FriendlyName>44ccc4f5-2204-4719-9f65-43b6411f6aa1</FriendlyName>
        </PluginType>
        <PluginType AssemblyQualifiedName="VA.TMP.Integration.Plugins.Appointment.AppointmentUpdatePostStage, VA.TMP.Integration.Plugins, Version=1.0.0.0, Culture=neutral, PublicKeyToken=f9ed7db8a23d3ea1" PluginTypeId="15727b17-f079-e611-9421-0050568da084" Name="VA.TMP.Integration.Plugins.Appointment.AppointmentUpdatePostStage">
          <FriendlyName>e765f8b0-b832-4fa8-82fc-850b05c4d5bb</FriendlyName>
        </PluginType>
        <PluginType AssemblyQualifiedName="VA.TMP.Integration.Plugins.Appointment.AppointmentUpdateVistaPostStage, VA.TMP.Integration.Plugins, Version=1.0.0.0, Culture=neutral, PublicKeyToken=f9ed7db8a23d3ea1" PluginTypeId="220e87e9-f6ce-e711-9436-0050568da084" Name="VA.TMP.Integration.Plugins.Appointment.AppointmentUpdateVistaPostStage">
          <FriendlyName>77cc96b4-2378-4f68-922c-2866e57d72c3</FriendlyName>
        </PluginType>
        <PluginType AssemblyQualifiedName="VA.TMP.Integration.Plugins.Appointment.AppointmentUpdateVVSPostStage, VA.TMP.Integration.Plugins, Version=1.0.0.0, Culture=neutral, PublicKeyToken=f9ed7db8a23d3ea1" PluginTypeId="59d83121-b5dd-e611-9428-0050568da084" Name="VA.TMP.Integration.Plugins.Appointment.AppointmentUpdateVVSPostStage">
          <FriendlyName>e3c3f542-8305-4193-b088-b506c4696ec6</FriendlyName>
        </PluginType>
        <PluginType AssemblyQualifiedName="VA.TMP.Integration.Plugins.CrmePerson.CrmePersonRetrieveMultiplePostHealthShareGetConsults, VA.TMP.Integration.Plugins, Version=1.0.0.0, Culture=neutral, PublicKeyToken=f9ed7db8a23d3ea1" PluginTypeId="de220774-2794-e811-943f-0050568da084" Name="VA.TMP.Integration.Plugins.CrmePerson.CrmePersonRetrieveMultiplePostHealthShareGetConsults">
          <FriendlyName>c69cb5a4-61f7-4b87-a92b-4aefe5ad5c2b</FriendlyName>
        </PluginType>
        <PluginType AssemblyQualifiedName="VA.TMP.Integration.Plugins.CrmePerson.CrmePersonRetrieveMultiplePostStage, VA.TMP.Integration.Plugins, Version=1.0.0.0, Culture=neutral, PublicKeyToken=f9ed7db8a23d3ea1" PluginTypeId="f4a23de8-b38a-e611-9423-0050568da084" Name="VA.TMP.Integration.Plugins.CrmePerson.CrmePersonRetrieveMultiplePostStage">
          <FriendlyName>3389ad8f-ec7e-4b01-96b9-7186d84e4451</FriendlyName>
        </PluginType>
        <PluginType AssemblyQualifiedName="VA.TMP.Integration.Plugins.CvtVod.CvtVodCreatePostStage, VA.TMP.Integration.Plugins, Version=1.0.0.0, Culture=neutral, PublicKeyToken=f9ed7db8a23d3ea1" PluginTypeId="f0e55e4f-0f3f-e711-942c-0050568da084" Name="VA.TMP.Integration.Plugins.CvtVod.CvtVodCreatePostStage">
          <FriendlyName>b238a91f-116b-4355-abcc-7dfe9747bf45</FriendlyName>
        </PluginType>
        <PluginType AssemblyQualifiedName="VA.TMP.Integration.Plugins.Patient_flag.PatientGetPatientFlagPreStage, VA.TMP.Integration.Plugins, Version=1.0.0.0, Culture=neutral, PublicKeyToken=f9ed7db8a23d3ea1" PluginTypeId="2b759c6f-5055-4f56-8035-ec07b3611870" Name="VA.TMP.Integration.Plugins.Patient_flag.PatientGetPatientFlagPreStage">
          <FriendlyName>9ab255c4-561e-4198-a7cd-21533e32fc0c</FriendlyName>
        </PluginType>
        <PluginType AssemblyQualifiedName="VA.TMP.Integration.Plugins.ServiceAppointment.ServiceAppointmentCancelPostStage, VA.TMP.Integration.Plugins, Version=1.0.0.0, Culture=neutral, PublicKeyToken=f9ed7db8a23d3ea1" PluginTypeId="17727b17-f079-e611-9421-0050568da084" Name="VA.TMP.Integration.Plugins.ServiceAppointment.ServiceAppointmentCancelPostStage">
          <FriendlyName>553b304c-4d04-4cb5-a396-851bb8012029</FriendlyName>
        </PluginType>
        <PluginType AssemblyQualifiedName="VA.TMP.Integration.Plugins.ServiceAppointment.ServiceAppointmentCreatePostStage, VA.TMP.Integration.Plugins, Version=1.0.0.0, Culture=neutral, PublicKeyToken=f9ed7db8a23d3ea1" PluginTypeId="18727b17-f079-e611-9421-0050568da084" Name="VA.TMP.Integration.Plugins.ServiceAppointment.ServiceAppointmentCreatePostStage">
          <FriendlyName>2b28d1f2-42e5-4c61-aab2-e8c8942c53c3</FriendlyName>
        </PluginType>
        <PluginType AssemblyQualifiedName="VA.TMP.Integration.Plugins.ServiceAppointment.ServiceAppointmentIntegrationOrchestratorPostStage, VA.TMP.Integration.Plugins, Version=1.0.0.0, Culture=neutral, PublicKeyToken=f9ed7db8a23d3ea1" PluginTypeId="230e87e9-f6ce-e711-9436-0050568da084" Name="VA.TMP.Integration.Plugins.ServiceAppointment.ServiceAppointmentIntegrationOrchestratorPostStage">
          <FriendlyName>0a0f3550-5ac1-43be-9cf9-ae4148ee3752</FriendlyName>
        </PluginType>
        <PluginType AssemblyQualifiedName="VA.TMP.Integration.Plugins.ServiceAppointment.ServiceAppointmentProxyAddUpdatePostStage, VA.TMP.Integration.Plugins, Version=1.0.0.0, Culture=neutral, PublicKeyToken=f9ed7db8a23d3ea1" PluginTypeId="0eb1462c-998d-e711-9431-0050568da084" Name="VA.TMP.Integration.Plugins.ServiceAppointment.ServiceAppointmentProxyAddUpdatePostStage">
          <FriendlyName>bd2d5e30-47ca-4ef9-9eba-1c3efd018b5a</FriendlyName>
        </PluginType>
        <PluginType AssemblyQualifiedName="VA.TMP.Integration.Plugins.ServiceAppointment.ServiceAppointmentVistaCancelPostStage, VA.TMP.Integration.Plugins, Version=1.0.0.0, Culture=neutral, PublicKeyToken=f9ed7db8a23d3ea1" PluginTypeId="240e87e9-f6ce-e711-9436-0050568da084" Name="VA.TMP.Integration.Plugins.ServiceAppointment.ServiceAppointmentVistaCancelPostStage">
          <FriendlyName>da7a6934-0590-417b-9624-8ea8f97cc2c8</FriendlyName>
        </PluginType>
        <PluginType AssemblyQualifiedName="VA.TMP.Integration.Plugins.ServiceAppointment.ServiceAppointmentVistaUpdatePostStage, VA.TMP.Integration.Plugins, Version=1.0.0.0, Culture=neutral, PublicKeyToken=f9ed7db8a23d3ea1" PluginTypeId="250e87e9-f6ce-e711-9436-0050568da084" Name="VA.TMP.Integration.Plugins.ServiceAppointment.ServiceAppointmentVistaUpdatePostStage">
          <FriendlyName>6aba084f-548c-4c52-bac5-ad78409cb885</FriendlyName>
        </PluginType>
        <PluginType AssemblyQualifiedName="VA.TMP.Integration.Plugins.ServiceAppointment.ServiceAppointmentVmrCancelPostStage, VA.TMP.Integration.Plugins, Version=1.0.0.0, Culture=neutral, PublicKeyToken=f9ed7db8a23d3ea1" PluginTypeId="c6716244-8d27-e811-943a-0050568da084" Name="VA.TMP.Integration.Plugins.ServiceAppointment.ServiceAppointmentVmrCancelPostStage">
          <FriendlyName>c6dfac32-f32b-4eb7-9af8-831960c62f01</FriendlyName>
        </PluginType>
        <PluginType AssemblyQualifiedName="VA.TMP.Integration.Plugins.ServiceAppointment.ServiceAppointmentVmrUpdatePostStage, VA.TMP.Integration.Plugins, Version=1.0.0.0, Culture=neutral, PublicKeyToken=f9ed7db8a23d3ea1" PluginTypeId="19727b17-f079-e611-9421-0050568da084" Name="VA.TMP.Integration.Plugins.ServiceAppointment.ServiceAppointmentVmrUpdatePostStage">
          <FriendlyName>0c5980d6-1356-4beb-95f9-1b338b367db1</FriendlyName>
        </PluginType>
        <PluginType AssemblyQualifiedName="VA.TMP.Integration.Plugins.ServiceAppointment.ServiceAppointmentVvsUpdatePostStage, VA.TMP.Integration.Plugins, Version=1.0.0.0, Culture=neutral, PublicKeyToken=f9ed7db8a23d3ea1" PluginTypeId="1a727b17-f079-e611-9421-0050568da084" Name="VA.TMP.Integration.Plugins.ServiceAppointment.ServiceAppointmentVvsUpdatePostStage">
          <FriendlyName>3cd90c7b-ab8d-43e1-ab7e-b6345e3d573c</FriendlyName>
        </PluginType>
        <PluginType AssemblyQualifiedName="VA.TMP.Integration.Plugins.VistaIntegrationResult.VistaIntegrationResultUpdatePostStage, VA.TMP.Integration.Plugins, Version=1.0.0.0, Culture=neutral, PublicKeyToken=f9ed7db8a23d3ea1" PluginTypeId="fa6173d9-ce31-e711-942b-0050568da084" Name="VA.TMP.Integration.Plugins.VistaIntegrationResult.VistaIntegrationResultUpdatePostStage">
          <FriendlyName>95af30dc-4e5a-475d-b212-8158f343af2a</FriendlyName>
        </PluginType>
      </PluginTypes>
    </PluginAssembly>
  </SolutionPluginAssemblies>
  <EntityDataProviders />
  <Languages>
    <Language>1033</Language>
  </Languages>
</ImportExportXml>