<ImportExportXml version="9.2.22032.153" SolutionPackageVersion="9.2" languagecode="1033" generatedBy="CrmLive" xmlns:xsi="http://www.w3.org/2001/XMLSchema-instance">
  <SolutionManifest>
    <UniqueName>2022_Wave_1</UniqueName>
    <LocalizedNames>
      <LocalizedName description="2022 Wave 1" languagecode="1033" />
    </LocalizedNames>
    <Descriptions />
    <Version>1.0.0.0</Version>
    <Managed>0</Managed>
    <Publisher>
      <UniqueName>tmpdefaultpublisher</UniqueName>
      <LocalizedNames>
        <LocalizedName description="TMP Default Publisher" languagecode="1033" />
      </LocalizedNames>
      <Descriptions />
      <EMailAddress xsi:nil="true"></EMailAddress>
      <SupportingWebsiteUrl xsi:nil="true"></SupportingWebsiteUrl>
      <CustomizationPrefix>tmp</CustomizationPrefix>
      <CustomizationOptionValuePrefix>17897</CustomizationOptionValuePrefix>
      <Addresses>
        <Address>
          <AddressNumber>1</AddressNumber>
          <AddressTypeCode>1</AddressTypeCode>
          <City xsi:nil="true"></City>
          <County xsi:nil="true"></County>
          <Country xsi:nil="true"></Country>
          <Fax xsi:nil="true"></Fax>
          <FreightTermsCode xsi:nil="true"></FreightTermsCode>
          <ImportSequenceNumber xsi:nil="true"></ImportSequenceNumber>
          <Latitude xsi:nil="true"></Latitude>
          <Line1 xsi:nil="true"></Line1>
          <Line2 xsi:nil="true"></Line2>
          <Line3 xsi:nil="true"></Line3>
          <Longitude xsi:nil="true"></Longitude>
          <Name xsi:nil="true"></Name>
          <PostalCode xsi:nil="true"></PostalCode>
          <PostOfficeBox xsi:nil="true"></PostOfficeBox>
          <PrimaryContactName xsi:nil="true"></PrimaryContactName>
          <ShippingMethodCode>1</ShippingMethodCode>
          <StateOrProvince xsi:nil="true"></StateOrProvince>
          <Telephone1 xsi:nil="true"></Telephone1>
          <Telephone2 xsi:nil="true"></Telephone2>
          <Telephone3 xsi:nil="true"></Telephone3>
          <TimeZoneRuleVersionNumber xsi:nil="true"></TimeZoneRuleVersionNumber>
          <UPSZone xsi:nil="true"></UPSZone>
          <UTCOffset xsi:nil="true"></UTCOffset>
          <UTCConversionTimeZoneCode xsi:nil="true"></UTCConversionTimeZoneCode>
        </Address>
        <Address>
          <AddressNumber>2</AddressNumber>
          <AddressTypeCode>1</AddressTypeCode>
          <City xsi:nil="true"></City>
          <County xsi:nil="true"></County>
          <Country xsi:nil="true"></Country>
          <Fax xsi:nil="true"></Fax>
          <FreightTermsCode xsi:nil="true"></FreightTermsCode>
          <ImportSequenceNumber xsi:nil="true"></ImportSequenceNumber>
          <Latitude xsi:nil="true"></Latitude>
          <Line1 xsi:nil="true"></Line1>
          <Line2 xsi:nil="true"></Line2>
          <Line3 xsi:nil="true"></Line3>
          <Longitude xsi:nil="true"></Longitude>
          <Name xsi:nil="true"></Name>
          <PostalCode xsi:nil="true"></PostalCode>
          <PostOfficeBox xsi:nil="true"></PostOfficeBox>
          <PrimaryContactName xsi:nil="true"></PrimaryContactName>
          <ShippingMethodCode>1</ShippingMethodCode>
          <StateOrProvince xsi:nil="true"></StateOrProvince>
          <Telephone1 xsi:nil="true"></Telephone1>
          <Telephone2 xsi:nil="true"></Telephone2>
          <Telephone3 xsi:nil="true"></Telephone3>
          <TimeZoneRuleVersionNumber xsi:nil="true"></TimeZoneRuleVersionNumber>
          <UPSZone xsi:nil="true"></UPSZone>
          <UTCOffset xsi:nil="true"></UTCOffset>
          <UTCConversionTimeZoneCode xsi:nil="true"></UTCConversionTimeZoneCode>
        </Address>
      </Addresses>
    </Publisher>
    <RootComponents>
      <RootComponent type="1" schemaName="activitypointer" behavior="1" />
      <RootComponent type="1" schemaName="appointment" behavior="1" />
      <RootComponent type="1" schemaName="constraintbasedgroup" behavior="1" />
      <RootComponent type="1" schemaName="contact" behavior="1" />
      <RootComponent type="1" schemaName="cvt_carttype" behavior="1" />
      <RootComponent type="1" schemaName="cvt_component" behavior="1" />
      <RootComponent type="1" schemaName="cvt_componenttype" behavior="1" />
      <RootComponent type="1" schemaName="cvt_facilityapproval" behavior="1" />
      <RootComponent type="1" schemaName="cvt_manufacturer" behavior="1" />
      <RootComponent type="1" schemaName="cvt_model" behavior="1" />
      <RootComponent type="1" schemaName="cvt_oncallentry" behavior="1" />
      <RootComponent type="1" schemaName="cvt_participatingsite" behavior="1" />
      <RootComponent type="1" schemaName="cvt_ppefeedback" behavior="1" />
      <RootComponent type="1" schemaName="cvt_ppereview" behavior="1" />
      <RootComponent type="1" schemaName="cvt_resourcepackage" behavior="1" />
      <RootComponent type="1" schemaName="cvt_stagingcomponent" behavior="1" />
      <RootComponent type="1" schemaName="cvt_stagingresource" behavior="1" />
      <RootComponent type="1" schemaName="cvt_tssprivileging" behavior="1" />
      <RootComponent type="1" schemaName="equipment" behavior="1" />
      <RootComponent type="1" schemaName="mcs_facility" behavior="1" />
      <RootComponent type="1" schemaName="mcs_resource" behavior="1" />
      <RootComponent type="1" schemaName="mcs_resourcegroup" behavior="1" />
      <RootComponent type="1" schemaName="mcs_services" behavior="1" />
      <RootComponent type="1" schemaName="mcs_servicesubtype" behavior="1" />
      <RootComponent type="1" schemaName="mcs_servicetype" behavior="1" />
      <RootComponent type="1" schemaName="mcs_site" behavior="1" />
      <RootComponent type="1" schemaName="queue" behavior="1" />
      <RootComponent type="1" schemaName="service" behavior="1" />
      <RootComponent type="1" schemaName="serviceappointment" behavior="1" />
      <RootComponent type="1" schemaName="systemuser" behavior="1" />
      <RootComponent type="1" schemaName="team" behavior="1" />
    </RootComponents>
    <MissingDependencies>
      <MissingDependency>
        <Required type="1" schemaName="constraintbasedgroup" displayName="Resource Group" solution="msdynce_Service (9.0.5.56)">
          <package>msdynce_ServiceAnchor (9.0.22033.2009)</package>
        </Required>
        <Dependent type="1" schemaName="constraintbasedgroup" displayName="Resource Group" />
      </MissingDependency>
      <MissingDependency>
        <Required type="1" schemaName="cvt_carttype" displayName="Cart Type" solution="Active" />
        <Dependent type="1" schemaName="cvt_carttype" displayName="Cart Type" />
      </MissingDependency>
      <MissingDependency>
        <Required type="1" schemaName="cvt_component" displayName="Component" solution="Active" />
        <Dependent type="1" schemaName="cvt_component" displayName="Component" />
      </MissingDependency>
      <MissingDependency>
        <Required type="1" schemaName="cvt_componenttype" displayName="Component Type" solution="Active" />
        <Dependent type="1" schemaName="cvt_componenttype" displayName="Component Type" />
      </MissingDependency>
      <MissingDependency>
        <Required type="1" schemaName="cvt_facilityapproval" displayName="TSA" solution="Active" />
        <Dependent type="1" schemaName="cvt_facilityapproval" displayName="TSA" />
      </MissingDependency>
      <MissingDependency>
        <Required type="1" schemaName="cvt_manufacturer" displayName="Manufacturer" solution="Active" />
        <Dependent type="1" schemaName="cvt_manufacturer" displayName="Manufacturer" />
      </MissingDependency>
      <MissingDependency>
        <Required type="1" schemaName="cvt_model" displayName="Model" solution="Active" />
        <Dependent type="1" schemaName="cvt_model" displayName="Model" />
      </MissingDependency>
      <MissingDependency>
        <Required type="1" schemaName="cvt_oncallentry" displayName="On Call Entry" solution="Active" />
        <Dependent type="1" schemaName="cvt_oncallentry" displayName="On Call Entry" />
      </MissingDependency>
      <MissingDependency>
        <Required type="1" schemaName="cvt_participatingsite" displayName="Participating Site" solution="Active" />
        <Dependent type="1" schemaName="cvt_participatingsite" displayName="Participating Site" />
      </MissingDependency>
      <MissingDependency>
        <Required type="1" schemaName="cvt_ppefeedback" displayName="PPE Feedback" solution="Active" />
        <Dependent type="1" schemaName="cvt_ppefeedback" displayName="PPE Feedback" />
      </MissingDependency>
      <MissingDependency>
        <Required type="1" schemaName="cvt_ppereview" displayName="PPE Review" solution="Active" />
        <Dependent type="1" schemaName="cvt_ppereview" displayName="PPE Review" />
      </MissingDependency>
      <MissingDependency>
        <Required type="1" schemaName="cvt_resourcepackage" displayName="Scheduling Package" solution="Active" />
        <Dependent type="1" schemaName="cvt_resourcepackage" displayName="Scheduling Package" />
      </MissingDependency>
      <MissingDependency>
        <Required type="1" schemaName="cvt_stagingcomponent" displayName="Staging Component" solution="Active" />
        <Dependent type="1" schemaName="cvt_stagingcomponent" displayName="Staging Component" />
      </MissingDependency>
      <MissingDependency>
        <Required type="1" schemaName="cvt_stagingresource" displayName="Inventory" solution="Active" />
        <Dependent type="1" schemaName="cvt_stagingresource" displayName="Inventory" />
      </MissingDependency>
      <MissingDependency>
        <Required type="1" schemaName="cvt_tssprivileging" displayName="Telehealth Privileging" solution="Active" />
        <Dependent type="1" schemaName="cvt_tssprivileging" displayName="Telehealth Privileging" />
      </MissingDependency>
      <MissingDependency>
        <Required type="1" schemaName="equipment" displayName="Resource: Infrastructure" solution="msdynce_Service (9.0.5.56)">
          <package>msdynce_ServiceAnchor (9.0.22033.2009)</package>
        </Required>
        <Dependent type="1" schemaName="equipment" displayName="Resource: Infrastructure" />
      </MissingDependency>
      <MissingDependency>
        <Required type="1" schemaName="mcs_facility" displayName="Facility" solution="Active" />
        <Dependent type="1" schemaName="mcs_facility" displayName="Facility" />
      </MissingDependency>
      <MissingDependency>
        <Required type="1" schemaName="mcs_resource" displayName="TMP Resource" solution="Active" />
        <Dependent type="1" schemaName="mcs_resource" displayName="TMP Resource" />
      </MissingDependency>
      <MissingDependency>
        <Required type="1" schemaName="mcs_resourcegroup" displayName="TMP Resource Group" solution="Active" />
        <Dependent type="1" schemaName="mcs_resourcegroup" displayName="TMP Resource Group" />
      </MissingDependency>
      <MissingDependency>
        <Required type="1" schemaName="mcs_services" displayName="Archived Agreement" solution="Active" />
        <Dependent type="1" schemaName="mcs_services" displayName="Archived Agreement" />
      </MissingDependency>
      <MissingDependency>
        <Required type="1" schemaName="mcs_servicesubtype" displayName="Specialty Sub-Type" solution="Active" />
        <Dependent type="1" schemaName="mcs_servicesubtype" displayName="Specialty Sub-Type" />
      </MissingDependency>
      <MissingDependency>
        <Required type="1" schemaName="mcs_servicetype" displayName="Specialty" solution="Active" />
        <Dependent type="1" schemaName="mcs_servicetype" displayName="Specialty" />
      </MissingDependency>
      <MissingDependency>
        <Required type="1" schemaName="mcs_site" displayName="TMP Site" solution="Active" />
        <Dependent type="1" schemaName="mcs_site" displayName="TMP Site" />
      </MissingDependency>
      <MissingDependency>
        <Required type="1" schemaName="service" displayName="Service" solution="msdynce_Service (9.0.5.56)">
          <package>msdynce_ServiceAnchor (9.0.22033.2009)</package>
        </Required>
        <Dependent type="1" schemaName="service" displayName="Service" />
      </MissingDependency>
      <MissingDependency>
        <Required type="1" schemaName="serviceappointment" displayName="Appointment" solution="msdynce_Service (9.0.5.56)">
          <package>msdynce_ServiceAnchor (9.0.22033.2009)</package>
        </Required>
        <Dependent type="1" schemaName="serviceappointment" displayName="Appointment" />
      </MissingDependency>
      <MissingDependency>
        <Required type="61" schemaName="cvt_cart16" displayName="cvt_cart16" solution="Active" />
        <Dependent type="1" schemaName="cvt_carttype" displayName="Cart Type" />
      </MissingDependency>
      <MissingDependency>
        <Required type="61" schemaName="cvt_cart32" displayName="cvt_cart32" solution="Active" />
        <Dependent type="1" schemaName="cvt_carttype" displayName="Cart Type" />
      </MissingDependency>
      <MissingDependency>
        <Required type="61" schemaName="cvt_certificate16" displayName="cvt_certificate16" solution="Active" />
        <Dependent type="1" schemaName="cvt_tssprivileging" displayName="Telehealth Privileging" />
      </MissingDependency>
      <MissingDependency>
        <Required type="61" schemaName="cvt_certificate32" displayName="cvt_certificate32" solution="Active" />
        <Dependent type="1" schemaName="cvt_tssprivileging" displayName="Telehealth Privileging" />
      </MissingDependency>
      <MissingDependency>
        <Required type="61" schemaName="cvt_certificatedocument16" displayName="cvt_certificatedocument16" solution="Active" />
        <Dependent type="1" schemaName="cvt_ppereview" displayName="PPE Review" />
      </MissingDependency>
      <MissingDependency>
        <Required type="61" schemaName="cvt_certificatedocument32" displayName="cvt_certificatedocument32" solution="Active" />
        <Dependent type="1" schemaName="cvt_ppereview" displayName="PPE Review" />
      </MissingDependency>
      <MissingDependency>
        <Required type="61" schemaName="cvt_chart16" displayName="cvt_chart16" solution="Active" />
        <Dependent type="1" schemaName="cvt_ppefeedback" displayName="PPE Feedback" />
      </MissingDependency>
      <MissingDependency>
        <Required type="61" schemaName="cvt_chart32" displayName="cvt_chart32" solution="Active" />
        <Dependent type="1" schemaName="cvt_ppefeedback" displayName="PPE Feedback" />
      </MissingDependency>
      <MissingDependency>
        <Required type="61" schemaName="cvt_customize16" displayName="cvt_customize16" solution="Active" />
        <Dependent type="1" schemaName="cvt_component" displayName="Component" />
      </MissingDependency>
      <MissingDependency>
        <Required type="61" schemaName="cvt_customize16" displayName="cvt_customize16" solution="Active" />
        <Dependent type="1" schemaName="cvt_stagingcomponent" displayName="Staging Component" />
      </MissingDependency>
      <MissingDependency>
        <Required type="61" schemaName="cvt_customize32" displayName="cvt_customize32" solution="Active" />
        <Dependent type="1" schemaName="cvt_component" displayName="Component" />
      </MissingDependency>
      <MissingDependency>
        <Required type="61" schemaName="cvt_customize32" displayName="cvt_customize32" solution="Active" />
        <Dependent type="1" schemaName="cvt_stagingcomponent" displayName="Staging Component" />
      </MissingDependency>
      <MissingDependency>
        <Required type="61" schemaName="cvt_documentcheck16" displayName="cvt_documentcheck16" solution="Active" />
        <Dependent type="1" schemaName="cvt_resourcepackage" displayName="Scheduling Package" />
      </MissingDependency>
      <MissingDependency>
        <Required type="61" schemaName="cvt_documentcheck16" displayName="cvt_documentcheck16" solution="Active" />
        <Dependent type="1" schemaName="mcs_services" displayName="Archived Agreement" />
      </MissingDependency>
      <MissingDependency>
        <Required type="61" schemaName="cvt_documentcheck32" displayName="cvt_documentcheck32" solution="Active" />
        <Dependent type="1" schemaName="cvt_resourcepackage" displayName="Scheduling Package" />
      </MissingDependency>
      <MissingDependency>
        <Required type="61" schemaName="cvt_documentcheck32" displayName="cvt_documentcheck32" solution="Active" />
        <Dependent type="1" schemaName="mcs_services" displayName="Archived Agreement" />
      </MissingDependency>
      <MissingDependency>
        <Required type="61" schemaName="cvt_documentsetting16" displayName="cvt_documentsetting16" solution="Active" />
        <Dependent type="1" schemaName="cvt_componenttype" displayName="Component Type" />
      </MissingDependency>
      <MissingDependency>
        <Required type="61" schemaName="cvt_documentsetting16" displayName="cvt_documentsetting16" solution="Active" />
        <Dependent type="1" schemaName="cvt_manufacturer" displayName="Manufacturer" />
      </MissingDependency>
      <MissingDependency>
        <Required type="61" schemaName="cvt_documentsetting16" displayName="cvt_documentsetting16" solution="Active" />
        <Dependent type="1" schemaName="cvt_model" displayName="Model" />
      </MissingDependency>
      <MissingDependency>
        <Required type="61" schemaName="cvt_documentsetting16" displayName="cvt_documentsetting16" solution="Active" />
        <Dependent type="1" schemaName="mcs_servicesubtype" displayName="Specialty Sub-Type" />
      </MissingDependency>
      <MissingDependency>
        <Required type="61" schemaName="cvt_documentsetting16" displayName="cvt_documentsetting16" solution="Active" />
        <Dependent type="1" schemaName="mcs_servicetype" displayName="Specialty" />
      </MissingDependency>
      <MissingDependency>
        <Required type="61" schemaName="cvt_documentsetting32" displayName="cvt_documentsetting32" solution="Active" />
        <Dependent type="1" schemaName="cvt_componenttype" displayName="Component Type" />
      </MissingDependency>
      <MissingDependency>
        <Required type="61" schemaName="cvt_documentsetting32" displayName="cvt_documentsetting32" solution="Active" />
        <Dependent type="1" schemaName="cvt_manufacturer" displayName="Manufacturer" />
      </MissingDependency>
      <MissingDependency>
        <Required type="61" schemaName="cvt_documentsetting32" displayName="cvt_documentsetting32" solution="Active" />
        <Dependent type="1" schemaName="cvt_model" displayName="Model" />
      </MissingDependency>
      <MissingDependency>
        <Required type="61" schemaName="cvt_documentsetting32" displayName="cvt_documentsetting32" solution="Active" />
        <Dependent type="1" schemaName="mcs_servicesubtype" displayName="Specialty Sub-Type" />
      </MissingDependency>
      <MissingDependency>
        <Required type="61" schemaName="cvt_documentsetting32" displayName="cvt_documentsetting32" solution="Active" />
        <Dependent type="1" schemaName="mcs_servicetype" displayName="Specialty" />
      </MissingDependency>
      <MissingDependency>
        <Required type="61" schemaName="cvt_doublecheck16" displayName="cvt_doublecheck16" solution="Active" />
        <Dependent type="1" schemaName="cvt_facilityapproval" displayName="TSA" />
      </MissingDependency>
      <MissingDependency>
        <Required type="61" schemaName="cvt_doublecheck32" displayName="cvt_doublecheck32" solution="Active" />
        <Dependent type="1" schemaName="cvt_facilityapproval" displayName="TSA" />
      </MissingDependency>
      <MissingDependency>
        <Required type="61" schemaName="cvt_facility16" displayName="cvt_facility16" solution="Active" />
        <Dependent type="1" schemaName="mcs_facility" displayName="Facility" />
      </MissingDependency>
      <MissingDependency>
        <Required type="61" schemaName="cvt_facility32" displayName="cvt_facility32" solution="Active" />
        <Dependent type="1" schemaName="mcs_facility" displayName="Facility" />
      </MissingDependency>
      <MissingDependency>
        <Required type="61" schemaName="cvt_group16" displayName="cvt_group16" solution="Active" />
        <Dependent type="1" schemaName="mcs_resourcegroup" displayName="TMP Resource Group" />
      </MissingDependency>
      <MissingDependency>
        <Required type="61" schemaName="cvt_group32" displayName="cvt_group32" solution="Active" />
        <Dependent type="1" schemaName="mcs_resourcegroup" displayName="TMP Resource Group" />
      </MissingDependency>
      <MissingDependency>
        <Required type="61" schemaName="cvt_inventory_16.png" displayName="cvt_inventory_16.png" solution="Active" />
        <Dependent type="1" schemaName="cvt_stagingresource" displayName="Inventory" />
      </MissingDependency>
      <MissingDependency>
        <Required type="61" schemaName="cvt_inventory_32.png" displayName="cvt_inventory_32.png" solution="Active" />
        <Dependent type="1" schemaName="cvt_stagingresource" displayName="Inventory" />
      </MissingDependency>
      <MissingDependency>
        <Required type="61" schemaName="cvt_oncall_16" displayName="cvt_oncall_16" solution="Active" />
        <Dependent type="1" schemaName="cvt_oncallentry" displayName="On Call Entry" />
      </MissingDependency>
      <MissingDependency>
        <Required type="61" schemaName="cvt_oncall_32" displayName="cvt_oncall_32" solution="Active" />
        <Dependent type="1" schemaName="cvt_oncallentry" displayName="On Call Entry" />
      </MissingDependency>
      <MissingDependency>
        <Required type="61" schemaName="cvt_resource16" displayName="cvt_resource16" solution="Active" />
        <Dependent type="1" schemaName="mcs_resource" displayName="TMP Resource" />
      </MissingDependency>
      <MissingDependency>
        <Required type="61" schemaName="cvt_resource32" displayName="cvt_resource32" solution="Active" />
        <Dependent type="1" schemaName="mcs_resource" displayName="TMP Resource" />
      </MissingDependency>
      <MissingDependency>
        <Required type="61" schemaName="cvt_site16" displayName="cvt_site16" solution="Active" />
        <Dependent type="1" schemaName="cvt_participatingsite" displayName="Participating Site" />
      </MissingDependency>
      <MissingDependency>
        <Required type="61" schemaName="cvt_site16" displayName="cvt_site16" solution="Active" />
        <Dependent type="1" schemaName="mcs_site" displayName="TMP Site" />
      </MissingDependency>
      <MissingDependency>
        <Required type="61" schemaName="cvt_site32" displayName="cvt_site32" solution="Active" />
        <Dependent type="1" schemaName="cvt_participatingsite" displayName="Participating Site" />
      </MissingDependency>
      <MissingDependency>
        <Required type="61" schemaName="cvt_site32" displayName="cvt_site32" solution="Active" />
        <Dependent type="1" schemaName="mcs_site" displayName="TMP Site" />
      </MissingDependency>
    </MissingDependencies>
  </SolutionManifest>
</ImportExportXml>