<ImportExportXml version="9.2.21094.147" SolutionPackageVersion="9.2" languagecode="1033" generatedBy="CrmLive" xmlns:xsi="http://www.w3.org/2001/XMLSchema-instance">
  <SolutionManifest>
    <UniqueName>TEM_Provider_App</UniqueName>
    <LocalizedNames>
      <LocalizedName description="TEM_Provider_App" languagecode="1033" />
    </LocalizedNames>
    <Descriptions />
    <Version>1.0.0.1</Version>
    <Managed>0</Managed>
    <Publisher>
      <UniqueName>tmpdefaultpublisher</UniqueName>
      <LocalizedNames>
        <LocalizedName description="TMP Default Publisher" languagecode="1033" />
      </LocalizedNames>
      <Descriptions />
      <EMailAddress xsi:nil="true"></EMailAddress>
      <SupportingWebsiteUrl xsi:nil="true"></SupportingWebsiteUrl>
      <CustomizationPrefix>tmp</CustomizationPrefix>
      <CustomizationOptionValuePrefix>17897</CustomizationOptionValuePrefix>
      <Addresses>
        <Address>
          <AddressNumber>1</AddressNumber>
          <AddressTypeCode>1</AddressTypeCode>
          <City xsi:nil="true"></City>
          <County xsi:nil="true"></County>
          <Country xsi:nil="true"></Country>
          <Fax xsi:nil="true"></Fax>
          <FreightTermsCode xsi:nil="true"></FreightTermsCode>
          <ImportSequenceNumber xsi:nil="true"></ImportSequenceNumber>
          <Latitude xsi:nil="true"></Latitude>
          <Line1 xsi:nil="true"></Line1>
          <Line2 xsi:nil="true"></Line2>
          <Line3 xsi:nil="true"></Line3>
          <Longitude xsi:nil="true"></Longitude>
          <Name xsi:nil="true"></Name>
          <PostalCode xsi:nil="true"></PostalCode>
          <PostOfficeBox xsi:nil="true"></PostOfficeBox>
          <PrimaryContactName xsi:nil="true"></PrimaryContactName>
          <ShippingMethodCode>1</ShippingMethodCode>
          <StateOrProvince xsi:nil="true"></StateOrProvince>
          <Telephone1 xsi:nil="true"></Telephone1>
          <Telephone2 xsi:nil="true"></Telephone2>
          <Telephone3 xsi:nil="true"></Telephone3>
          <TimeZoneRuleVersionNumber xsi:nil="true"></TimeZoneRuleVersionNumber>
          <UPSZone xsi:nil="true"></UPSZone>
          <UTCOffset xsi:nil="true"></UTCOffset>
          <UTCConversionTimeZoneCode xsi:nil="true"></UTCConversionTimeZoneCode>
        </Address>
        <Address>
          <AddressNumber>2</AddressNumber>
          <AddressTypeCode>1</AddressTypeCode>
          <City xsi:nil="true"></City>
          <County xsi:nil="true"></County>
          <Country xsi:nil="true"></Country>
          <Fax xsi:nil="true"></Fax>
          <FreightTermsCode xsi:nil="true"></FreightTermsCode>
          <ImportSequenceNumber xsi:nil="true"></ImportSequenceNumber>
          <Latitude xsi:nil="true"></Latitude>
          <Line1 xsi:nil="true"></Line1>
          <Line2 xsi:nil="true"></Line2>
          <Line3 xsi:nil="true"></Line3>
          <Longitude xsi:nil="true"></Longitude>
          <Name xsi:nil="true"></Name>
          <PostalCode xsi:nil="true"></PostalCode>
          <PostOfficeBox xsi:nil="true"></PostOfficeBox>
          <PrimaryContactName xsi:nil="true"></PrimaryContactName>
          <ShippingMethodCode>1</ShippingMethodCode>
          <StateOrProvince xsi:nil="true"></StateOrProvince>
          <Telephone1 xsi:nil="true"></Telephone1>
          <Telephone2 xsi:nil="true"></Telephone2>
          <Telephone3 xsi:nil="true"></Telephone3>
          <TimeZoneRuleVersionNumber xsi:nil="true"></TimeZoneRuleVersionNumber>
          <UPSZone xsi:nil="true"></UPSZone>
          <UTCOffset xsi:nil="true"></UTCOffset>
          <UTCConversionTimeZoneCode xsi:nil="true"></UTCConversionTimeZoneCode>
        </Address>
      </Addresses>
    </Publisher>
    <RootComponents>
      <RootComponent type="20" id="{735ded9e-6616-ec11-b6e6-001dd802ec34}" behavior="0" />
      <RootComponent type="62" schemaName="new_TEMPROVIDER" behavior="0" />
      <RootComponent type="80" schemaName="new_TEMPROVIDER" behavior="0" />
    </RootComponents>
    <MissingDependencies>
      <MissingDependency>
        <Required type="1" schemaName="cvt_oncallentry" displayName="On Call Entry" solution="Active" />
        <Dependent type="62" schemaName="new_TEMPROVIDER" />
      </MissingDependency>
      <MissingDependency>
        <Required type="1" schemaName="cvt_oncallentry" displayName="On Call Entry" solution="Active" />
        <Dependent type="80" schemaName="new_TEMPROVIDER" displayName="TEM PROVIDER" />
      </MissingDependency>
      <MissingDependency>
        <Required type="1" schemaName="lead" displayName="Lead" solution="msdynce_LeadManagement (9.0.4.0066)">
          <package>msdynce_LeadManagementAnchor (9.0.21043.10001)</package>
        </Required>
        <Dependent type="80" schemaName="new_TEMPROVIDER" displayName="TEM PROVIDER" />
      </MissingDependency>
      <MissingDependency>
        <Required type="1" schemaName="mcs_feedback" displayName="Feedback-1" solution="TMP_Scheduling_App (1.0.0.1)" />
        <Dependent type="80" schemaName="new_TEMPROVIDER" displayName="TEM PROVIDER" />
      </MissingDependency>
      <MissingDependency>
        <Required type="1" schemaName="mcs_site" displayName="TMP Site" solution="Active" />
        <Dependent type="62" schemaName="new_TEMPROVIDER" />
      </MissingDependency>
      <MissingDependency>
        <Required type="1" schemaName="mcs_site" displayName="TMP Site" solution="Active" />
        <Dependent type="80" schemaName="new_TEMPROVIDER" displayName="TEM PROVIDER" />
      </MissingDependency>
      <MissingDependency>
        <Required type="1" schemaName="msdyn_serviceconfiguration" displayName="Service Configuration" solution="msdynce_ServiceLevelAgreementExtension (9.0.21091.1011)">
          <package>msdynce_ServiceLevelAgreementAnchor (9.0.20094.3027)</package>
        </Required>
        <Dependent type="80" schemaName="new_TEMPROVIDER" displayName="TEM PROVIDER" />
      </MissingDependency>
      <MissingDependency>
        <Required type="1" schemaName="opportunity" displayName="Opportunity" solution="msdynce_Sales (9.0.4.0076)">
          <package>msdynce_SalesAnchor (9.0.21043.10002)</package>
        </Required>
        <Dependent type="80" schemaName="new_TEMPROVIDER" displayName="TEM PROVIDER" />
      </MissingDependency>
      <MissingDependency>
        <Required type="61" schemaName="cvt_oncall_32" displayName="cvt_oncall_32" solution="Active" />
        <Dependent type="80" schemaName="new_TEMPROVIDER" displayName="TEM PROVIDER" />
      </MissingDependency>
      <MissingDependency>
        <Required type="61" schemaName="Service/ServiceCalendar/index.html" displayName="Service/ServiceCalendar/index.html" solution="msdynce_ServicePatch201911 (9.0.21093.2036)">
          <package>msdynce_ServiceAnchor (9.0.20094.2081)</package>
        </Required>
        <Dependent type="62" schemaName="new_TEMPROVIDER" />
      </MissingDependency>
      <MissingDependency>
        <Required type="61" schemaName="tmp_aboutpage" displayName="tmp_aboutpage" solution="Active" />
        <Dependent type="62" schemaName="new_TEMPROVIDER" />
      </MissingDependency>
    </MissingDependencies>
  </SolutionManifest>
</ImportExportXml>