<ImportExportXml xmlns:xsi="http://www.w3.org/2001/XMLSchema-instance">
  <Entities></Entities>
  <Roles></Roles>
  <Workflows></Workflows>
  <FieldSecurityProfiles></FieldSecurityProfiles>
  <Templates />
  <EntityMaps />
  <EntityRelationships />
  <OrganizationSettings />
  <optionsets />
  <WebResources>
    <WebResource>
      <WebResourceId>{60f021b7-68cd-e711-80e5-000d3a007bf6}</WebResourceId>
      <Name>cvt_ViaLogin.js</Name>
      <DisplayName>Via Login Scripts</DisplayName>
      <LanguageCode>1033</LanguageCode>
      <WebResourceType>3</WebResourceType>
      <IntroducedVersion>2017.11.16.1</IntroducedVersion>
      <IsEnabledForMobileClient>0</IsEnabledForMobileClient>
      <IsAvailableForMobileOffline>0</IsAvailableForMobileOffline>
      <DependencyXml>&lt;Dependencies&gt;&lt;Dependency componentType="WebResource"/&gt;&lt;/Dependencies&gt;</DependencyXml>
      <IsCustomizable>1</IsCustomizable>
      <CanBeDeleted>1</CanBeDeleted>
      <IsHidden>0</IsHidden>
      <FileName>/WebResources/cvt_ViaLoginjs60F021B7-68CD-E711-80E5-000D3A007BF6</FileName>
    </WebResource>
  </WebResources>
  <CustomControls />
  <SolutionPluginAssemblies>
    <PluginAssembly FullName="TMPPlugins, Version=1.0.0.0, Culture=neutral, PublicKeyToken=2a5c0f48e135418c" PluginAssemblyId="0d237278-589e-4c9f-a279-ca4e878b4d97" CustomizationLevel="1">
      <IsolationMode>2</IsolationMode>
      <SourceType>0</SourceType>
      <IntroducedVersion>1.0</IntroducedVersion>
      <FileName>/PluginAssemblies/TMPPlugins-0D237278-589E-4C9F-A279-CA4E878B4D97/TMPPlugins.dll</FileName>
      <PluginTypes>
        <PluginType AssemblyQualifiedName="VA.TMP.CRM.AssignRecordCreatePostStage, TMPPlugins, Version=1.0.0.0, Culture=neutral, PublicKeyToken=2a5c0f48e135418c" PluginTypeId="7fabcb38-91d6-e611-9427-0050568da084" Name="VA.TMP.CRM.AssignRecordCreatePostStage">
          <FriendlyName>1bb3787f-b66c-4581-a65a-a80f447d49ad</FriendlyName>
        </PluginType>
        <PluginType AssemblyQualifiedName="VA.TMP.CRM.CvtComponentCreatePostStage, TMPPlugins, Version=1.0.0.0, Culture=neutral, PublicKeyToken=2a5c0f48e135418c" PluginTypeId="80abcb38-91d6-e611-9427-0050568da084" Name="VA.TMP.CRM.CvtComponentCreatePostStage">
          <FriendlyName>ca4be7ff-be67-40f5-87d5-b8589d70d2e8</FriendlyName>
        </PluginType>
        <PluginType AssemblyQualifiedName="VA.TMP.CRM.CvtComponentCreateUpdatePreStage, TMPPlugins, Version=1.0.0.0, Culture=neutral, PublicKeyToken=2a5c0f48e135418c" PluginTypeId="81abcb38-91d6-e611-9427-0050568da084" Name="VA.TMP.CRM.CvtComponentCreateUpdatePreStage">
          <FriendlyName>ac7140c8-ee08-4519-94a7-bf644588906d</FriendlyName>
        </PluginType>
        <PluginType AssemblyQualifiedName="VA.TMP.CRM.CvtMasterTSACreatePostStage, TMPPlugins, Version=1.0.0.0, Culture=neutral, PublicKeyToken=2a5c0f48e135418c" PluginTypeId="82abcb38-91d6-e611-9427-0050568da084" Name="VA.TMP.CRM.CvtMasterTSACreatePostStage">
          <FriendlyName>ec719e76-cccd-442c-b090-b76a77b474ff</FriendlyName>
        </PluginType>
        <PluginType AssemblyQualifiedName="VA.TMP.CRM.CvtMasterTSAUpdatePostStage, TMPPlugins, Version=1.0.0.0, Culture=neutral, PublicKeyToken=2a5c0f48e135418c" PluginTypeId="83abcb38-91d6-e611-9427-0050568da084" Name="VA.TMP.CRM.CvtMasterTSAUpdatePostStage">
          <FriendlyName>94df8691-eb14-4d5e-9750-9b6366e7d96f</FriendlyName>
        </PluginType>
        <PluginType AssemblyQualifiedName="VA.TMP.CRM.CvtPatGroupCreatePostStage, TMPPlugins, Version=1.0.0.0, Culture=neutral, PublicKeyToken=2a5c0f48e135418c" PluginTypeId="84abcb38-91d6-e611-9427-0050568da084" Name="VA.TMP.CRM.CvtPatGroupCreatePostStage">
          <FriendlyName>d12eece8-8558-407a-a49b-bd561ca207b8</FriendlyName>
        </PluginType>
        <PluginType AssemblyQualifiedName="VA.TMP.CRM.CvtPatGroupCreatePreStage, TMPPlugins, Version=1.0.0.0, Culture=neutral, PublicKeyToken=2a5c0f48e135418c" PluginTypeId="85abcb38-91d6-e611-9427-0050568da084" Name="VA.TMP.CRM.CvtPatGroupCreatePreStage">
          <FriendlyName>0e15e5d5-7cf7-4ecf-a229-dfc53f4348b1</FriendlyName>
        </PluginType>
        <PluginType AssemblyQualifiedName="VA.TMP.CRM.CvtPatGroupDeletePreStage, TMPPlugins, Version=1.0.0.0, Culture=neutral, PublicKeyToken=2a5c0f48e135418c" PluginTypeId="86abcb38-91d6-e611-9427-0050568da084" Name="VA.TMP.CRM.CvtPatGroupDeletePreStage">
          <FriendlyName>07149c75-48a5-47ba-acd8-59a82f728117</FriendlyName>
        </PluginType>
        <PluginType AssemblyQualifiedName="VA.TMP.CRM.CvtProvGroupCreatePostStage, TMPPlugins, Version=1.0.0.0, Culture=neutral, PublicKeyToken=2a5c0f48e135418c" PluginTypeId="87abcb38-91d6-e611-9427-0050568da084" Name="VA.TMP.CRM.CvtProvGroupCreatePostStage">
          <FriendlyName>9b0d3282-76ec-4948-8131-a269bec29a25</FriendlyName>
        </PluginType>
        <PluginType AssemblyQualifiedName="VA.TMP.CRM.CvtProvGroupCreatePreStage, TMPPlugins, Version=1.0.0.0, Culture=neutral, PublicKeyToken=2a5c0f48e135418c" PluginTypeId="88abcb38-91d6-e611-9427-0050568da084" Name="VA.TMP.CRM.CvtProvGroupCreatePreStage">
          <FriendlyName>f2c42549-241a-457f-9c28-3628adc95148</FriendlyName>
        </PluginType>
        <PluginType AssemblyQualifiedName="VA.TMP.CRM.CvtProvGroupDeletePreStage, TMPPlugins, Version=1.0.0.0, Culture=neutral, PublicKeyToken=2a5c0f48e135418c" PluginTypeId="89abcb38-91d6-e611-9427-0050568da084" Name="VA.TMP.CRM.CvtProvGroupDeletePreStage">
          <FriendlyName>20a410e8-0538-4964-aac6-eb5f3e959d40</FriendlyName>
        </PluginType>
        <PluginType AssemblyQualifiedName="VA.TMP.CRM.CvtProvGroupUpdatePostStage, TMPPlugins, Version=1.0.0.0, Culture=neutral, PublicKeyToken=2a5c0f48e135418c" PluginTypeId="ea18e0fe-0d1a-e711-942a-0050568da084" Name="VA.TMP.CRM.CvtProvGroupUpdatePostStage">
          <FriendlyName>d5526b06-3b6a-42e7-9be2-8e939188ff34</FriendlyName>
        </PluginType>
        <PluginType AssemblyQualifiedName="VA.TMP.CRM.CVTStagingComponent.StagingComponentUpdatePostStage, TMPPlugins, Version=1.0.0.0, Culture=neutral, PublicKeyToken=2a5c0f48e135418c" PluginTypeId="d5ebfee1-f6ce-e711-9436-0050568da084" Name="VA.TMP.CRM.CVTStagingComponent.StagingComponentUpdatePostStage">
          <FriendlyName>10bac425-8718-488f-89d0-df840d53c293</FriendlyName>
        </PluginType>
        <PluginType AssemblyQualifiedName="VA.TMP.CRM.CVTStagingResource.StagingResourceUpdatePostStage, TMPPlugins, Version=1.0.0.0, Culture=neutral, PublicKeyToken=2a5c0f48e135418c" PluginTypeId="d6ebfee1-f6ce-e711-9436-0050568da084" Name="VA.TMP.CRM.CVTStagingResource.StagingResourceUpdatePostStage">
          <FriendlyName>cd62a0e8-678e-4bac-8a38-3c8f1318efe9</FriendlyName>
        </PluginType>
        <PluginType AssemblyQualifiedName="VA.TMP.CRM.CVTStagingResource.StagingResourceUpdatePreStage, TMPPlugins, Version=1.0.0.0, Culture=neutral, PublicKeyToken=2a5c0f48e135418c" PluginTypeId="d7ebfee1-f6ce-e711-9436-0050568da084" Name="VA.TMP.CRM.CVTStagingResource.StagingResourceUpdatePreStage">
          <FriendlyName>97a2358a-f4ca-409f-9429-7a54eb496a1a</FriendlyName>
        </PluginType>
        <PluginType AssemblyQualifiedName="VA.TMP.CRM.CvtTssPrivilegingCreatePostStage, TMPPlugins, Version=1.0.0.0, Culture=neutral, PublicKeyToken=2a5c0f48e135418c" PluginTypeId="8aabcb38-91d6-e611-9427-0050568da084" Name="VA.TMP.CRM.CvtTssPrivilegingCreatePostStage">
          <FriendlyName>5efa6005-5137-4275-bf49-a4394b35a168</FriendlyName>
        </PluginType>
        <PluginType AssemblyQualifiedName="VA.TMP.CRM.EmailAutomationCreatePostStage, TMPPlugins, Version=1.0.0.0, Culture=neutral, PublicKeyToken=2a5c0f48e135418c" PluginTypeId="eb18e0fe-0d1a-e711-942a-0050568da084" Name="VA.TMP.CRM.EmailAutomationCreatePostStage">
          <FriendlyName>325638e0-84d1-43bb-9fdd-035dfc52919f</FriendlyName>
        </PluginType>
        <PluginType AssemblyQualifiedName="VA.TMP.CRM.EMailCreatePostStage, TMPPlugins, Version=1.0.0.0, Culture=neutral, PublicKeyToken=2a5c0f48e135418c" PluginTypeId="8babcb38-91d6-e611-9427-0050568da084" Name="VA.TMP.CRM.EMailCreatePostStage">
          <FriendlyName>ee93c631-4358-43e2-bc09-aee0aa6f7713</FriendlyName>
        </PluginType>
        <PluginType AssemblyQualifiedName="VA.TMP.CRM.Facility_Approval.FacilityApprovalUpdatePostStage, TMPPlugins, Version=1.0.0.0, Culture=neutral, PublicKeyToken=2a5c0f48e135418c" PluginTypeId="636382b5-0d23-e811-943a-0050568da084" Name="VA.TMP.CRM.Facility_Approval.FacilityApprovalUpdatePostStage">
          <FriendlyName>0b00999c-53cc-4f4e-8dab-f56704ddbf57</FriendlyName>
        </PluginType>
        <PluginType AssemblyQualifiedName="VA.TMP.CRM.FPPEOPPECreatePostStage, TMPPlugins, Version=1.0.0.0, Culture=neutral, PublicKeyToken=2a5c0f48e135418c" PluginTypeId="8cabcb38-91d6-e611-9427-0050568da084" Name="VA.TMP.CRM.FPPEOPPECreatePostStage">
          <FriendlyName>3949cb1b-1cab-4cac-80fe-a3a64254302b</FriendlyName>
        </PluginType>
        <PluginType AssemblyQualifiedName="VA.TMP.CRM.Guest_Email.GuestEmailCreatePostStage, TMPPlugins, Version=1.0.0.0, Culture=neutral, PublicKeyToken=2a5c0f48e135418c" PluginTypeId="a2411cee-56b1-e811-9442-0050568da084" Name="VA.TMP.CRM.Guest_Email.GuestEmailCreatePostStage">
          <FriendlyName>23db7530-e91d-4816-811f-b1f04fb2430c</FriendlyName>
        </PluginType>
        <PluginType AssemblyQualifiedName="VA.TMP.CRM.ImportFieldValidationUpdatePostStage, TMPPlugins, Version=1.0.0.0, Culture=neutral, PublicKeyToken=2a5c0f48e135418c" PluginTypeId="d8ebfee1-f6ce-e711-9436-0050568da084" Name="VA.TMP.CRM.ImportFieldValidationUpdatePostStage">
          <FriendlyName>bc4d0c5f-5884-49ed-818c-f44c27a0bd22</FriendlyName>
        </PluginType>
        <PluginType AssemblyQualifiedName="VA.TMP.CRM.McsAppointmentCloseCancelPostStage, TMPPlugins, Version=1.0.0.0, Culture=neutral, PublicKeyToken=2a5c0f48e135418c" PluginTypeId="8dabcb38-91d6-e611-9427-0050568da084" Name="VA.TMP.CRM.McsAppointmentCloseCancelPostStage">
          <FriendlyName>fa485bee-72a1-4245-bdbf-d94a69fee8b3</FriendlyName>
        </PluginType>
        <PluginType AssemblyQualifiedName="VA.TMP.CRM.McsAppointmentCreatePostStage, TMPPlugins, Version=1.0.0.0, Culture=neutral, PublicKeyToken=2a5c0f48e135418c" PluginTypeId="8eabcb38-91d6-e611-9427-0050568da084" Name="VA.TMP.CRM.McsAppointmentCreatePostStage">
          <FriendlyName>54a9ff1c-8eb1-44d6-9fd4-2b21736c4c57</FriendlyName>
        </PluginType>
        <PluginType AssemblyQualifiedName="VA.TMP.CRM.McsAppointmentDeletePreStage, TMPPlugins, Version=1.0.0.0, Culture=neutral, PublicKeyToken=2a5c0f48e135418c" PluginTypeId="8fabcb38-91d6-e611-9427-0050568da084" Name="VA.TMP.CRM.McsAppointmentDeletePreStage">
          <FriendlyName>98caa9d4-6610-4837-bb81-d8c1f1eb070d</FriendlyName>
        </PluginType>
        <PluginType AssemblyQualifiedName="VA.TMP.CRM.McsAppointmentMasterCloseCancelPostStage, TMPPlugins, Version=1.0.0.0, Culture=neutral, PublicKeyToken=2a5c0f48e135418c" PluginTypeId="90abcb38-91d6-e611-9427-0050568da084" Name="VA.TMP.CRM.McsAppointmentMasterCloseCancelPostStage">
          <FriendlyName>86c6ded6-2bd7-43f0-a5db-10ff267ebadf</FriendlyName>
        </PluginType>
        <PluginType AssemblyQualifiedName="VA.TMP.CRM.McsAppointmentMasterCreatePreStage, TMPPlugins, Version=1.0.0.0, Culture=neutral, PublicKeyToken=2a5c0f48e135418c" PluginTypeId="91abcb38-91d6-e611-9427-0050568da084" Name="VA.TMP.CRM.McsAppointmentMasterCreatePreStage">
          <FriendlyName>0afdcb31-5b80-4656-b5ae-1cc1bca394b9</FriendlyName>
        </PluginType>
        <PluginType AssemblyQualifiedName="VA.TMP.CRM.McsAppointmentMasterDeletePreStage, TMPPlugins, Version=1.0.0.0, Culture=neutral, PublicKeyToken=2a5c0f48e135418c" PluginTypeId="92abcb38-91d6-e611-9427-0050568da084" Name="VA.TMP.CRM.McsAppointmentMasterDeletePreStage">
          <FriendlyName>bc2aff30-8623-4b45-929b-f4c71960622b</FriendlyName>
        </PluginType>
        <PluginType AssemblyQualifiedName="VA.TMP.CRM.McsFacilityUpdatePostStage, TMPPlugins, Version=1.0.0.0, Culture=neutral, PublicKeyToken=2a5c0f48e135418c" PluginTypeId="93abcb38-91d6-e611-9427-0050568da084" Name="VA.TMP.CRM.McsFacilityUpdatePostStage">
          <FriendlyName>ae831c3d-3d8a-47db-bbaa-181e6dd885c2</FriendlyName>
        </PluginType>
        <PluginType AssemblyQualifiedName="VA.TMP.CRM.McsGroupResourceCreatePostStage, TMPPlugins, Version=1.0.0.0, Culture=neutral, PublicKeyToken=2a5c0f48e135418c" PluginTypeId="94abcb38-91d6-e611-9427-0050568da084" Name="VA.TMP.CRM.McsGroupResourceCreatePostStage">
          <FriendlyName>c07e871d-7c05-4422-8bcb-3b77b883c3a3</FriendlyName>
        </PluginType>
        <PluginType AssemblyQualifiedName="VA.TMP.CRM.McsGroupResourceDeletePreStage, TMPPlugins, Version=1.0.0.0, Culture=neutral, PublicKeyToken=2a5c0f48e135418c" PluginTypeId="95abcb38-91d6-e611-9427-0050568da084" Name="VA.TMP.CRM.McsGroupResourceDeletePreStage">
          <FriendlyName>f11e55cb-7717-47f5-8f06-f9b597d8899b</FriendlyName>
        </PluginType>
        <PluginType AssemblyQualifiedName="VA.TMP.CRM.McsGroupResourceUpdatePostStage, TMPPlugins, Version=1.0.0.0, Culture=neutral, PublicKeyToken=2a5c0f48e135418c" PluginTypeId="96abcb38-91d6-e611-9427-0050568da084" Name="VA.TMP.CRM.McsGroupResourceUpdatePostStage">
          <FriendlyName>a3f7ad84-46ca-4525-b39b-3bb029f05d26</FriendlyName>
        </PluginType>
        <PluginType AssemblyQualifiedName="VA.TMP.CRM.McsResourceCreatePostStage, TMPPlugins, Version=1.0.0.0, Culture=neutral, PublicKeyToken=2a5c0f48e135418c" PluginTypeId="97abcb38-91d6-e611-9427-0050568da084" Name="VA.TMP.CRM.McsResourceCreatePostStage">
          <FriendlyName>1def456c-3367-4d53-932b-6fdc4d3eab81</FriendlyName>
        </PluginType>
        <PluginType AssemblyQualifiedName="VA.TMP.CRM.McsResourceCreatePostStageAsync, TMPPlugins, Version=1.0.0.0, Culture=neutral, PublicKeyToken=2a5c0f48e135418c" PluginTypeId="5a6fa57e-1df4-e811-9445-c38fd7f6185c" Name="VA.TMP.CRM.McsResourceCreatePostStageAsync">
          <FriendlyName>1c0de08c-9960-4610-bb00-9880b9168f89</FriendlyName>
        </PluginType>
        <PluginType AssemblyQualifiedName="VA.TMP.CRM.McsResourceCreateSysRecordsPostStage, TMPPlugins, Version=1.0.0.0, Culture=neutral, PublicKeyToken=2a5c0f48e135418c" PluginTypeId="98abcb38-91d6-e611-9427-0050568da084" Name="VA.TMP.CRM.McsResourceCreateSysRecordsPostStage">
          <FriendlyName>1c6c53ac-e17b-41ee-8753-e4cff0fcb75e</FriendlyName>
        </PluginType>
        <PluginType AssemblyQualifiedName="VA.TMP.CRM.McsResourceCreateUpdatePreStage, TMPPlugins, Version=1.0.0.0, Culture=neutral, PublicKeyToken=2a5c0f48e135418c" PluginTypeId="ec18e0fe-0d1a-e711-942a-0050568da084" Name="VA.TMP.CRM.McsResourceCreateUpdatePreStage">
          <FriendlyName>918fb8c1-db11-4fa6-82e3-8f626079c2c3</FriendlyName>
        </PluginType>
        <PluginType AssemblyQualifiedName="VA.TMP.CRM.McsResourceDeletePreStage, TMPPlugins, Version=1.0.0.0, Culture=neutral, PublicKeyToken=2a5c0f48e135418c" PluginTypeId="99abcb38-91d6-e611-9427-0050568da084" Name="VA.TMP.CRM.McsResourceDeletePreStage">
          <FriendlyName>3c37f1f8-d6d0-4e15-a95e-8dfcae0d068f</FriendlyName>
        </PluginType>
        <PluginType AssemblyQualifiedName="VA.TMP.CRM.McsResourceGroupCreatePostStage, TMPPlugins, Version=1.0.0.0, Culture=neutral, PublicKeyToken=2a5c0f48e135418c" PluginTypeId="9aabcb38-91d6-e611-9427-0050568da084" Name="VA.TMP.CRM.McsResourceGroupCreatePostStage">
          <FriendlyName>79e91c04-843f-4df3-9593-ae785d6ffba0</FriendlyName>
        </PluginType>
        <PluginType AssemblyQualifiedName="VA.TMP.CRM.McsResourceGroupCreatePreStage, TMPPlugins, Version=1.0.0.0, Culture=neutral, PublicKeyToken=2a5c0f48e135418c" PluginTypeId="ed18e0fe-0d1a-e711-942a-0050568da084" Name="VA.TMP.CRM.McsResourceGroupCreatePreStage">
          <FriendlyName>8d4b6793-3cdd-493d-8577-bcbe4b172688</FriendlyName>
        </PluginType>
        <PluginType AssemblyQualifiedName="VA.TMP.CRM.McsResourceGroupDeletePreStage, TMPPlugins, Version=1.0.0.0, Culture=neutral, PublicKeyToken=2a5c0f48e135418c" PluginTypeId="9babcb38-91d6-e611-9427-0050568da084" Name="VA.TMP.CRM.McsResourceGroupDeletePreStage">
          <FriendlyName>20b689b5-2857-44bc-a9f0-3539b2a73a0e</FriendlyName>
        </PluginType>
        <PluginType AssemblyQualifiedName="VA.TMP.CRM.McsResourceGroupUpdatePostStage, TMPPlugins, Version=1.0.0.0, Culture=neutral, PublicKeyToken=2a5c0f48e135418c" PluginTypeId="9cabcb38-91d6-e611-9427-0050568da084" Name="VA.TMP.CRM.McsResourceGroupUpdatePostStage">
          <FriendlyName>91a77b61-7bcd-47eb-bee6-ff08973b8533</FriendlyName>
        </PluginType>
        <PluginType AssemblyQualifiedName="VA.TMP.CRM.McsResourceGroupUpdatePreStage, TMPPlugins, Version=1.0.0.0, Culture=neutral, PublicKeyToken=2a5c0f48e135418c" PluginTypeId="ee18e0fe-0d1a-e711-942a-0050568da084" Name="VA.TMP.CRM.McsResourceGroupUpdatePreStage">
          <FriendlyName>03c41bde-a5c3-40d2-87a8-62ba1def4e09</FriendlyName>
        </PluginType>
        <PluginType AssemblyQualifiedName="VA.TMP.CRM.McsResourceSetStatePreStage, TMPPlugins, Version=1.0.0.0, Culture=neutral, PublicKeyToken=2a5c0f48e135418c" PluginTypeId="9dabcb38-91d6-e611-9427-0050568da084" Name="VA.TMP.CRM.McsResourceSetStatePreStage">
          <FriendlyName>2795c8e0-cf61-4e0f-ac7d-f4bbb37cabcf</FriendlyName>
        </PluginType>
        <PluginType AssemblyQualifiedName="VA.TMP.CRM.McsResourceUpdatePostStage, TMPPlugins, Version=1.0.0.0, Culture=neutral, PublicKeyToken=2a5c0f48e135418c" PluginTypeId="9eabcb38-91d6-e611-9427-0050568da084" Name="VA.TMP.CRM.McsResourceUpdatePostStage">
          <FriendlyName>48679343-464f-435e-a597-8596be7b6eed</FriendlyName>
        </PluginType>
        <PluginType AssemblyQualifiedName="VA.TMP.CRM.McsResourceUpdatePostStageAsync, TMPPlugins, Version=1.0.0.0, Culture=neutral, PublicKeyToken=2a5c0f48e135418c" PluginTypeId="5b6fa57e-1df4-e811-9445-c38fd7f6185c" Name="VA.TMP.CRM.McsResourceUpdatePostStageAsync">
          <FriendlyName>090daf31-1270-48a8-afb0-84ba0f136d70</FriendlyName>
        </PluginType>
        <PluginType AssemblyQualifiedName="VA.TMP.CRM.McsServicesCreatePostStage, TMPPlugins, Version=1.0.0.0, Culture=neutral, PublicKeyToken=2a5c0f48e135418c" PluginTypeId="9fabcb38-91d6-e611-9427-0050568da084" Name="VA.TMP.CRM.McsServicesCreatePostStage">
          <FriendlyName>5c72516c-1a8c-480e-bc17-76832d2f8a85</FriendlyName>
        </PluginType>
        <PluginType AssemblyQualifiedName="VA.TMP.CRM.McsServicesDeletePreStage, TMPPlugins, Version=1.0.0.0, Culture=neutral, PublicKeyToken=2a5c0f48e135418c" PluginTypeId="a0abcb38-91d6-e611-9427-0050568da084" Name="VA.TMP.CRM.McsServicesDeletePreStage">
          <FriendlyName>a53cdcc0-9959-4700-87f3-b00bb2896fc4</FriendlyName>
        </PluginType>
        <PluginType AssemblyQualifiedName="VA.TMP.CRM.McsServiceUpdatePostStage, TMPPlugins, Version=1.0.0.0, Culture=neutral, PublicKeyToken=2a5c0f48e135418c" PluginTypeId="a1abcb38-91d6-e611-9427-0050568da084" Name="VA.TMP.CRM.McsServiceUpdatePostStage">
          <FriendlyName>482d24c9-df6c-41b1-ba9f-8304ed9ee78d</FriendlyName>
        </PluginType>
        <PluginType AssemblyQualifiedName="VA.TMP.CRM.mcsSiteCreatePostStage, TMPPlugins, Version=1.0.0.0, Culture=neutral, PublicKeyToken=2a5c0f48e135418c" PluginTypeId="a2abcb38-91d6-e611-9427-0050568da084" Name="VA.TMP.CRM.mcsSiteCreatePostStage">
          <FriendlyName>2d4ced76-462d-4355-a152-88e1e01533a8</FriendlyName>
        </PluginType>
        <PluginType AssemblyQualifiedName="VA.TMP.CRM.McsSiteDeletePreStage, TMPPlugins, Version=1.0.0.0, Culture=neutral, PublicKeyToken=2a5c0f48e135418c" PluginTypeId="6b1aa358-e012-4b7e-8a15-c1b4b4caac0f" Name="VA.TMP.CRM.McsSiteDeletePreStage">
          <FriendlyName>d8c66d62-7a10-49b8-92d4-36fa282c4cc0</FriendlyName>
        </PluginType>
        <PluginType AssemblyQualifiedName="VA.TMP.CRM.McsSiteUpdatePostStage, TMPPlugins, Version=1.0.0.0, Culture=neutral, PublicKeyToken=2a5c0f48e135418c" PluginTypeId="a4abcb38-91d6-e611-9427-0050568da084" Name="VA.TMP.CRM.McsSiteUpdatePostStage">
          <FriendlyName>a8d819e4-4f95-4b95-b046-52acc3091ba0</FriendlyName>
        </PluginType>
        <PluginType AssemblyQualifiedName="VA.TMP.CRM.McsSystemSettingsCreatePostStage, TMPPlugins, Version=1.0.0.0, Culture=neutral, PublicKeyToken=2a5c0f48e135418c" PluginTypeId="a5abcb38-91d6-e611-9427-0050568da084" Name="VA.TMP.CRM.McsSystemSettingsCreatePostStage">
          <FriendlyName>f71b542e-cfb4-49b0-adab-d43deadb701a</FriendlyName>
        </PluginType>
        <PluginType AssemblyQualifiedName="VA.TMP.CRM.ParticipatingSiteCreatePostStage, TMPPlugins, Version=1.0.0.0, Culture=neutral, PublicKeyToken=2a5c0f48e135418c" PluginTypeId="646382b5-0d23-e811-943a-0050568da084" Name="VA.TMP.CRM.ParticipatingSiteCreatePostStage">
          <FriendlyName>6490bb9d-29a7-4087-8567-cd3c479c4b83</FriendlyName>
        </PluginType>
        <PluginType AssemblyQualifiedName="VA.TMP.CRM.ParticipatingSiteCreatePreStage, TMPPlugins, Version=1.0.0.0, Culture=neutral, PublicKeyToken=2a5c0f48e135418c" PluginTypeId="656382b5-0d23-e811-943a-0050568da084" Name="VA.TMP.CRM.ParticipatingSiteCreatePreStage">
          <FriendlyName>8126caca-caf5-4722-9b9e-a21a9aa0aedd</FriendlyName>
        </PluginType>
        <PluginType AssemblyQualifiedName="VA.TMP.CRM.ParticipatingSiteUpdatePostStage, TMPPlugins, Version=1.0.0.0, Culture=neutral, PublicKeyToken=2a5c0f48e135418c" PluginTypeId="5c6fa57e-1df4-e811-9445-c38fd7f6185c" Name="VA.TMP.CRM.ParticipatingSiteUpdatePostStage">
          <FriendlyName>45743ce3-255c-4f9a-aa4d-58feac13e11e</FriendlyName>
        </PluginType>
        <PluginType AssemblyQualifiedName="VA.TMP.CRM.ParticipatingSiteUpdatePreStage, TMPPlugins, Version=1.0.0.0, Culture=neutral, PublicKeyToken=2a5c0f48e135418c" PluginTypeId="b3fc9d15-f173-e811-943e-0050568da084" Name="VA.TMP.CRM.ParticipatingSiteUpdatePreStage">
          <FriendlyName>6f5b7a05-1874-4f12-bdea-97437a982210</FriendlyName>
        </PluginType>
        <PluginType AssemblyQualifiedName="VA.TMP.CRM.PPEFeedbackCreatePostStage, TMPPlugins, Version=1.0.0.0, Culture=neutral, PublicKeyToken=2a5c0f48e135418c" PluginTypeId="ef18e0fe-0d1a-e711-942a-0050568da084" Name="VA.TMP.CRM.PPEFeedbackCreatePostStage">
          <FriendlyName>b3a1aec7-241d-4da2-b14f-e9cab9dac3a1</FriendlyName>
        </PluginType>
        <PluginType AssemblyQualifiedName="VA.TMP.CRM.PPEFeedbackUpdatePostStage, TMPPlugins, Version=1.0.0.0, Culture=neutral, PublicKeyToken=2a5c0f48e135418c" PluginTypeId="f018e0fe-0d1a-e711-942a-0050568da084" Name="VA.TMP.CRM.PPEFeedbackUpdatePostStage">
          <FriendlyName>9a3f9494-fc51-4d5f-99de-ddce2f00ed8d</FriendlyName>
        </PluginType>
        <PluginType AssemblyQualifiedName="VA.TMP.CRM.PPEReviewCreatePostStage, TMPPlugins, Version=1.0.0.0, Culture=neutral, PublicKeyToken=2a5c0f48e135418c" PluginTypeId="f118e0fe-0d1a-e711-942a-0050568da084" Name="VA.TMP.CRM.PPEReviewCreatePostStage">
          <FriendlyName>d63401e4-2023-4336-ad9c-9b21685a9bca</FriendlyName>
        </PluginType>
        <PluginType AssemblyQualifiedName="VA.TMP.CRM.PPEReviewCreatePreStage, TMPPlugins, Version=1.0.0.0, Culture=neutral, PublicKeyToken=2a5c0f48e135418c" PluginTypeId="f218e0fe-0d1a-e711-942a-0050568da084" Name="VA.TMP.CRM.PPEReviewCreatePreStage">
          <FriendlyName>e6ea99d7-7a34-43a5-b464-d454a1cfaa61</FriendlyName>
        </PluginType>
        <PluginType AssemblyQualifiedName="VA.TMP.CRM.ResourcePackageCreatePreStage, TMPPlugins, Version=1.0.0.0, Culture=neutral, PublicKeyToken=2a5c0f48e135418c" PluginTypeId="666382b5-0d23-e811-943a-0050568da084" Name="VA.TMP.CRM.ResourcePackageCreatePreStage">
          <FriendlyName>b56e5357-e1d2-4371-b8ba-1fcb85e25622</FriendlyName>
        </PluginType>
        <PluginType AssemblyQualifiedName="VA.TMP.CRM.SchedulingPackage.ResourcePackageCreatePostStage, TMPPlugins, Version=1.0.0.0, Culture=neutral, PublicKeyToken=2a5c0f48e135418c" PluginTypeId="b391120f-bcda-490b-8476-b7e7094c2e3f" Name="VA.TMP.CRM.SchedulingPackage.ResourcePackageCreatePostStage">
          <FriendlyName>5c56cf4c-7e39-4549-b7ef-bbf7e6b73df0</FriendlyName>
        </PluginType>
        <PluginType AssemblyQualifiedName="VA.TMP.CRM.SchedulingResourceCreatePreStage, TMPPlugins, Version=1.0.0.0, Culture=neutral, PublicKeyToken=2a5c0f48e135418c" PluginTypeId="676382b5-0d23-e811-943a-0050568da084" Name="VA.TMP.CRM.SchedulingResourceCreatePreStage">
          <FriendlyName>6d25bb2e-4050-4e5c-ba60-39202484ef93</FriendlyName>
        </PluginType>
        <PluginType AssemblyQualifiedName="VA.TMP.CRM.SchedulingResourceDeletePreStage, TMPPlugins, Version=1.0.0.0, Culture=neutral, PublicKeyToken=2a5c0f48e135418c" PluginTypeId="5d6fa57e-1df4-e811-9445-c38fd7f6185c" Name="VA.TMP.CRM.SchedulingResourceDeletePreStage">
          <FriendlyName>ab2bc608-fbba-43dc-b463-215fd8ca55e3</FriendlyName>
        </PluginType>
        <PluginType AssemblyQualifiedName="VA.TMP.CRM.ServiceActivity.ServiceAppointmentUpdatePostStage, TMPPlugins, Version=1.0.0.0, Culture=neutral, PublicKeyToken=2a5c0f48e135418c" PluginTypeId="8b2dce7c-038c-e711-9431-0050568da084" Name="VA.TMP.CRM.ServiceActivity.ServiceAppointmentUpdatePostStage">
          <FriendlyName>55f419f1-a1b9-4128-8cf5-fc182ce785e1</FriendlyName>
        </PluginType>
        <PluginType AssemblyQualifiedName="VA.TMP.CRM.ServiceAppointmentCreatePostStage, TMPPlugins, Version=1.0.0.0, Culture=neutral, PublicKeyToken=2a5c0f48e135418c" PluginTypeId="a6abcb38-91d6-e611-9427-0050568da084" Name="VA.TMP.CRM.ServiceAppointmentCreatePostStage">
          <FriendlyName>3bec8a48-22c7-4cdf-8448-419ecb5de3c6</FriendlyName>
        </PluginType>
        <PluginType AssemblyQualifiedName="VA.TMP.CRM.ServiceAppointmentSetStatePostStage, TMPPlugins, Version=1.0.0.0, Culture=neutral, PublicKeyToken=2a5c0f48e135418c" PluginTypeId="db7ac73e-91d6-e611-9427-0050568da084" Name="VA.TMP.CRM.ServiceAppointmentSetStatePostStage">
          <FriendlyName>4d92d750-048b-4d55-b6fe-72d775d5655d</FriendlyName>
        </PluginType>
        <PluginType AssemblyQualifiedName="VA.TMP.CRM.SystemSettingsUpdatePostStage, TMPPlugins, Version=1.0.0.0, Culture=neutral, PublicKeyToken=2a5c0f48e135418c" PluginTypeId="dc7ac73e-91d6-e611-9427-0050568da084" Name="VA.TMP.CRM.SystemSettingsUpdatePostStage">
          <FriendlyName>bdcfaafb-55e4-4942-a57f-5694c377b12b</FriendlyName>
        </PluginType>
        <PluginType AssemblyQualifiedName="VA.TMP.CRM.TeamCreatePostStage, TMPPlugins, Version=1.0.0.0, Culture=neutral, PublicKeyToken=2a5c0f48e135418c" PluginTypeId="dd7ac73e-91d6-e611-9427-0050568da084" Name="VA.TMP.CRM.TeamCreatePostStage">
          <FriendlyName>b0a2fd7a-142f-4343-bbfd-eb8353503391</FriendlyName>
        </PluginType>
        <PluginType AssemblyQualifiedName="VA.TMP.CRM.TeamCreatePreStage, TMPPlugins, Version=1.0.0.0, Culture=neutral, PublicKeyToken=2a5c0f48e135418c" PluginTypeId="de7ac73e-91d6-e611-9427-0050568da084" Name="VA.TMP.CRM.TeamCreatePreStage">
          <FriendlyName>33db481f-48c5-46dd-b074-b7c08132f08c</FriendlyName>
        </PluginType>
        <PluginType AssemblyQualifiedName="VA.TMP.CRM.UserCreatePostStage, TMPPlugins, Version=1.0.0.0, Culture=neutral, PublicKeyToken=2a5c0f48e135418c" PluginTypeId="df7ac73e-91d6-e611-9427-0050568da084" Name="VA.TMP.CRM.UserCreatePostStage">
          <FriendlyName>bee6f6ca-9abe-4a3b-b08d-bb252f2e8b5c</FriendlyName>
        </PluginType>
        <PluginType AssemblyQualifiedName="VA.TMP.CRM.UserUpdatePostStage, TMPPlugins, Version=1.0.0.0, Culture=neutral, PublicKeyToken=2a5c0f48e135418c" PluginTypeId="e07ac73e-91d6-e611-9427-0050568da084" Name="VA.TMP.CRM.UserUpdatePostStage">
          <FriendlyName>94a6323d-30c8-4e02-b27d-d03eb5b4fcad</FriendlyName>
        </PluginType>
      </PluginTypes>
    </PluginAssembly>
  </SolutionPluginAssemblies>
  <EntityDataProviders />
  <Languages>
    <Language>1033</Language>
  </Languages>
</ImportExportXml>