<ImportExportXml version="9.2.23111.252" SolutionPackageVersion="9.2" languagecode="1033" generatedBy="CrmLive" xmlns:xsi="http://www.w3.org/2001/XMLSchema-instance">
  <SolutionManifest>
    <UniqueName>TMP2625</UniqueName>
    <LocalizedNames>
      <LocalizedName description="TMP-2625" languagecode="1033" />
    </LocalizedNames>
    <Descriptions />
    <Version>1.0.0.1</Version>
    <Managed>0</Managed>
    <Publisher>
      <UniqueName>tmpdefaultpublisher</UniqueName>
      <LocalizedNames>
        <LocalizedName description="TMP Default Publisher" languagecode="1033" />
      </LocalizedNames>
      <Descriptions />
      <EMailAddress xsi:nil="true"></EMailAddress>
      <SupportingWebsiteUrl xsi:nil="true"></SupportingWebsiteUrl>
      <CustomizationPrefix>tmp</CustomizationPrefix>
      <CustomizationOptionValuePrefix>17897</CustomizationOptionValuePrefix>
      <Addresses>
        <Address>
          <AddressNumber>1</AddressNumber>
          <AddressTypeCode>1</AddressTypeCode>
          <City xsi:nil="true"></City>
          <County xsi:nil="true"></County>
          <Country xsi:nil="true"></Country>
          <Fax xsi:nil="true"></Fax>
          <FreightTermsCode xsi:nil="true"></FreightTermsCode>
          <ImportSequenceNumber xsi:nil="true"></ImportSequenceNumber>
          <Latitude xsi:nil="true"></Latitude>
          <Line1 xsi:nil="true"></Line1>
          <Line2 xsi:nil="true"></Line2>
          <Line3 xsi:nil="true"></Line3>
          <Longitude xsi:nil="true"></Longitude>
          <Name xsi:nil="true"></Name>
          <PostalCode xsi:nil="true"></PostalCode>
          <PostOfficeBox xsi:nil="true"></PostOfficeBox>
          <PrimaryContactName xsi:nil="true"></PrimaryContactName>
          <ShippingMethodCode>1</ShippingMethodCode>
          <StateOrProvince xsi:nil="true"></StateOrProvince>
          <Telephone1 xsi:nil="true"></Telephone1>
          <Telephone2 xsi:nil="true"></Telephone2>
          <Telephone3 xsi:nil="true"></Telephone3>
          <TimeZoneRuleVersionNumber xsi:nil="true"></TimeZoneRuleVersionNumber>
          <UPSZone xsi:nil="true"></UPSZone>
          <UTCOffset xsi:nil="true"></UTCOffset>
          <UTCConversionTimeZoneCode xsi:nil="true"></UTCConversionTimeZoneCode>
        </Address>
        <Address>
          <AddressNumber>2</AddressNumber>
          <AddressTypeCode>1</AddressTypeCode>
          <City xsi:nil="true"></City>
          <County xsi:nil="true"></County>
          <Country xsi:nil="true"></Country>
          <Fax xsi:nil="true"></Fax>
          <FreightTermsCode xsi:nil="true"></FreightTermsCode>
          <ImportSequenceNumber xsi:nil="true"></ImportSequenceNumber>
          <Latitude xsi:nil="true"></Latitude>
          <Line1 xsi:nil="true"></Line1>
          <Line2 xsi:nil="true"></Line2>
          <Line3 xsi:nil="true"></Line3>
          <Longitude xsi:nil="true"></Longitude>
          <Name xsi:nil="true"></Name>
          <PostalCode xsi:nil="true"></PostalCode>
          <PostOfficeBox xsi:nil="true"></PostOfficeBox>
          <PrimaryContactName xsi:nil="true"></PrimaryContactName>
          <ShippingMethodCode>1</ShippingMethodCode>
          <StateOrProvince xsi:nil="true"></StateOrProvince>
          <Telephone1 xsi:nil="true"></Telephone1>
          <Telephone2 xsi:nil="true"></Telephone2>
          <Telephone3 xsi:nil="true"></Telephone3>
          <TimeZoneRuleVersionNumber xsi:nil="true"></TimeZoneRuleVersionNumber>
          <UPSZone xsi:nil="true"></UPSZone>
          <UTCOffset xsi:nil="true"></UTCOffset>
          <UTCConversionTimeZoneCode xsi:nil="true"></UTCConversionTimeZoneCode>
        </Address>
      </Addresses>
    </Publisher>
    <RootComponents>
      <RootComponent type="29" id="{8724a3bb-81b4-ee11-a569-001dd80bf6f4}" behavior="0" />
      <RootComponent type="29" id="{9130682a-82b4-ee11-a569-001dd8065be9}" behavior="0" />
      <RootComponent type="29" id="{eb4671f2-45b5-ee11-a569-001dd80bf6f4}" behavior="0" />
      <RootComponent type="29" id="{f639f6ae-11b6-ee11-a569-001dd80655bd}" behavior="0" />
      <RootComponent type="91" id="{0d237278-589e-4c9f-a279-ca4e878b4d97}" schemaName="TMPPlugins, Version=1.0.0.0, Culture=neutral, PublicKeyToken=2a5c0f48e135418c" behavior="0" />
    </RootComponents>
    <MissingDependencies>
      <MissingDependency>
        <Required type="1" schemaName="serviceappointment" displayName="Appointment" solution="msdynce_Service (9.0.5.56)">
          <package>msdynce_ServiceAnchor (9.0.23112.1011)</package>
        </Required>
        <Dependent type="29" displayName="VHATMPSchedulingA" id="{8724a3bb-81b4-ee11-a569-001dd80bf6f4}" />
      </MissingDependency>
      <MissingDependency>
        <Required type="1" schemaName="serviceappointment" displayName="Appointment" solution="msdynce_Service (9.0.5.56)">
          <package>msdynce_ServiceAnchor (9.0.23112.1011)</package>
        </Required>
        <Dependent type="29" displayName="VHATMPSchedulingB" id="{9130682a-82b4-ee11-a569-001dd8065be9}" />
      </MissingDependency>
      <MissingDependency>
        <Required type="1" schemaName="serviceappointment" displayName="Appointment" solution="msdynce_Service (9.0.5.56)">
          <package>msdynce_ServiceAnchor (9.0.23112.1011)</package>
        </Required>
        <Dependent type="29" displayName="VHATMPSchedulingC" id="{eb4671f2-45b5-ee11-a569-001dd80bf6f4}" />
      </MissingDependency>
      <MissingDependency>
        <Required type="1" schemaName="serviceappointment" displayName="Appointment" solution="msdynce_Service (9.0.5.56)">
          <package>msdynce_ServiceAnchor (9.0.23112.1011)</package>
        </Required>
        <Dependent type="29" displayName="VHATMPSchedulingD" id="{f639f6ae-11b6-ee11-a569-001dd80655bd}" />
      </MissingDependency>
      <MissingDependency>
        <Required type="2" schemaName="activityid" displayName="Service Activity" parentSchemaName="serviceappointment" parentDisplayName="Appointment" solution="msdynce_Service (9.0.5.56)">
          <package>msdynce_ServiceAnchor (9.0.23112.1011)</package>
        </Required>
        <Dependent type="29" displayName="VHATMPSchedulingA" id="{8724a3bb-81b4-ee11-a569-001dd80bf6f4}" />
      </MissingDependency>
      <MissingDependency>
        <Required type="2" schemaName="activityid" displayName="Service Activity" parentSchemaName="serviceappointment" parentDisplayName="Appointment" solution="msdynce_Service (9.0.5.56)">
          <package>msdynce_ServiceAnchor (9.0.23112.1011)</package>
        </Required>
        <Dependent type="29" displayName="VHATMPSchedulingB" id="{9130682a-82b4-ee11-a569-001dd8065be9}" />
      </MissingDependency>
      <MissingDependency>
        <Required type="2" schemaName="activityid" displayName="Service Activity" parentSchemaName="serviceappointment" parentDisplayName="Appointment" solution="msdynce_Service (9.0.5.56)">
          <package>msdynce_ServiceAnchor (9.0.23112.1011)</package>
        </Required>
        <Dependent type="29" displayName="VHATMPSchedulingC" id="{eb4671f2-45b5-ee11-a569-001dd80bf6f4}" />
      </MissingDependency>
      <MissingDependency>
        <Required type="2" schemaName="activityid" displayName="Service Activity" parentSchemaName="serviceappointment" parentDisplayName="Appointment" solution="msdynce_Service (9.0.5.56)">
          <package>msdynce_ServiceAnchor (9.0.23112.1011)</package>
        </Required>
        <Dependent type="29" displayName="VHATMPSchedulingD" id="{f639f6ae-11b6-ee11-a569-001dd80655bd}" />
      </MissingDependency>
      <MissingDependency>
        <Required type="2" schemaName="subject" displayName="Subject" parentSchemaName="serviceappointment" parentDisplayName="Appointment" solution="msdynce_Service (9.0.5.56)">
          <package>msdynce_ServiceAnchor (9.0.23112.1011)</package>
        </Required>
        <Dependent type="29" displayName="VHATMPSchedulingA" id="{8724a3bb-81b4-ee11-a569-001dd80bf6f4}" />
      </MissingDependency>
      <MissingDependency>
        <Required type="2" schemaName="subject" displayName="Subject" parentSchemaName="serviceappointment" parentDisplayName="Appointment" solution="msdynce_Service (9.0.5.56)">
          <package>msdynce_ServiceAnchor (9.0.23112.1011)</package>
        </Required>
        <Dependent type="29" displayName="VHATMPSchedulingB" id="{9130682a-82b4-ee11-a569-001dd8065be9}" />
      </MissingDependency>
      <MissingDependency>
        <Required type="2" schemaName="subject" displayName="Subject" parentSchemaName="serviceappointment" parentDisplayName="Appointment" solution="msdynce_Service (9.0.5.56)">
          <package>msdynce_ServiceAnchor (9.0.23112.1011)</package>
        </Required>
        <Dependent type="29" displayName="VHATMPSchedulingC" id="{eb4671f2-45b5-ee11-a569-001dd80bf6f4}" />
      </MissingDependency>
      <MissingDependency>
        <Required type="2" schemaName="subject" displayName="Subject" parentSchemaName="serviceappointment" parentDisplayName="Appointment" solution="msdynce_Service (9.0.5.56)">
          <package>msdynce_ServiceAnchor (9.0.23112.1011)</package>
        </Required>
        <Dependent type="29" displayName="VHATMPSchedulingD" id="{f639f6ae-11b6-ee11-a569-001dd80655bd}" />
      </MissingDependency>
    </MissingDependencies>
  </SolutionManifest>
</ImportExportXml>