<ImportExportXml xmlns:xsi="http://www.w3.org/2001/XMLSchema-instance">
  <Entities>
    <Entity>
      <Name LocalizedName="Integration Result" OriginalName="Integration Result">mcs_integrationresult</Name>
      <EntityInfo>
        <entity Name="mcs_integrationresult">
          <attributes>
            <attribute PhysicalName="mcs_status">
              <Type>picklist</Type>
              <Name>mcs_status</Name>
              <LogicalName>mcs_status</LogicalName>
              <RequiredLevel>none</RequiredLevel>
              <DisplayMask>ValidForAdvancedFind|ValidForForm|ValidForGrid</DisplayMask>
              <ImeMode>auto</ImeMode>
              <ValidForUpdateApi>1</ValidForUpdateApi>
              <ValidForReadApi>1</ValidForReadApi>
              <ValidForCreateApi>1</ValidForCreateApi>
              <IsCustomField>1</IsCustomField>
              <IsAuditEnabled>1</IsAuditEnabled>
              <IsSecured>0</IsSecured>
              <IntroducedVersion>2016.5.4.1</IntroducedVersion>
              <SourceType>0</SourceType>
              <IsGlobalFilterEnabled>0</IsGlobalFilterEnabled>
              <IsSortableEnabled>0</IsSortableEnabled>
              <IsDataSourceSecret>0</IsDataSourceSecret>
              <AutoNumberFormat></AutoNumberFormat>
              <IsSearchable>0</IsSearchable>
              <IsFilterable>0</IsFilterable>
              <IsRetrievable>0</IsRetrievable>
              <IsLocalizable>0</IsLocalizable>
              <AppDefaultValue>-1</AppDefaultValue>
              <optionset Name="mcs_integrationresult_mcs_status">
                <OptionSetType>picklist</OptionSetType>
                <IntroducedVersion>2016.8.1.3</IntroducedVersion>
                <displaynames>
                  <displayname description="Integration Result Status" languagecode="1033" />
                </displaynames>
                <Descriptions>
                  <Description description="" languagecode="1033" />
                </Descriptions>
                <options>
                  <option value="803750002">
                    <labels>
                      <label description="Complete" languagecode="1033" />
                    </labels>
                  </option>
                  <option value="803750003">
                    <labels>
                      <label description="Error" languagecode="1033" />
                    </labels>
                  </option>
                  <option value="100000000">
                    <labels>
                      <label description="Error: Retry Success" languagecode="1033" />
                    </labels>
                  </option>
                  <option value="100000001">
                    <labels>
                      <label description="Waiting for Response" languagecode="1033" />
                    </labels>
                  </option>
                  <option value="803750001">
                    <labels>
                      <label description="Investigation Required" languagecode="1033" />
                    </labels>
                  </option>
                </options>
              </optionset>
              <displaynames>
                <displayname description="Status" languagecode="1033" />
              </displaynames>
              <Descriptions>
                <Description description="" languagecode="1033" />
              </Descriptions>
            </attribute>
          </attributes>
        </entity>
      </EntityInfo>
      <RibbonDiffXml>
        <CustomActions />
        <Templates>
          <RibbonTemplates Id="Mscrm.Templates"></RibbonTemplates>
        </Templates>
        <CommandDefinitions>
          <CommandDefinition Id="cvt.SubGrid.mcs_integrationresult.MainTab.Management.RetryIntegration.Command">
            <EnableRules>
              <EnableRule Id="cvt.SubGrid.mcs_integrationresult.MainTab.Management.RetryIntegration.Command.EnableRule.SelectionCountRule" />
            </EnableRules>
            <DisplayRules />
            <Actions>
              <JavaScriptFunction FunctionName="Mscrm.GridRibbonActions.launchOnDemandWorkflow" Library="/_static/_common/scripts/RibbonActions.js">
                <CrmParameter Value="SelectedControl" />
                <CrmParameter Value="SelectedControlSelectedItemReferences" />
                <CrmParameter Value="SelectedEntityTypeCode" />
                <StringParameter Value="8B0FE7B2-5F98-4C52-B470-3DC4708FCDE5" />
              </JavaScriptFunction>
            </Actions>
          </CommandDefinition>
        </CommandDefinitions>
        <RuleDefinitions>
          <TabDisplayRules />
          <DisplayRules />
          <EnableRules>
            <EnableRule Id="cvt.SubGrid.mcs_integrationresult.MainTab.Management.RetryIntegration.Command.EnableRule.SelectionCountRule">
              <SelectionCountRule Minimum="1" />
            </EnableRule>
          </EnableRules>
        </RuleDefinitions>
        <LocLabels />
      </RibbonDiffXml>
    </Entity>
    <Entity>
      <Name LocalizedName="TMP Site" OriginalName="VA Site">mcs_site</Name>
      <RibbonDiffXml>
        <CustomActions />
        <Templates>
          <RibbonTemplates Id="Mscrm.Templates"></RibbonTemplates>
        </Templates>
        <CommandDefinitions />
        <RuleDefinitions>
          <TabDisplayRules />
          <DisplayRules />
          <EnableRules />
        </RuleDefinitions>
        <LocLabels />
      </RibbonDiffXml>
    </Entity>
    <Entity>
      <Name LocalizedName="Resource: User" OriginalName="User">SystemUser</Name>
      <RibbonDiffXml>
        <CustomActions>
          <CustomAction Id="cr6f3.cvt.Form.systemuser.MainTab.Workflow.removeconnections.CustomAction" Location="Mscrm.Form.systemuser.MainTab.Workflow.Controls._children" Sequence="45">
            <CommandUIDefinition>
              <Button Command="cvt.Form.systemuser.MainTab.Workflow.removeconnections.Command" Id="cvt.Form.systemuser.MainTab.Workflow.removeconnections" Image32by32="/_imgs/ribbon/runworkflow32.png" Image16by16="/_imgs/ribbon/StartWorkflow_16.png" LabelText="$LocLabels:cvt.Form.systemuser.MainTab.Workflow.removeconnections.LabelText" Sequence="45" TemplateAlias="isv" ToolTipTitle="$LocLabels:cvt.Form.systemuser.MainTab.Workflow.removeconnections.ToolTipTitle" ToolTipDescription="$LocLabels:cvt.Form.systemuser.MainTab.Workflow.removeconnections.ToolTipDescription" />
            </CommandUIDefinition>
          </CustomAction>
          <CustomAction Id="cr6f3.cvt.Form.systemuser.MainTab.Workflow.replaceuser.CustomAction" Location="Mscrm.Form.systemuser.MainTab.Workflow.Controls._children" Sequence="55">
            <CommandUIDefinition>
              <Button Command="cvt.Form.systemuser.MainTab.Workflow.replaceuser.Command" Id="cvt.Form.systemuser.MainTab.Workflow.replaceuser" Image32by32="/_imgs/ribbon/runworkflow32.png" Image16by16="/_imgs/ribbon/StartWorkflow_16.png" LabelText="$LocLabels:cvt.Form.systemuser.MainTab.Workflow.replaceuser.LabelText" Sequence="55" TemplateAlias="isv" ToolTipTitle="$LocLabels:cvt.Form.systemuser.MainTab.Workflow.replaceuser.ToolTipTitle" ToolTipDescription="$LocLabels:cvt.Form.systemuser.MainTab.Workflow.replaceuser.ToolTipDescription" />
            </CommandUIDefinition>
          </CustomAction>
          <CustomAction Id="cr6f3.systemuser.Button2.Button.Mscrm.Form.systemuser.ChangeBusinessUnit.CustomAction" Location="Mscrm.Form.systemuser.MainTab.Save.Controls._children" Sequence="0">
            <CommandUIDefinition>
              <Button Alt="$Resources:Ribbon.Form.systemuser.MainTab.Actions.ChangeBusinessUnit" Command="Mscrm.Form.systemuser.ChangeBusinessUnit" Id="cr6f3.systemuser.Button2.Button.Mscrm.Form.systemuser.ChangeBusinessUnit" Image32by32="/_imgs/ribbon/ChangeBusinessUnit_32.png" Image16by16="/_imgs/ribbon/ChangeBusinessUnit_16.png" LabelText="$Resources:Ribbon.Form.systemuser.MainTab.Actions.ChangeBusinessUnit" Sequence="0" TemplateAlias="o2" ToolTipTitle="$Resources:Ribbon.Form.systemuser.MainTab.Actions.ChangeBusinessUnit" ToolTipDescription="$Resources:Ribbon.Form.systemuser.MainTab.Actions.ChangeBusinessUnit" />
            </CommandUIDefinition>
          </CustomAction>
          <CustomAction Id="cr6f3.tmp.systemuser.Legacy.Button.CustomAction" Location="Mscrm.Form.systemuser.MainTab.Save.Controls._children" Sequence="10">
            <CommandUIDefinition>
              <Button Alt="$LocLabels:tmp.systemuser.Legacy.Button.Alt" Command="tmp.systemuser.Legacy.Command" Id="tmp.systemuser.Legacy.Button" LabelText="$LocLabels:tmp.systemuser.Legacy.Button.LabelText" Sequence="10" TemplateAlias="o1" ToolTipTitle="$LocLabels:tmp.systemuser.Legacy.Button.ToolTipTitle" ToolTipDescription="$LocLabels:tmp.systemuser.Legacy.Button.ToolTipDescription" />
            </CommandUIDefinition>
          </CustomAction>
        </CustomActions>
        <Templates>
          <RibbonTemplates Id="Mscrm.Templates"></RibbonTemplates>
        </Templates>
        <CommandDefinitions>
          <CommandDefinition Id="cvt.Form.systemuser.MainTab.Workflow.removeconnections.Command">
            <EnableRules>
              <EnableRule Id="cvt.Form.systemuser.MainTab.Workflow.removeconnections.Command.EnableRule.FormStateRule" />
            </EnableRules>
            <DisplayRules>
              <DisplayRule Id="cvt.Form.systemuser.MainTab.Workflow.removeconnections.Command.DisplayRule.EntityPrivilegeRule" />
            </DisplayRules>
            <Actions>
              <JavaScriptFunction FunctionName="MCS.User_RibbonFunctions.DeleteResourceConnections" Library="$webresource:mcs_User.RibbonFunctions.js" />
            </Actions>
          </CommandDefinition>
          <CommandDefinition Id="cvt.Form.systemuser.MainTab.Workflow.replaceuser.Command">
            <EnableRules>
              <EnableRule Id="cvt.Form.systemuser.MainTab.Workflow.replaceuser.Command.EnableRule.FormStateRule" />
            </EnableRules>
            <DisplayRules>
              <DisplayRule Id="cvt.Form.systemuser.MainTab.Workflow.replaceuser.Command.DisplayRule.EntityPrivilegeRule" />
            </DisplayRules>
            <Actions>
              <JavaScriptFunction FunctionName="MCS.User_RibbonFunctions.ReplaceResource" Library="$webresource:mcs_User.RibbonFunctions.js" />
            </Actions>
          </CommandDefinition>
          <CommandDefinition Id="tmp.systemuser.Legacy.Command">
            <EnableRules />
            <DisplayRules />
            <Actions>
              <JavaScriptFunction FunctionName="MCS.User_RibbonFunctions.openLegacy" Library="$webresource:mcs_User.RibbonFunctions.js">
                <CrmParameter Value="PrimaryControl" />
              </JavaScriptFunction>
            </Actions>
          </CommandDefinition>
        </CommandDefinitions>
        <RuleDefinitions>
          <TabDisplayRules />
          <DisplayRules>
            <DisplayRule Id="cvt.Form.systemuser.MainTab.Workflow.removeconnections.Command.DisplayRule.EntityPrivilegeRule">
              <EntityPrivilegeRule PrivilegeType="Create" PrivilegeDepth="Deep" AppliesTo="SelectedEntity" EntityName="mcs_services" Default="false" InvertResult="false" />
            </DisplayRule>
            <DisplayRule Id="cvt.Form.systemuser.MainTab.Workflow.replaceuser.Command.DisplayRule.EntityPrivilegeRule">
              <EntityPrivilegeRule PrivilegeType="Create" PrivilegeDepth="Deep" AppliesTo="SelectedEntity" EntityName="mcs_services" Default="false" InvertResult="false" />
            </DisplayRule>
          </DisplayRules>
          <EnableRules>
            <EnableRule Id="cvt.Form.systemuser.MainTab.Workflow.removeconnections.Command.EnableRule.FormStateRule">
              <FormStateRule State="Existing" Default="false" InvertResult="false" />
            </EnableRule>
            <EnableRule Id="cvt.Form.systemuser.MainTab.Workflow.replaceuser.Command.EnableRule.FormStateRule">
              <FormStateRule State="Existing" Default="false" InvertResult="false" />
            </EnableRule>
          </EnableRules>
        </RuleDefinitions>
        <LocLabels>
          <LocLabel Id="cvt.Form.systemuser.MainTab.Workflow.removeconnections.LabelText">
            <Titles>
              <Title description="Remove Connections" languagecode="1033" />
            </Titles>
          </LocLabel>
          <LocLabel Id="cvt.Form.systemuser.MainTab.Workflow.removeconnections.ToolTipDescription">
            <Titles>
              <Title description="Remove this TSS User's connections to TSA's, MTSA's, and Resource Groups. " languagecode="1033" />
            </Titles>
          </LocLabel>
          <LocLabel Id="cvt.Form.systemuser.MainTab.Workflow.removeconnections.ToolTipTitle">
            <Titles>
              <Title description="Remove Connections" languagecode="1033" />
            </Titles>
          </LocLabel>
          <LocLabel Id="cvt.Form.systemuser.MainTab.Workflow.replaceuser.LabelText">
            <Titles>
              <Title description="Replace User" languagecode="1033" />
            </Titles>
          </LocLabel>
          <LocLabel Id="cvt.Form.systemuser.MainTab.Workflow.replaceuser.ToolTipDescription">
            <Titles>
              <Title description="Replace this TSS user on all TSA's, MTSA's, and Resource Groups. " languagecode="1033" />
            </Titles>
          </LocLabel>
          <LocLabel Id="cvt.Form.systemuser.MainTab.Workflow.replaceuser.ToolTipTitle">
            <Titles>
              <Title description="Replace User" languagecode="1033" />
            </Titles>
          </LocLabel>
          <LocLabel Id="tmp.systemuser.Legacy.Button.Alt">
            <Titles>
              <Title description="Open in Legacy" languagecode="1033" />
            </Titles>
          </LocLabel>
          <LocLabel Id="tmp.systemuser.Legacy.Button.LabelText">
            <Titles>
              <Title description="Open in Legacy" languagecode="1033" />
            </Titles>
          </LocLabel>
          <LocLabel Id="tmp.systemuser.Legacy.Button.ToolTipDescription">
            <Titles>
              <Title description="Open in Legacy" languagecode="1033" />
            </Titles>
          </LocLabel>
          <LocLabel Id="tmp.systemuser.Legacy.Button.ToolTipTitle">
            <Titles>
              <Title description="Open in Legacy" languagecode="1033" />
            </Titles>
          </LocLabel>
        </LocLabels>
      </RibbonDiffXml>
    </Entity>
  </Entities>
  <Roles></Roles>
  <Workflows></Workflows>
  <FieldSecurityProfiles></FieldSecurityProfiles>
  <Templates />
  <EntityMaps />
  <EntityRelationships />
  <OrganizationSettings />
  <optionsets />
  <CustomControls />
  <EntityDataProviders />
  <Languages>
    <Language>1033</Language>
  </Languages>
</ImportExportXml>