<ImportExportXml version="9.2.22092.192" SolutionPackageVersion="9.2" languagecode="1033" generatedBy="CrmLive" xmlns:xsi="http://www.w3.org/2001/XMLSchema-instance">
  <SolutionManifest>
    <UniqueName>CernerReactivation</UniqueName>
    <LocalizedNames>
      <LocalizedName description="CernerReactivation" languagecode="1033" />
    </LocalizedNames>
    <Descriptions />
    <Version>2022.10.14.2</Version>
    <Managed>0</Managed>
    <Publisher>
      <UniqueName>mcs</UniqueName>
      <LocalizedNames>
        <LocalizedName description="MCS" languagecode="1033" />
      </LocalizedNames>
      <Descriptions />
      <EMailAddress xsi:nil="true"></EMailAddress>
      <SupportingWebsiteUrl xsi:nil="true"></SupportingWebsiteUrl>
      <CustomizationPrefix>mcs</CustomizationPrefix>
      <CustomizationOptionValuePrefix>80375</CustomizationOptionValuePrefix>
      <Addresses>
        <Address>
          <AddressNumber>1</AddressNumber>
          <AddressTypeCode>1</AddressTypeCode>
          <City xsi:nil="true"></City>
          <County xsi:nil="true"></County>
          <Country xsi:nil="true"></Country>
          <Fax xsi:nil="true"></Fax>
          <FreightTermsCode xsi:nil="true"></FreightTermsCode>
          <ImportSequenceNumber xsi:nil="true"></ImportSequenceNumber>
          <Latitude xsi:nil="true"></Latitude>
          <Line1 xsi:nil="true"></Line1>
          <Line2 xsi:nil="true"></Line2>
          <Line3 xsi:nil="true"></Line3>
          <Longitude xsi:nil="true"></Longitude>
          <Name xsi:nil="true"></Name>
          <PostalCode xsi:nil="true"></PostalCode>
          <PostOfficeBox xsi:nil="true"></PostOfficeBox>
          <PrimaryContactName xsi:nil="true"></PrimaryContactName>
          <ShippingMethodCode>1</ShippingMethodCode>
          <StateOrProvince xsi:nil="true"></StateOrProvince>
          <Telephone1 xsi:nil="true"></Telephone1>
          <Telephone2 xsi:nil="true"></Telephone2>
          <Telephone3 xsi:nil="true"></Telephone3>
          <TimeZoneRuleVersionNumber xsi:nil="true"></TimeZoneRuleVersionNumber>
          <UPSZone xsi:nil="true"></UPSZone>
          <UTCOffset xsi:nil="true"></UTCOffset>
          <UTCConversionTimeZoneCode xsi:nil="true"></UTCConversionTimeZoneCode>
        </Address>
        <Address>
          <AddressNumber>2</AddressNumber>
          <AddressTypeCode>1</AddressTypeCode>
          <City xsi:nil="true"></City>
          <County xsi:nil="true"></County>
          <Country xsi:nil="true"></Country>
          <Fax xsi:nil="true"></Fax>
          <FreightTermsCode xsi:nil="true"></FreightTermsCode>
          <ImportSequenceNumber xsi:nil="true"></ImportSequenceNumber>
          <Latitude xsi:nil="true"></Latitude>
          <Line1 xsi:nil="true"></Line1>
          <Line2 xsi:nil="true"></Line2>
          <Line3 xsi:nil="true"></Line3>
          <Longitude xsi:nil="true"></Longitude>
          <Name xsi:nil="true"></Name>
          <PostalCode xsi:nil="true"></PostalCode>
          <PostOfficeBox xsi:nil="true"></PostOfficeBox>
          <PrimaryContactName xsi:nil="true"></PrimaryContactName>
          <ShippingMethodCode>1</ShippingMethodCode>
          <StateOrProvince xsi:nil="true"></StateOrProvince>
          <Telephone1 xsi:nil="true"></Telephone1>
          <Telephone2 xsi:nil="true"></Telephone2>
          <Telephone3 xsi:nil="true"></Telephone3>
          <TimeZoneRuleVersionNumber xsi:nil="true"></TimeZoneRuleVersionNumber>
          <UPSZone xsi:nil="true"></UPSZone>
          <UTCOffset xsi:nil="true"></UTCOffset>
          <UTCConversionTimeZoneCode xsi:nil="true"></UTCConversionTimeZoneCode>
        </Address>
      </Addresses>
    </Publisher>
    <RootComponents>
      <RootComponent type="1" schemaName="appointment" behavior="0" />
      <RootComponent type="1" schemaName="contact" behavior="1" />
      <RootComponent type="1" schemaName="mcs_missingresource" behavior="0" />
      <RootComponent type="1" schemaName="mcs_reserveresourcemissingresource" behavior="0" />
      <RootComponent type="1" schemaName="mcs_resource" behavior="1" />
      <RootComponent type="1" schemaName="systemuser" behavior="1" />
    </RootComponents>
    <MissingDependencies>
      <MissingDependency>
        <Required type="1" schemaName="bookableresourcebooking" displayName="Bookable Resource Booking" solution="msdynce_Scheduling (9.0.0.0)" />
        <Dependent type="1" schemaName="appointment" displayName="Reserve Resource" />
      </MissingDependency>
      <MissingDependency>
        <Required type="1" schemaName="campaignresponse" displayName="Campaign Response" solution="msdynce_Marketing (9.0.4.37)">
          <package>msdynce_MarketingAnchor (9.0.22082.10001)</package>
        </Required>
        <Dependent type="1" schemaName="appointment" displayName="Reserve Resource" />
      </MissingDependency>
      <MissingDependency>
        <Required type="1" schemaName="cvt_vistaintegrationresult" displayName="Vista Integration Result" solution="Active" />
        <Dependent type="1" schemaName="appointment" displayName="Reserve Resource" />
      </MissingDependency>
      <MissingDependency>
        <Required type="1" schemaName="cvt_vistaintegrationresult" displayName="Vista Integration Result" solution="Active" />
        <Dependent type="60" displayName="Information" parentDisplayName="Reserve Resource" id="{f5af0c79-97db-4c3f-8d7e-62b53d9062d4}" />
      </MissingDependency>
      <MissingDependency>
        <Required type="1" schemaName="mcs_facility" displayName="Facility" solution="Active" />
        <Dependent type="10" schemaName="cvt_mcs_facility_appointment_Facility" displayName="cvt_mcs_facility_appointment_Facility" parentSchemaName="appointment" parentDisplayName="Reserve Resource" />
      </MissingDependency>
      <MissingDependency>
        <Required type="1" schemaName="mcs_integrationresult" displayName="Integration Result" solution="TMPCernerIntegration (1.0.0.0)" />
        <Dependent type="1" schemaName="appointment" displayName="Reserve Resource" />
      </MissingDependency>
      <MissingDependency>
        <Required type="1" schemaName="mcs_integrationresult" displayName="Integration Result" solution="TMPCernerIntegration (1.0.0.0)" />
        <Dependent type="60" displayName="Information" parentDisplayName="Reserve Resource" id="{f5af0c79-97db-4c3f-8d7e-62b53d9062d4}" />
      </MissingDependency>
      <MissingDependency>
        <Required type="1" schemaName="mcs_resource" displayName="TMP Resource" solution="TMPCernerIntegration (1.0.0.0)" />
        <Dependent type="1" schemaName="mcs_resource" displayName="TMP Resource" />
      </MissingDependency>
      <MissingDependency>
        <Required type="1" schemaName="mcs_resourcegroup" displayName="TMP Resource Group" solution="Active" />
        <Dependent type="10" schemaName="cvt_mcs_resourcegroup_appointment_ResourceGroup" displayName="cvt_mcs_resourcegroup_appointment_ResourceGroup" parentSchemaName="appointment" parentDisplayName="Reserve Resource" />
      </MissingDependency>
      <MissingDependency>
        <Required type="1" schemaName="mcs_site" displayName="TMP Site" solution="TMPCernerIntegration (1.0.0.0)" />
        <Dependent type="10" schemaName="cvt_mcs_site_appointment_Site" displayName="cvt_mcs_site_appointment_Site" parentSchemaName="appointment" parentDisplayName="Reserve Resource" />
      </MissingDependency>
      <MissingDependency>
        <Required type="1" schemaName="msdyn_recording" displayName="Recording" solution="msdyn_Conversation_Intelligence (9.0.1.609)">
          <package>msdynce_SalesInsightsAnchor (9.0.22082.10003)</package>
        </Required>
        <Dependent type="1" schemaName="appointment" displayName="Reserve Resource" />
      </MissingDependency>
      <MissingDependency>
        <Required type="1" schemaName="msdyn_resourcerequirement" displayName="Resource Requirement" solution="MicrosoftDynamicsScheduling (3.12.0.448)">
          <package>msdynce_CoreServiceSchedulingAnchor (9.0.20103.1007)</package>
        </Required>
        <Dependent type="1" schemaName="appointment" displayName="Reserve Resource" />
      </MissingDependency>
      <MissingDependency>
        <Required type="1" schemaName="serviceappointment" displayName="Appointment" solution="msdynce_Service (9.0.5.56)">
          <package>msdynce_ServiceAnchor (9.0.22091.1012)</package>
        </Required>
        <Dependent type="1" schemaName="appointment" displayName="Reserve Resource" />
      </MissingDependency>
      <MissingDependency>
        <Required type="1" schemaName="serviceappointment" displayName="Appointment" solution="msdynce_Service (9.0.5.56)">
          <package>msdynce_ServiceAnchor (9.0.22091.1012)</package>
        </Required>
        <Dependent type="10" schemaName="cvt_serviceappointment_appointment_serviceactivityid" displayName="cvt_serviceappointment_appointment_serviceactivityid" parentSchemaName="appointment" parentDisplayName="Reserve Resource" />
      </MissingDependency>
      <MissingDependency>
        <Required type="1" schemaName="serviceappointment" displayName="Appointment" solution="msdynce_Service (9.0.5.56)">
          <package>msdynce_ServiceAnchor (9.0.22091.1012)</package>
        </Required>
        <Dependent type="22" id="{41669275-cda7-e611-941e-0050568d3503}" />
      </MissingDependency>
      <MissingDependency>
        <Required type="1" schemaName="serviceappointment" displayName="Appointment" solution="msdynce_Service (9.0.5.56)">
          <package>msdynce_ServiceAnchor (9.0.22091.1012)</package>
        </Required>
        <Dependent type="22" id="{6d639275-cda7-e611-941e-0050568d3503}" />
      </MissingDependency>
      <MissingDependency>
        <Required type="1" schemaName="serviceappointment" displayName="Appointment" solution="msdynce_Service (9.0.5.56)">
          <package>msdynce_ServiceAnchor (9.0.22091.1012)</package>
        </Required>
        <Dependent type="22" id="{d66c9275-cda7-e611-941e-0050568d3503}" />
      </MissingDependency>
      <MissingDependency>
        <Required type="10" schemaName="cvt_appointment_cvt_vistaintegrationresult_Appointment" displayName="cvt_appointment_cvt_vistaintegrationresult_Appointment" parentSchemaName="appointment" parentDisplayName="Reserve Resource" solution="Active" />
        <Dependent type="60" displayName="Information" parentDisplayName="Reserve Resource" id="{f5af0c79-97db-4c3f-8d7e-62b53d9062d4}" />
      </MissingDependency>
      <MissingDependency>
        <Required type="10" schemaName="cvt_mcs_facility_appointment_Facility" displayName="cvt_mcs_facility_appointment_Facility" parentSchemaName="appointment" parentDisplayName="Reserve Resource" solution="TMP_Sprint24 (1.0.0.0)" />
        <Dependent type="10" schemaName="cvt_mcs_facility_appointment_Facility" displayName="cvt_mcs_facility_appointment_Facility" parentSchemaName="appointment" parentDisplayName="Reserve Resource" />
      </MissingDependency>
      <MissingDependency>
        <Required type="10" schemaName="cvt_mcs_facility_appointment_Facility" displayName="cvt_mcs_facility_appointment_Facility" parentSchemaName="appointment" parentDisplayName="Reserve Resource" solution="TMP_Sprint24 (1.0.0.0)" />
        <Dependent type="2" schemaName="cvt_facility" displayName="Facility" parentSchemaName="appointment" parentDisplayName="Reserve Resource" />
      </MissingDependency>
      <MissingDependency>
        <Required type="10" schemaName="cvt_mcs_facility_appointment_Facility" displayName="cvt_mcs_facility_appointment_Facility" parentSchemaName="appointment" parentDisplayName="Reserve Resource" solution="TMP_Sprint24 (1.0.0.0)" />
        <Dependent type="60" displayName="Information" parentDisplayName="Reserve Resource" id="{f5af0c79-97db-4c3f-8d7e-62b53d9062d4}" />
      </MissingDependency>
      <MissingDependency>
        <Required type="10" schemaName="cvt_mcs_resourcegroup_appointment_ResourceGroup" displayName="cvt_mcs_resourcegroup_appointment_ResourceGroup" parentSchemaName="appointment" parentDisplayName="Reserve Resource" solution="TMP_Sprint24 (1.0.0.0)" />
        <Dependent type="10" schemaName="cvt_mcs_resourcegroup_appointment_ResourceGroup" displayName="cvt_mcs_resourcegroup_appointment_ResourceGroup" parentSchemaName="appointment" parentDisplayName="Reserve Resource" />
      </MissingDependency>
      <MissingDependency>
        <Required type="10" schemaName="cvt_mcs_resourcegroup_appointment_ResourceGroup" displayName="cvt_mcs_resourcegroup_appointment_ResourceGroup" parentSchemaName="appointment" parentDisplayName="Reserve Resource" solution="TMP_Sprint24 (1.0.0.0)" />
        <Dependent type="2" schemaName="cvt_resourcegroup" displayName="Resource Group" parentSchemaName="appointment" parentDisplayName="Reserve Resource" />
      </MissingDependency>
      <MissingDependency>
        <Required type="10" schemaName="cvt_mcs_resourcegroup_appointment_ResourceGroup" displayName="cvt_mcs_resourcegroup_appointment_ResourceGroup" parentSchemaName="appointment" parentDisplayName="Reserve Resource" solution="TMP_Sprint24 (1.0.0.0)" />
        <Dependent type="60" displayName="Information" parentDisplayName="Reserve Resource" id="{f5af0c79-97db-4c3f-8d7e-62b53d9062d4}" />
      </MissingDependency>
      <MissingDependency>
        <Required type="10" schemaName="cvt_mcs_site_appointment_Site" displayName="cvt_mcs_site_appointment_Site" parentSchemaName="appointment" parentDisplayName="Reserve Resource" solution="TMP_Sprint24 (1.0.0.0)" />
        <Dependent type="10" schemaName="cvt_mcs_site_appointment_Site" displayName="cvt_mcs_site_appointment_Site" parentSchemaName="appointment" parentDisplayName="Reserve Resource" />
      </MissingDependency>
      <MissingDependency>
        <Required type="10" schemaName="cvt_mcs_site_appointment_Site" displayName="cvt_mcs_site_appointment_Site" parentSchemaName="appointment" parentDisplayName="Reserve Resource" solution="TMP_Sprint24 (1.0.0.0)" />
        <Dependent type="60" displayName="Information" parentDisplayName="Reserve Resource" id="{f5af0c79-97db-4c3f-8d7e-62b53d9062d4}" />
      </MissingDependency>
      <MissingDependency>
        <Required type="10" schemaName="cvt_mcs_site_appointment_TMPSite" displayName="cvt_mcs_site_appointment_TMPSite" parentSchemaName="appointment" parentDisplayName="Reserve Resource" solution="TMP_Sprint24 (1.0.0.0)" />
        <Dependent type="10" schemaName="cvt_mcs_site_appointment_Site" displayName="cvt_mcs_site_appointment_Site" parentSchemaName="appointment" parentDisplayName="Reserve Resource" />
      </MissingDependency>
      <MissingDependency>
        <Required type="10" schemaName="cvt_mcs_site_appointment_TMPSite" displayName="cvt_mcs_site_appointment_TMPSite" parentSchemaName="appointment" parentDisplayName="Reserve Resource" solution="TMP_Sprint24 (1.0.0.0)" />
        <Dependent type="2" schemaName="cvt_tmpsite" displayName="TMP Site" parentSchemaName="appointment" parentDisplayName="Reserve Resource" />
      </MissingDependency>
      <MissingDependency>
        <Required type="10" schemaName="cvt_mcs_site_appointment_TMPSite" displayName="cvt_mcs_site_appointment_TMPSite" parentSchemaName="appointment" parentDisplayName="Reserve Resource" solution="TMP_Sprint24 (1.0.0.0)" />
        <Dependent type="60" displayName="Information" parentDisplayName="Reserve Resource" id="{f5af0c79-97db-4c3f-8d7e-62b53d9062d4}" />
      </MissingDependency>
      <MissingDependency>
        <Required type="10" schemaName="cvt_serviceappointment_appointment_serviceactivityid" displayName="cvt_serviceappointment_appointment_serviceactivityid" parentSchemaName="appointment" parentDisplayName="Reserve Resource" solution="TMP_Sprint24 (1.0.0.0)" />
        <Dependent type="10" schemaName="cvt_serviceappointment_appointment_serviceactivityid" displayName="cvt_serviceappointment_appointment_serviceactivityid" parentSchemaName="appointment" parentDisplayName="Reserve Resource" />
      </MissingDependency>
      <MissingDependency>
        <Required type="10" schemaName="cvt_serviceappointment_appointment_serviceactivityid" displayName="cvt_serviceappointment_appointment_serviceactivityid" parentSchemaName="appointment" parentDisplayName="Reserve Resource" solution="TMP_Sprint24 (1.0.0.0)" />
        <Dependent type="60" displayName="Information" parentDisplayName="Reserve Resource" id="{f5af0c79-97db-4c3f-8d7e-62b53d9062d4}" />
      </MissingDependency>
      <MissingDependency>
        <Required type="10" schemaName="cvt_systemuser_appointment_Provider" displayName="cvt_systemuser_appointment_Provider" parentSchemaName="appointment" parentDisplayName="Reserve Resource" solution="TMP_Sprint24 (1.0.0.0)" />
        <Dependent type="10" schemaName="cvt_systemuser_appointment_Scheduler" displayName="cvt_systemuser_appointment_Scheduler" parentSchemaName="appointment" parentDisplayName="Reserve Resource" />
      </MissingDependency>
      <MissingDependency>
        <Required type="10" schemaName="cvt_systemuser_appointment_Provider" displayName="cvt_systemuser_appointment_Provider" parentSchemaName="appointment" parentDisplayName="Reserve Resource" solution="TMP_Sprint24 (1.0.0.0)" />
        <Dependent type="2" schemaName="cvt_provider" displayName="Provider" parentSchemaName="appointment" parentDisplayName="Reserve Resource" />
      </MissingDependency>
      <MissingDependency>
        <Required type="10" schemaName="cvt_systemuser_appointment_Provider" displayName="cvt_systemuser_appointment_Provider" parentSchemaName="appointment" parentDisplayName="Reserve Resource" solution="TMP_Sprint24 (1.0.0.0)" />
        <Dependent type="60" displayName="Information" parentDisplayName="Reserve Resource" id="{f5af0c79-97db-4c3f-8d7e-62b53d9062d4}" />
      </MissingDependency>
      <MissingDependency>
        <Required type="10" schemaName="cvt_systemuser_appointment_Scheduler" displayName="cvt_systemuser_appointment_Scheduler" parentSchemaName="appointment" parentDisplayName="Reserve Resource" solution="TMP_Sprint24 (1.0.0.0)" />
        <Dependent type="10" schemaName="cvt_systemuser_appointment_Scheduler" displayName="cvt_systemuser_appointment_Scheduler" parentSchemaName="appointment" parentDisplayName="Reserve Resource" />
      </MissingDependency>
      <MissingDependency>
        <Required type="10" schemaName="cvt_systemuser_appointment_Scheduler" displayName="cvt_systemuser_appointment_Scheduler" parentSchemaName="appointment" parentDisplayName="Reserve Resource" solution="TMP_Sprint24 (1.0.0.0)" />
        <Dependent type="2" schemaName="cvt_scheduleruser" displayName="Scheduler" parentSchemaName="appointment" parentDisplayName="Reserve Resource" />
      </MissingDependency>
      <MissingDependency>
        <Required type="10" schemaName="cvt_systemuser_appointment_Scheduler" displayName="cvt_systemuser_appointment_Scheduler" parentSchemaName="appointment" parentDisplayName="Reserve Resource" solution="TMP_Sprint24 (1.0.0.0)" />
        <Dependent type="60" displayName="Information" parentDisplayName="Reserve Resource" id="{f5af0c79-97db-4c3f-8d7e-62b53d9062d4}" />
      </MissingDependency>
      <MissingDependency>
        <Required type="10" schemaName="mcs_appointment_mcs_integrationresult_appointmentid" displayName="mcs_appointment_mcs_integrationresult_appointmentid" parentSchemaName="mcs_integrationresult" parentDisplayName="Integration Result" solution="Active" />
        <Dependent type="60" displayName="Information" parentDisplayName="Reserve Resource" id="{f5af0c79-97db-4c3f-8d7e-62b53d9062d4}" />
      </MissingDependency>
      <MissingDependency>
        <Required type="2" schemaName="cvt_serviceactivityid" displayName="Appointment" parentSchemaName="appointment" parentDisplayName="Reserve Resource" solution="TMP_Sprint24 (1.0.0.0)" />
        <Dependent type="2" schemaName="cvt_serviceactivityid" displayName="Appointment" parentSchemaName="appointment" parentDisplayName="Reserve Resource" />
      </MissingDependency>
      <MissingDependency>
        <Required type="2" schemaName="cvt_site" displayName="Site" parentSchemaName="appointment" parentDisplayName="Reserve Resource" solution="TMP_Sprint24 (1.0.0.0)" />
        <Dependent type="2" schemaName="cvt_site" displayName="Site" parentSchemaName="appointment" parentDisplayName="Reserve Resource" />
      </MissingDependency>
      <MissingDependency>
        <Required type="2" schemaName="isonlinemeeting" displayName="Is Online Meeting" parentSchemaName="appointment" parentDisplayName="Reserve Resource" solution="msft_ActivitiesInfra_Extensions (9.2.0.28)" />
        <Dependent type="60" displayName="Appointment for Interactive experience" parentDisplayName="Reserve Resource" id="{230cd27c-0ce0-4b52-9fe5-d7a5ed94ba4e}" />
      </MissingDependency>
      <MissingDependency>
        <Required type="2" schemaName="isonlinemeeting" displayName="Is Online Meeting" parentSchemaName="appointment" parentDisplayName="Reserve Resource" solution="msft_ActivitiesInfra_Extensions (9.2.0.28)" />
        <Dependent type="60" displayName="Wizard" parentDisplayName="Reserve Resource" id="{3a7d8836-e2d7-4bc3-919b-cc86a8d9688a}" />
      </MissingDependency>
      <MissingDependency>
        <Required type="2" schemaName="isonlinemeeting" displayName="Is Online Meeting" parentSchemaName="appointment" parentDisplayName="Reserve Resource" solution="msft_ActivitiesInfra_Extensions (9.2.0.28)" />
        <Dependent type="60" displayName="Appointment" parentDisplayName="Reserve Resource" id="{549a8aa3-c349-4ab9-8bac-4873fa9a7a5c}" />
      </MissingDependency>
      <MissingDependency>
        <Required type="2" schemaName="onlinemeetingjoinurl" displayName="Online Meeting Join Url" parentSchemaName="appointment" parentDisplayName="Reserve Resource" solution="msft_ActivitiesInfra_Extensions (9.2.0.28)" />
        <Dependent type="60" displayName="Appointment for Interactive experience" parentDisplayName="Reserve Resource" id="{230cd27c-0ce0-4b52-9fe5-d7a5ed94ba4e}" />
      </MissingDependency>
      <MissingDependency>
        <Required type="2" schemaName="onlinemeetingjoinurl" displayName="Online Meeting Join Url" parentSchemaName="appointment" parentDisplayName="Reserve Resource" solution="msft_ActivitiesInfra_Extensions (9.2.0.28)" />
        <Dependent type="60" displayName="Wizard" parentDisplayName="Reserve Resource" id="{3a7d8836-e2d7-4bc3-919b-cc86a8d9688a}" />
      </MissingDependency>
      <MissingDependency>
        <Required type="2" schemaName="onlinemeetingjoinurl" displayName="Online Meeting Join Url" parentSchemaName="appointment" parentDisplayName="Reserve Resource" solution="msft_ActivitiesInfra_Extensions (9.2.0.28)" />
        <Dependent type="60" displayName="Appointment" parentDisplayName="Reserve Resource" id="{549a8aa3-c349-4ab9-8bac-4873fa9a7a5c}" />
      </MissingDependency>
      <MissingDependency>
        <Required type="2" schemaName="mcs_facilityid" displayName="Facility" parentSchemaName="mcs_facility" parentDisplayName="Facility" solution="Active" />
        <Dependent type="10" schemaName="cvt_mcs_facility_appointment_Facility" displayName="cvt_mcs_facility_appointment_Facility" parentSchemaName="appointment" parentDisplayName="Reserve Resource" />
      </MissingDependency>
      <MissingDependency>
        <Required type="2" schemaName="mcs_name" displayName="Name" parentSchemaName="mcs_facility" parentDisplayName="Facility" solution="Active" />
        <Dependent type="10" schemaName="cvt_mcs_facility_appointment_Facility" displayName="cvt_mcs_facility_appointment_Facility" parentSchemaName="appointment" parentDisplayName="Reserve Resource" />
      </MissingDependency>
      <MissingDependency>
        <Required type="2" schemaName="mcs_name" displayName="Name" parentSchemaName="mcs_resource" parentDisplayName="TMP Resource" solution="Active" />
        <Dependent type="10" schemaName="mcs_mcs_resource_mcs_missingresource_TMPReslource" displayName="mcs_mcs_resource_mcs_missingresource_TMPReslource" parentSchemaName="mcs_resource" parentDisplayName="TMP Resource" />
      </MissingDependency>
      <MissingDependency>
        <Required type="2" schemaName="mcs_resourceid" displayName="Resource" parentSchemaName="mcs_resource" parentDisplayName="TMP Resource" solution="Active" />
        <Dependent type="10" schemaName="mcs_mcs_resource_mcs_missingresource_TMPReslource" displayName="mcs_mcs_resource_mcs_missingresource_TMPReslource" parentSchemaName="mcs_resource" parentDisplayName="TMP Resource" />
      </MissingDependency>
      <MissingDependency>
        <Required type="2" schemaName="mcs_name" displayName="Name" parentSchemaName="mcs_resourcegroup" parentDisplayName="TMP Resource Group" solution="Active" />
        <Dependent type="10" schemaName="cvt_mcs_resourcegroup_appointment_ResourceGroup" displayName="cvt_mcs_resourcegroup_appointment_ResourceGroup" parentSchemaName="appointment" parentDisplayName="Reserve Resource" />
      </MissingDependency>
      <MissingDependency>
        <Required type="2" schemaName="mcs_resourcegroupid" displayName="Resource Group" parentSchemaName="mcs_resourcegroup" parentDisplayName="TMP Resource Group" solution="Active" />
        <Dependent type="10" schemaName="cvt_mcs_resourcegroup_appointment_ResourceGroup" displayName="cvt_mcs_resourcegroup_appointment_ResourceGroup" parentSchemaName="appointment" parentDisplayName="Reserve Resource" />
      </MissingDependency>
      <MissingDependency>
        <Required type="2" schemaName="mcs_name" displayName="Name" parentSchemaName="mcs_site" parentDisplayName="TMP Site" solution="TMP_Sprint25Updated (1.0.0.6)" />
        <Dependent type="10" schemaName="cvt_mcs_site_appointment_Site" displayName="cvt_mcs_site_appointment_Site" parentSchemaName="appointment" parentDisplayName="Reserve Resource" />
      </MissingDependency>
      <MissingDependency>
        <Required type="2" schemaName="mcs_siteid" displayName="TMP Site" parentSchemaName="mcs_site" parentDisplayName="TMP Site" solution="TMP_Sprint25Updated (1.0.0.6)" />
        <Dependent type="10" schemaName="cvt_mcs_site_appointment_TMPSite" displayName="cvt_mcs_site_appointment_TMPSite" parentSchemaName="appointment" parentDisplayName="Reserve Resource" />
      </MissingDependency>
      <MissingDependency>
        <Required type="2" schemaName="activityid" displayName="Service Activity" parentSchemaName="serviceappointment" parentDisplayName="Appointment" solution="msdynce_Service (9.0.5.56)">
          <package>msdynce_ServiceAnchor (9.0.22091.1012)</package>
        </Required>
        <Dependent type="10" schemaName="cvt_serviceappointment_appointment_serviceactivityid" displayName="cvt_serviceappointment_appointment_serviceactivityid" parentSchemaName="appointment" parentDisplayName="Reserve Resource" />
      </MissingDependency>
      <MissingDependency>
        <Required type="2" schemaName="subject" displayName="Subject" parentSchemaName="serviceappointment" parentDisplayName="Appointment" solution="msdynce_Service (9.0.5.56)">
          <package>msdynce_ServiceAnchor (9.0.22091.1012)</package>
        </Required>
        <Dependent type="10" schemaName="cvt_serviceappointment_appointment_serviceactivityid" displayName="cvt_serviceappointment_appointment_serviceactivityid" parentSchemaName="appointment" parentDisplayName="Reserve Resource" />
      </MissingDependency>
      <MissingDependency>
        <Required type="26" schemaName="Vista Books/Cancels Sub-Grid" displayName="Vista Books/Cancels Sub-Grid" parentSchemaName="cvt_vistaintegrationresult" parentDisplayName="Vista Integration Result" solution="Active" id="{1aceb3e8-cbc6-e611-80de-000d3a007bf6}" />
        <Dependent type="60" displayName="Information" parentDisplayName="Reserve Resource" id="{f5af0c79-97db-4c3f-8d7e-62b53d9062d4}" />
      </MissingDependency>
      <MissingDependency>
        <Required type="26" schemaName="Appointment Lookup View" displayName="Appointment Lookup View" parentSchemaName="serviceappointment" parentDisplayName="Appointment" solution="msdynce_Service (9.0.5.56)" id="{2be57c46-35fc-4fb9-8094-bd82da6c4b07}">
          <package>msdynce_ServiceAnchor (9.0.22091.1012)</package>
        </Required>
        <Dependent type="60" displayName="Information" parentDisplayName="Reserve Resource" id="{f5af0c79-97db-4c3f-8d7e-62b53d9062d4}" />
      </MissingDependency>
      <MissingDependency>
        <Required type="26" schemaName="Resource Group Lookup View" displayName="Resource Group Lookup View" parentSchemaName="mcs_resourcegroup" parentDisplayName="TMP Resource Group" solution="Active" id="{32fc0807-b1f2-4d92-9555-4dfd38788856}" />
        <Dependent type="60" displayName="Information" parentDisplayName="Reserve Resource" id="{f5af0c79-97db-4c3f-8d7e-62b53d9062d4}" />
      </MissingDependency>
      <MissingDependency>
        <Required type="26" schemaName="Active Vista Integration Results" displayName="Active Vista Integration Results" parentSchemaName="cvt_vistaintegrationresult" parentDisplayName="Vista Integration Result" solution="Active" id="{60fd513b-e3c4-42f2-bdf7-1f90108705df}" />
        <Dependent type="60" displayName="Information" parentDisplayName="Reserve Resource" id="{f5af0c79-97db-4c3f-8d7e-62b53d9062d4}" />
      </MissingDependency>
      <MissingDependency>
        <Required type="26" schemaName="TMP Site Lookup View" displayName="TMP Site Lookup View" parentSchemaName="mcs_site" parentDisplayName="TMP Site" solution="TMP_Sprint25Updated (1.0.0.6)" id="{8fc5cd0c-1ab8-444c-9eb5-7fe090c0dae3}" />
        <Dependent type="60" displayName="Information" parentDisplayName="Reserve Resource" id="{f5af0c79-97db-4c3f-8d7e-62b53d9062d4}" />
      </MissingDependency>
      <MissingDependency>
        <Required type="26" schemaName="Active Integration Results" displayName="Active Integration Results" parentSchemaName="mcs_integrationresult" parentDisplayName="Integration Result" solution="Active" id="{b07686b7-0053-40d3-b474-e4dc7df485f3}" />
        <Dependent type="60" displayName="Information" parentDisplayName="Reserve Resource" id="{f5af0c79-97db-4c3f-8d7e-62b53d9062d4}" />
      </MissingDependency>
      <MissingDependency>
        <Required type="26" schemaName="Integration Result Sub-Grid" displayName="Integration Result Sub-Grid" parentSchemaName="mcs_integrationresult" parentDisplayName="Integration Result" solution="Active" id="{df3aecb7-cbc6-e611-80de-000d3a007bf6}" />
        <Dependent type="60" displayName="Information" parentDisplayName="Reserve Resource" id="{f5af0c79-97db-4c3f-8d7e-62b53d9062d4}" />
      </MissingDependency>
      <MissingDependency>
        <Required type="50" schemaName=":RibbonDiffXml" displayName=":RibbonDiffXml" parentSchemaName="ribboncustomization" parentDisplayName="Application Ribbons" solution="ActivityFeedsCore (9.0.0.0007)" />
        <Dependent type="50" schemaName="appointment:RibbonDiffXml" displayName="appointment:RibbonDiffXml" parentSchemaName="ribboncustomization" parentDisplayName="Application Ribbons" />
      </MissingDependency>
      <MissingDependency>
        <Required type="60" displayName="Appointment for Interactive experience" parentDisplayName="Reserve Resource" solution="msdynce_Activities (9.0.1.2033)" id="{230cd27c-0ce0-4b52-9fe5-d7a5ed94ba4e}" />
        <Dependent type="60" displayName="Appointment for Interactive experience" parentDisplayName="Reserve Resource" id="{230cd27c-0ce0-4b52-9fe5-d7a5ed94ba4e}" />
      </MissingDependency>
      <MissingDependency>
        <Required type="60" displayName="Wizard" parentDisplayName="Reserve Resource" solution="msdynce_Activities (9.0.1.2033)" id="{3a7d8836-e2d7-4bc3-919b-cc86a8d9688a}" />
        <Dependent type="60" displayName="Wizard" parentDisplayName="Reserve Resource" id="{3a7d8836-e2d7-4bc3-919b-cc86a8d9688a}" />
      </MissingDependency>
      <MissingDependency>
        <Required type="60" displayName="Appointment" parentDisplayName="Reserve Resource" solution="msdynce_Activities (9.0.1.2033)" id="{549a8aa3-c349-4ab9-8bac-4873fa9a7a5c}" />
        <Dependent type="60" displayName="Appointment" parentDisplayName="Reserve Resource" id="{549a8aa3-c349-4ab9-8bac-4873fa9a7a5c}" />
      </MissingDependency>
      <MissingDependency>
        <Required type="61" schemaName="Activities/SystemLibraries/Appointment_main_system_library.js" displayName="Activities/SystemLibraries/Appointment_main_system_library.js" solution="msdynce_Activities (9.0.1.2033)" />
        <Dependent type="60" displayName="Appointment for Interactive experience" parentDisplayName="Reserve Resource" id="{230cd27c-0ce0-4b52-9fe5-d7a5ed94ba4e}" />
      </MissingDependency>
      <MissingDependency>
        <Required type="61" schemaName="Activities/SystemLibraries/Appointment_main_system_library.js" displayName="Activities/SystemLibraries/Appointment_main_system_library.js" solution="msdynce_Activities (9.0.1.2033)" />
        <Dependent type="60" displayName="Wizard" parentDisplayName="Reserve Resource" id="{3a7d8836-e2d7-4bc3-919b-cc86a8d9688a}" />
      </MissingDependency>
      <MissingDependency>
        <Required type="61" schemaName="Activities/SystemLibraries/Appointment_main_system_library.js" displayName="Activities/SystemLibraries/Appointment_main_system_library.js" solution="msdynce_Activities (9.0.1.2033)" />
        <Dependent type="60" displayName="Appointment" parentDisplayName="Reserve Resource" id="{549a8aa3-c349-4ab9-8bac-4873fa9a7a5c}" />
      </MissingDependency>
      <MissingDependency>
        <Required type="61" schemaName="cvt_ActivityClose_16.png" displayName="cvt_ActivityClose_16.png" solution="Active" />
        <Dependent type="50" schemaName="appointment:RibbonDiffXml" displayName="appointment:RibbonDiffXml" parentSchemaName="ribboncustomization" parentDisplayName="Application Ribbons" />
      </MissingDependency>
      <MissingDependency>
        <Required type="61" schemaName="cvt_ActivityClose_32.png" displayName="cvt_ActivityClose_32.png" solution="Active" />
        <Dependent type="50" schemaName="appointment:RibbonDiffXml" displayName="appointment:RibbonDiffXml" parentSchemaName="ribboncustomization" parentDisplayName="Application Ribbons" />
      </MissingDependency>
      <MissingDependency>
        <Required type="61" schemaName="cvt_Appointment.OnSave" displayName="cvt_Appointment.OnSave" solution="TMP_Sprint24 (1.0.0.0)" />
        <Dependent type="60" displayName="Information" parentDisplayName="Reserve Resource" id="{f5af0c79-97db-4c3f-8d7e-62b53d9062d4}" />
      </MissingDependency>
      <MissingDependency>
        <Required type="61" schemaName="cvt_AppointmentOnChange" displayName="cvt_AppointmentOnChange" solution="TMP_Sprint24 (1.0.0.0)" />
        <Dependent type="60" displayName="Information" parentDisplayName="Reserve Resource" id="{f5af0c79-97db-4c3f-8d7e-62b53d9062d4}" />
      </MissingDependency>
      <MissingDependency>
        <Required type="61" schemaName="cvt_AppointmentOnLoad.js" displayName="cvt_AppointmentOnLoad.js" solution="TMP_Sprint25 (1.0.0.0)" />
        <Dependent type="60" displayName="Information" parentDisplayName="Reserve Resource" id="{f5af0c79-97db-4c3f-8d7e-62b53d9062d4}" />
      </MissingDependency>
      <MissingDependency>
        <Required type="61" schemaName="cvt_AppointmentRibbon.js" displayName="cvt_AppointmentRibbon.js" solution="TMP_Sprint24 (1.0.0.0)" />
        <Dependent type="50" schemaName="appointment:RibbonDiffXml" displayName="appointment:RibbonDiffXml" parentSchemaName="ribboncustomization" parentDisplayName="Application Ribbons" />
      </MissingDependency>
      <MissingDependency>
        <Required type="61" schemaName="cvt_AppointmentRibbon.js" displayName="cvt_AppointmentRibbon.js" solution="TMP_Sprint24 (1.0.0.0)" />
        <Dependent type="60" displayName="Information" parentDisplayName="Reserve Resource" id="{f5af0c79-97db-4c3f-8d7e-62b53d9062d4}" />
      </MissingDependency>
      <MissingDependency>
        <Required type="61" schemaName="cvt_CommonFunctions.js" displayName="cvt_CommonFunctions.js" solution="TMP_Sprint24 (1.0.0.0)" />
        <Dependent type="60" displayName="Information" parentDisplayName="Reserve Resource" id="{f5af0c79-97db-4c3f-8d7e-62b53d9062d4}" />
      </MissingDependency>
      <MissingDependency>
        <Required type="61" schemaName="cvt_jquery.1.7.1.js" displayName="cvt_jquery.1.7.1.js" solution="TMP_Sprint24 (1.0.0.0)" />
        <Dependent type="60" displayName="Information" parentDisplayName="Reserve Resource" id="{f5af0c79-97db-4c3f-8d7e-62b53d9062d4}" />
      </MissingDependency>
      <MissingDependency>
        <Required type="61" schemaName="cvt_login16" displayName="cvt_login16" solution="Active" />
        <Dependent type="50" schemaName="appointment:RibbonDiffXml" displayName="appointment:RibbonDiffXml" parentSchemaName="ribboncustomization" parentDisplayName="Application Ribbons" />
      </MissingDependency>
      <MissingDependency>
        <Required type="61" schemaName="cvt_login32" displayName="cvt_login32" solution="Active" />
        <Dependent type="50" schemaName="appointment:RibbonDiffXml" displayName="appointment:RibbonDiffXml" parentSchemaName="ribboncustomization" parentDisplayName="Application Ribbons" />
      </MissingDependency>
      <MissingDependency>
        <Required type="61" schemaName="cvt_Process.js" displayName="cvt_Process.js" solution="TMP_Sprint24 (1.0.0.0)" />
        <Dependent type="60" displayName="Information" parentDisplayName="Reserve Resource" id="{f5af0c79-97db-4c3f-8d7e-62b53d9062d4}" />
      </MissingDependency>
      <MissingDependency>
        <Required type="61" schemaName="cvt_resource16" displayName="cvt_resource16" solution="Active" />
        <Dependent type="1" schemaName="mcs_resource" displayName="TMP Resource" />
      </MissingDependency>
      <MissingDependency>
        <Required type="61" schemaName="cvt_resource32" displayName="cvt_resource32" solution="Active" />
        <Dependent type="1" schemaName="mcs_resource" displayName="TMP Resource" />
      </MissingDependency>
      <MissingDependency>
        <Required type="61" schemaName="cvt_ViaLogin.js" displayName="cvt_ViaLogin.js" solution="TMP_Sprint24 (1.0.0.0)" />
        <Dependent type="50" schemaName="appointment:RibbonDiffXml" displayName="appointment:RibbonDiffXml" parentSchemaName="ribboncustomization" parentDisplayName="Application Ribbons" />
      </MissingDependency>
      <MissingDependency>
        <Required type="61" schemaName="cvt_ViaLogin.js" displayName="cvt_ViaLogin.js" solution="TMP_Sprint24 (1.0.0.0)" />
        <Dependent type="60" displayName="Information" parentDisplayName="Reserve Resource" id="{f5af0c79-97db-4c3f-8d7e-62b53d9062d4}" />
      </MissingDependency>
      <MissingDependency>
        <Required type="61" schemaName="cvt_VIALoginUI.html" displayName="cvt_VIALoginUI.html" solution="TMP_Sprint24 (1.0.0.0)" />
        <Dependent type="60" displayName="Information" parentDisplayName="Reserve Resource" id="{f5af0c79-97db-4c3f-8d7e-62b53d9062d4}" />
      </MissingDependency>
      <MissingDependency>
        <Required type="61" schemaName="mcs_CrmRestKit.js" displayName="mcs_CrmRestKit.js" solution="TMP_Sprint24 (1.0.0.0)" />
        <Dependent type="60" displayName="Information" parentDisplayName="Reserve Resource" id="{f5af0c79-97db-4c3f-8d7e-62b53d9062d4}" />
      </MissingDependency>
      <MissingDependency>
        <Required type="61" schemaName="mcs_mvi_searchUI" displayName="mcs_mvi_searchUI" solution="TMP_Sprint24 (1.0.0.0)" />
        <Dependent type="60" displayName="Information" parentDisplayName="Reserve Resource" id="{f5af0c79-97db-4c3f-8d7e-62b53d9062d4}" />
      </MissingDependency>
      <MissingDependency>
        <Required type="61" schemaName="msdyn_ci_activity_form" displayName="msdyn_ci_activity_form" solution="msdyn_Conversation_Intelligence (9.0.1.609)">
          <package>msdynce_SalesInsightsAnchor (9.0.22082.10003)</package>
        </Required>
        <Dependent type="60" displayName="Appointment" parentDisplayName="Reserve Resource" id="{549a8aa3-c349-4ab9-8bac-4873fa9a7a5c}" />
      </MissingDependency>
      <MissingDependency>
        <Required type="66" schemaName="CI.Controls.CallSummaryControlTwin" displayName="CI.Controls.CallSummaryControlTwin" solution="msdyn_Conversation_Intelligence (9.0.1.609)">
          <package>msdynce_SalesInsightsAnchor (9.0.22082.10003)</package>
        </Required>
        <Dependent type="60" displayName="Appointment" parentDisplayName="Reserve Resource" id="{549a8aa3-c349-4ab9-8bac-4873fa9a7a5c}" />
      </MissingDependency>
      <MissingDependency>
        <Required type="66" schemaName="MscrmControls.Activity.HyperlinkControlWithImage" displayName="MscrmControls.Activity.HyperlinkControlWithImage" solution="msdynce_ActivitiesPatch (9.0.22085.220829002)" />
        <Dependent type="60" displayName="Appointment for Interactive experience" parentDisplayName="Reserve Resource" id="{230cd27c-0ce0-4b52-9fe5-d7a5ed94ba4e}" />
      </MissingDependency>
      <MissingDependency>
        <Required type="66" schemaName="MscrmControls.Activity.HyperlinkControlWithImage" displayName="MscrmControls.Activity.HyperlinkControlWithImage" solution="msdynce_ActivitiesPatch (9.0.22085.220829002)" />
        <Dependent type="60" displayName="Wizard" parentDisplayName="Reserve Resource" id="{3a7d8836-e2d7-4bc3-919b-cc86a8d9688a}" />
      </MissingDependency>
      <MissingDependency>
        <Required type="66" schemaName="MscrmControls.Activity.HyperlinkControlWithImage" displayName="MscrmControls.Activity.HyperlinkControlWithImage" solution="msdynce_ActivitiesPatch (9.0.22085.220829002)" />
        <Dependent type="60" displayName="Appointment" parentDisplayName="Reserve Resource" id="{549a8aa3-c349-4ab9-8bac-4873fa9a7a5c}" />
      </MissingDependency>
      <MissingDependency>
        <Required type="66" schemaName="MscrmControls.ActivityCalendarControl.ActivityCalendarControl" displayName="MscrmControls.ActivityCalendarControl.ActivityCalendarControl" solution="msdyn_UCICalendar (1.0.0.2278)" />
        <Dependent type="68" id="{2f5a7b82-e07b-e911-80d9-001dd800390f}" />
      </MissingDependency>
      <MissingDependency>
        <Required type="66" schemaName="MscrmControls.FieldControls.ToggleControl" displayName="MscrmControls.FieldControls.ToggleControl" solution="BaseCustomControlsCore (9.0.2209.2010)" />
        <Dependent type="60" displayName="Appointment for Interactive experience" parentDisplayName="Reserve Resource" id="{230cd27c-0ce0-4b52-9fe5-d7a5ed94ba4e}" />
      </MissingDependency>
      <MissingDependency>
        <Required type="66" schemaName="MscrmControls.FieldControls.ToggleControl" displayName="MscrmControls.FieldControls.ToggleControl" solution="BaseCustomControlsCore (9.0.2209.2010)" />
        <Dependent type="60" displayName="Wizard" parentDisplayName="Reserve Resource" id="{3a7d8836-e2d7-4bc3-919b-cc86a8d9688a}" />
      </MissingDependency>
      <MissingDependency>
        <Required type="66" schemaName="MscrmControls.FieldControls.ToggleControl" displayName="MscrmControls.FieldControls.ToggleControl" solution="BaseCustomControlsCore (9.0.2209.2010)" />
        <Dependent type="60" displayName="Appointment" parentDisplayName="Reserve Resource" id="{549a8aa3-c349-4ab9-8bac-4873fa9a7a5c}" />
      </MissingDependency>
      <MissingDependency>
        <Required type="66" schemaName="MscrmControls.Grid.PCFGridControl" displayName="MscrmControls.Grid.PCFGridControl" solution="BaseCustomControlsCore (9.0.2209.2010)" />
        <Dependent type="68" id="{2f5a7b82-e07b-e911-80d9-001dd800390f}" />
      </MissingDependency>
      <MissingDependency>
        <Required type="66" schemaName="MscrmControls.RichTextEditor.RichTextEditorControl" displayName="MscrmControls.RichTextEditor.RichTextEditorControl" solution="msdyn_RichTextEditor (1.0.0.1997)" />
        <Dependent type="60" displayName="Appointment for Interactive experience" parentDisplayName="Reserve Resource" id="{230cd27c-0ce0-4b52-9fe5-d7a5ed94ba4e}" />
      </MissingDependency>
      <MissingDependency>
        <Required type="66" schemaName="MscrmControls.RichTextEditor.RichTextEditorControl" displayName="MscrmControls.RichTextEditor.RichTextEditorControl" solution="msdyn_RichTextEditor (1.0.0.1997)" />
        <Dependent type="60" displayName="Wizard" parentDisplayName="Reserve Resource" id="{3a7d8836-e2d7-4bc3-919b-cc86a8d9688a}" />
      </MissingDependency>
      <MissingDependency>
        <Required type="66" schemaName="MscrmControls.RichTextEditor.RichTextEditorControl" displayName="MscrmControls.RichTextEditor.RichTextEditorControl" solution="msdyn_RichTextEditor (1.0.0.1997)" />
        <Dependent type="60" displayName="Appointment" parentDisplayName="Reserve Resource" id="{549a8aa3-c349-4ab9-8bac-4873fa9a7a5c}" />
      </MissingDependency>
      <MissingDependency>
        <Required type="9" schemaName="cvt_technologyfailurestatus" displayName="Technology Failure Status" solution="Active" />
        <Dependent type="2" schemaName="cvt_technologyfailurestatus" displayName="Technology Failure Status" parentSchemaName="appointment" parentDisplayName="Reserve Resource" />
      </MissingDependency>
    </MissingDependencies>
  </SolutionManifest>
</ImportExportXml>