<ImportExportXml xmlns:xsi="http://www.w3.org/2001/XMLSchema-instance">
  <Entities>
    <Entity>
      <Name LocalizedName="TMP Resource" OriginalName="Resource">mcs_resource</Name>
      <EntityInfo>
        <entity Name="mcs_resource" unmodified="1">
          <attributes />
        </entity>
      </EntityInfo>
      <SavedQueries>
        <savedqueries>
          <savedquery>
            <IsCustomizable>1</IsCustomizable>
            <CanBeDeleted>1</CanBeDeleted>
            <isquickfindquery>0</isquickfindquery>
            <isprivate>0</isprivate>
            <isdefault>0</isdefault>
            <savedqueryid>{c25a6b4d-0582-eb11-a812-001dd802f625}</savedqueryid>
            <layoutxml>
              <grid name="resultset" jump="mcs_name" select="1" preview="1" icon="1">
                <row name="result" id="mcs_resourceid">
                  <cell name="mcs_businessunitid" width="100" />
                  <cell name="mcs_facility" width="200" imageproviderfunctionname="" imageproviderwebresource="$webresource:" />
                  <cell name="mcs_relatedsiteid" width="200" imageproviderfunctionname="" imageproviderwebresource="$webresource:" />
                  <cell name="mcs_name" width="300" imageproviderfunctionname="" imageproviderwebresource="$webresource:" />
                  <cell name="mcs_type" width="100" imageproviderfunctionname="" imageproviderwebresource="$webresource:" />
                  <cell name="cvt_ien" width="75" imageproviderfunctionname="" imageproviderwebresource="$webresource:" />
                  <cell name="statecode" width="100" />
                  <cell name="cvt_primarystopcode" width="125" imageproviderfunctionname="" imageproviderwebresource="$webresource:" />
                  <cell name="cvt_secondarystopcode" width="125" imageproviderfunctionname="" imageproviderwebresource="$webresource:" />
                  <cell name="cvt_treatingspecialty" width="150" imageproviderfunctionname="" imageproviderwebresource="$webresource:" />
                  <cell name="cvt_defaultprovideremail" width="150" imageproviderfunctionname="" imageproviderwebresource="$webresource:" />
                  <cell name="cvt_defaultprovidernameimport" width="150" imageproviderfunctionname="" imageproviderwebresource="$webresource:" />
                  <cell name="cvt_defaultproviderduz" width="150" imageproviderfunctionname="" imageproviderwebresource="$webresource:" />
                  <cell name="cvt_identifier" width="150" imageproviderfunctionname="" imageproviderwebresource="$webresource:" />
                  <cell name="cvt_institution" width="150" imageproviderfunctionname="" imageproviderwebresource="$webresource:" />
                  <cell name="cvt_visntext" width="100" />
                  <cell name="cvt_servicetext" width="100" />
                  <cell name="cvt_overbookallowed" width="100" />
                  <cell name="ownerid" width="150" imageproviderfunctionname="" imageproviderwebresource="$webresource:" />
                  <cell name="modifiedby" width="150" imageproviderfunctionname="" imageproviderwebresource="$webresource:" />
                  <cell name="modifiedon" width="150" imageproviderfunctionname="" imageproviderwebresource="$webresource:" />
                  <cell name="createdby" width="150" imageproviderfunctionname="" imageproviderwebresource="$webresource:" />
                  <cell name="createdon" width="150" imageproviderfunctionname="" imageproviderwebresource="$webresource:" />
                  <cell name="a_409031d61868e3119e2500155d559835.internalemailaddress" width="10" disableSorting="1" />
                  <cell name="a_1c9031d61868e3119e2500155d559835.internalemailaddress" width="10" disableSorting="1" />
                  <cell name="a_289031d61868e3119e2500155d559835.internalemailaddress" width="10" disableSorting="1" />
                </row>
              </grid>
            </layoutxml>
            <querytype>0</querytype>
            <fetchxml>
              <fetch version="1.0" output-format="xml-platform" mapping="logical" distinct="false">
                <entity name="mcs_resource">
                  <attribute name="mcs_name" />
                  <attribute name="cvt_ien" />
                  <attribute name="mcs_type" />
                  <attribute name="mcs_businessunitid" />
                  <attribute name="mcs_relatedsiteid" />
                  <attribute name="mcs_facility" />
                  <attribute name="statecode" />
                  <attribute name="cvt_secondarystopcode" />
                  <attribute name="cvt_primarystopcode" />
                  <attribute name="cvt_treatingspecialty" />
                  <attribute name="cvt_defaultprovidernameimport" />
                  <attribute name="cvt_defaultprovideremail" />
                  <attribute name="cvt_defaultproviderduz" />
                  <attribute name="cvt_identifier" />
                  <attribute name="cvt_institution" />
                  <attribute name="cvt_visntext" />
                  <attribute name="cvt_servicetext" />
                  <attribute name="cvt_overbookallowed" />
                  <attribute name="ownerid" />
                  <attribute name="modifiedon" />
                  <attribute name="modifiedby" />
                  <attribute name="createdon" />
                  <attribute name="createdby" />
                  <order attribute="modifiedon" descending="true" />
                  <order attribute="mcs_name" descending="false" />
                  <filter type="and">
                    <condition attribute="mcs_type" operator="eq" value="251920000" />
                    <condition attribute="modifiedon" operator="last-x-days" value="30" />
                  </filter>
                  <link-entity name="systemuser" from="systemuserid" to="owninguser" visible="false" link-type="outer" alias="a_409031d61868e3119e2500155d559835">
                    <attribute name="internalemailaddress" />
                  </link-entity>
                  <link-entity name="systemuser" from="systemuserid" to="createdby" visible="false" link-type="outer" alias="a_1c9031d61868e3119e2500155d559835">
                    <attribute name="internalemailaddress" />
                  </link-entity>
                  <link-entity name="systemuser" from="systemuserid" to="modifiedby" visible="false" link-type="outer" alias="a_289031d61868e3119e2500155d559835">
                    <attribute name="internalemailaddress" />
                  </link-entity>
                  <attribute name="mcs_resourceid" />
                </entity>
              </fetch>
            </fetchxml>
            <IntroducedVersion>1.0.0.0</IntroducedVersion>
            <LocalizedNames>
              <LocalizedName description="Real Time Clinic Updates (Last 30 Days)" languagecode="1033" />
            </LocalizedNames>
            <Descriptions>
              <Description description="Real Time Clinic Updates in the Last 30 Days." languagecode="1033" />
            </Descriptions>
          </savedquery>
        </savedqueries>
      </SavedQueries>
      <RibbonDiffXml>
        <CustomActions>
          <CustomAction Id="tmp.MCSRM.Form.mcs_resource.Activate.CustomAction" Location="Mscrm.Form.mcs_resource.MainTab.Save.Controls._children" Sequence="50">
            <CommandUIDefinition>
              <Button Alt="$LocLabels:MCSRM.Form.mcs_resource.Activate.Alt" Command="Mscrm.Form.Activate" Id="MCSRM.Form.mcs_resource.Activate" Image32by32="/_imgs/ribbon/Activate_32.png" Image16by16="/_imgs/ribbon/Activate_16.png" LabelText="$LocLabels:MCSRM.Form.mcs_resource.Activate.LabelText" Sequence="50" TemplateAlias="o2" ToolTipTitle="$LocLabels:MCSRM.Form.mcs_resource.Activate.ToolTipTitle" ToolTipDescription="$LocLabels:MCSRM.Form.mcs_resource.Activate.ToolTipDescription" />
            </CommandUIDefinition>
          </CustomAction>
          <CustomAction Id="tmp.Mscrm.HomepageGrid.mcs_resource.Activate.CustomAction" Location="Mscrm.HomepageGrid.mcs_resource.MainTab.Management.Controls._children" Sequence="30">
            <CommandUIDefinition>
              <Button Alt="$LocLabels:Mscrm.HomepageGrid.mcs_resource.Activate.Alt" Command="Mscrm.HomepageGrid.Activate" Id="Mscrm.HomepageGrid.mcs_resource.Activate" Image32by32="/_imgs/ribbon/Activate_32.png" Image16by16="/_imgs/ribbon/Activate_16.png" LabelText="$LocLabels:Mscrm.HomepageGrid.mcs_resource.Activate.LabelText" Sequence="30" TemplateAlias="o2" ToolTipTitle="$LocLabels:Mscrm.HomepageGrid.mcs_resource.Activate.ToolTipTitle" ToolTipDescription="$LocLabels:Mscrm.HomepageGrid.mcs_resource.Activate.ToolTipDescription" />
            </CommandUIDefinition>
          </CustomAction>
          <CustomAction Id="tmp.Mscrm.Subgrid.mcs_resource.Activate.CustomAction" Location="Mscrm.SubGrid.mcs_resource.MainTab.Management.Controls._children" Sequence="60">
            <CommandUIDefinition>
              <Button Alt="$LocLabels:Mscrm.Subgrid.mcs_resource.Activate.Alt" Command="Mscrm.HomepageGrid.Activate" Id="Mscrm.Subgrid.mcs_resource.Activate" Image32by32="/_imgs/ribbon/Activate_32.png" Image16by16="/_imgs/ribbon/Activate_16.png" LabelText="$LocLabels:Mscrm.Subgrid.mcs_resource.Activate.LabelText" Sequence="60" TemplateAlias="o2" ToolTipTitle="$LocLabels:Mscrm.Subgrid.mcs_resource.Activate.ToolTipTitle" ToolTipDescription="$LocLabels:Mscrm.Subgrid.mcs_resource.Activate.ToolTipDescription" ModernImage="Activate" />
            </CommandUIDefinition>
          </CustomAction>
          <CustomAction Id="tmp.vacvt.Form.mcs_resource.MainTab.Resource.CustomAction" Location="Mscrm.Form.mcs_resource.MainTab.Groups._children" Sequence="100">
            <CommandUIDefinition>
              <Group Command="Mscrm.Enabled" Description="$LocLabels:vacvt.Form.mcs_resource.MainTab.Resource.Title" Id="vacvt.Form.mcs_resource.MainTab.Resource" Sequence="100" Template="Mscrm.Templates.Flexible2" Title="$LocLabels:vacvt.Form.mcs_resource.MainTab.Resource.Title">
                <Controls Id="vacvt.Form.mcs_resource.MainTab.Resource.Controls">
                  <Button Command="vacvtvacvt.Form.mcs_resource.MainTab.Resource.Calendar.Command" Id="vacvtvacvt.Form.mcs_resource.MainTab.Resource.Calendar" Image32by32="/_imgs/ribbon/entity32_4201.png" Image16by16="/_imgs/ribbon/entity16_4201.png" LabelText="$LocLabels:vacvtvacvt.Form.mcs_resource.MainTab.Resource.Calendar.LabelText" Sequence="20" TemplateAlias="o1" ToolTipTitle="$LocLabels:vacvtvacvt.Form.mcs_resource.MainTab.Resource.Calendar.ToolTipTitle" ToolTipDescription="$LocLabels:vacvtvacvt.Form.mcs_resource.MainTab.Resource.Calendar.ToolTipDescription" />
                  <Button Command="vacvtvacvt.Form.mcs_resource.MainTab.Resource.UpdateAll.Command" Id="vacvtvacvt.Form.mcs_resource.MainTab.Resource.UpdateAll" Image32by32="/_imgs/ribbon/runworkflow32.png" Image16by16="/_imgs/ribbon/StartWorkflow_16.png" LabelText="$LocLabels:vacvtvacvt.Form.mcs_resource.MainTab.Resource.UpdateAll.LabelText" Sequence="40" TemplateAlias="o1" ToolTipTitle="$LocLabels:vacvtvacvt.Form.mcs_resource.MainTab.Resource.UpdateAll.ToolTipTitle" ToolTipDescription="$LocLabels:vacvtvacvt.Form.mcs_resource.MainTab.Resource.UpdateAll.ToolTipDescription" />
                  <Button Command="vacvtvacvt.Form.mcs_resource.MainTab.Resource.ReplaceAll.Command" Id="vacvtvacvt.Form.mcs_resource.MainTab.Resource.ReplaceAll" Image32by32="/_imgs/ribbon/runworkflow32.png" Image16by16="/_imgs/ribbon/StartWorkflow_16.png" LabelText="$LocLabels:vacvtvacvt.Form.mcs_resource.MainTab.Resource.ReplaceAll.LabelText" Sequence="50" TemplateAlias="o1" ToolTipTitle="$LocLabels:vacvtvacvt.Form.mcs_resource.MainTab.Resource.ReplaceAll.ToolTipTitle" ToolTipDescription="$LocLabels:vacvtvacvt.Form.mcs_resource.MainTab.Resource.ReplaceAll.ToolTipDescription" />
                </Controls>
              </Group>
            </CommandUIDefinition>
          </CustomAction>
          <CustomAction Id="tmp.vacvt.Form.mcs_resource.MainTab.Resource.MaxSize.CustomAction" Location="Mscrm.Form.mcs_resource.MainTab.Scaling._children" Sequence="10">
            <CommandUIDefinition>
              <MaxSize GroupId="vacvt.Form.mcs_resource.MainTab.Resource" Id="vacvt.Form.mcs_resource.MainTab.Resource.MaxSize" Sequence="10" Size="LargeMedium" />
            </CommandUIDefinition>
          </CustomAction>
          <CustomAction Id="tmp.vacvt.Form.mcs_resource.MainTab.Resource.Scale.Popup.CustomAction" Location="Mscrm.Form.mcs_resource.MainTab.Scaling._children" Sequence="300">
            <CommandUIDefinition>
              <Scale GroupId="vacvt.Form.mcs_resource.MainTab.Resource" Id="vacvt.Form.mcs_resource.MainTab.Resource.Scale.Popup" Sequence="300" Size="Popup" />
            </CommandUIDefinition>
          </CustomAction>
          <HideCustomAction HideActionId="vacvtMscrm.Form.mcs_resource.Activate.HideAction" Location="Mscrm.Form.mcs_resource.Activate" />
          <HideCustomAction HideActionId="vacvtMscrm.Form.mcs_resource.AddConnection.HideAction" Location="Mscrm.Form.mcs_resource.AddConnection" />
          <HideCustomAction HideActionId="vacvtMscrm.Form.mcs_resource.AddToQueue.HideAction" Location="Mscrm.Form.mcs_resource.AddToQueue" />
          <HideCustomAction HideActionId="vacvtMscrm.Form.mcs_resource.Assign.HideAction" Location="Mscrm.Form.mcs_resource.Assign" />
          <HideCustomAction HideActionId="vacvtMscrm.Form.mcs_resource.Close.HideAction" Location="Mscrm.Form.mcs_resource.Close" />
          <HideCustomAction HideActionId="vacvtMscrm.Form.mcs_resource.Convert.Case.HideAction" Location="Mscrm.Form.mcs_resource.Convert.Case" />
          <HideCustomAction HideActionId="vacvtMscrm.Form.mcs_resource.Convert.Opportunity.HideAction" Location="Mscrm.Form.mcs_resource.Convert.Opportunity" />
          <HideCustomAction HideActionId="vacvtMscrm.Form.mcs_resource.CopySelected.HideAction" Location="Mscrm.Form.mcs_resource.CopySelected" />
          <HideCustomAction HideActionId="vacvtMscrm.Form.mcs_resource.Permissions.HideAction" Location="Mscrm.Form.mcs_resource.Permissions" />
          <HideCustomAction HideActionId="vacvtMscrm.Form.mcs_resource.PromoteToResponse.HideAction" Location="Mscrm.Form.mcs_resource.PromoteToResponse" />
          <HideCustomAction HideActionId="vacvtMscrm.Form.mcs_resource.QueueItemDetail.HideAction" Location="Mscrm.Form.mcs_resource.QueueItemDetail" />
          <HideCustomAction HideActionId="vacvtMscrm.Form.mcs_resource.SendSelected.HideAction" Location="Mscrm.Form.mcs_resource.SendSelected" />
          <HideCustomAction HideActionId="vacvtMscrm.HomepageGrid.mcs_resource.Activate.HideAction" Location="Mscrm.HomepageGrid.mcs_resource.Activate" />
          <HideCustomAction HideActionId="vacvtMscrm.HomepageGrid.mcs_resource.AddConnection.HideAction" Location="Mscrm.HomepageGrid.mcs_resource.AddConnection" />
          <HideCustomAction HideActionId="vacvtMscrm.HomepageGrid.mcs_resource.AddToQueue.HideAction" Location="Mscrm.HomepageGrid.mcs_resource.AddToQueue" />
          <HideCustomAction HideActionId="vacvtMscrm.HomepageGrid.mcs_resource.Detect.HideAction" Location="Mscrm.HomepageGrid.mcs_resource.Detect" />
          <HideCustomAction HideActionId="vacvtMscrm.HomepageGrid.mcs_resource.SendDirectEmail.HideAction" Location="Mscrm.HomepageGrid.mcs_resource.SendDirectEmail" />
          <HideCustomAction HideActionId="vacvtMscrm.SubGrid.mcs_resource.Activate.HideAction" Location="Mscrm.SubGrid.mcs_resource.Activate" />
          <HideCustomAction HideActionId="vacvtMscrm.SubGrid.mcs_resource.AddConnection.HideAction" Location="Mscrm.SubGrid.mcs_resource.AddConnection" />
          <HideCustomAction HideActionId="vacvtMscrm.SubGrid.mcs_resource.AddEmail.HideAction" Location="Mscrm.SubGrid.mcs_resource.AddEmail" />
          <HideCustomAction HideActionId="vacvtMscrm.SubGrid.mcs_resource.AddToQueue.HideAction" Location="Mscrm.SubGrid.mcs_resource.AddToQueue" />
          <HideCustomAction HideActionId="vacvtMscrm.SubGrid.mcs_resource.BulkDelete.HideAction" Location="Mscrm.SubGrid.mcs_resource.BulkDelete" />
          <HideCustomAction HideActionId="vacvtMscrm.SubGrid.mcs_resource.Detect.HideAction" Location="Mscrm.SubGrid.mcs_resource.Detect" />
          <HideCustomAction HideActionId="vacvtMscrm.SubGrid.mcs_resource.MailMerge.HideAction" Location="Mscrm.SubGrid.mcs_resource.MailMerge" />
          <HideCustomAction HideActionId="vacvtMscrm.SubGrid.mcs_resource.Remove.HideAction" Location="Mscrm.SubGrid.mcs_resource.Remove" />
        </CustomActions>
        <Templates>
          <RibbonTemplates Id="Mscrm.Templates"></RibbonTemplates>
        </Templates>
        <CommandDefinitions>
          <CommandDefinition Id="vacvtvacvt.Form.mcs_resource.MainTab.Resource.Calendar.Command">
            <EnableRules>
              <EnableRule Id="vacvtvacvt.Form.mcs_resource.MainTab.Resource.Calendar.Command.EnableRule.FormStateRule" />
            </EnableRules>
            <DisplayRules />
            <Actions>
              <JavaScriptFunction FunctionName="MCS.mcs_Resource_Buttons.openResourceCalendar" Library="$webresource:mcs_ResourceRibbonFunctions.js">
                <CrmParameter Value="PrimaryControl" />
              </JavaScriptFunction>
            </Actions>
          </CommandDefinition>
          <CommandDefinition Id="vacvtvacvt.Form.mcs_resource.MainTab.Resource.DeleteAll.Command">
            <EnableRules>
              <EnableRule Id="vacvtvacvt.Form.mcs_resource.MainTab.Resource.DeleteAll.Command.EnableRule.FormStateRule" />
            </EnableRules>
            <DisplayRules>
              <DisplayRule Id="vacvtvacvt.Form.mcs_resource.MainTab.Resource.DeleteAll.Command.DisplayRule.EntityPrivilegeRule" />
            </DisplayRules>
            <Actions>
              <JavaScriptFunction FunctionName="MCS.mcs_Resource_Buttons.DeleteResourceConnections" Library="$webresource:mcs_ResourceRibbonFunctions.js" />
            </Actions>
          </CommandDefinition>
          <CommandDefinition Id="vacvtvacvt.Form.mcs_resource.MainTab.Resource.ReplaceAll.Command">
            <EnableRules>
              <EnableRule Id="vacvtvacvt.Form.mcs_resource.MainTab.Resource.ReplaceAll.Command.EnableRule.FormStateRule" />
            </EnableRules>
            <DisplayRules>
              <DisplayRule Id="vacvtvacvt.Form.mcs_resource.MainTab.Resource.ReplaceAll.Command.DisplayRule.EntityPrivilegeRule" />
            </DisplayRules>
            <Actions>
              <JavaScriptFunction FunctionName="MCS.mcs_Resource_Buttons.ReplaceResource" Library="$webresource:mcs_ResourceRibbonFunctions.js">
                <CrmParameter Value="PrimaryControl" />
              </JavaScriptFunction>
            </Actions>
          </CommandDefinition>
          <CommandDefinition Id="vacvtvacvt.Form.mcs_resource.MainTab.Resource.UpdateAll.Command">
            <EnableRules>
              <EnableRule Id="vacvtvacvt.Form.mcs_resource.MainTab.Resource.UpdateAll.Command.EnableRule.FormStateRule" />
            </EnableRules>
            <DisplayRules>
              <DisplayRule Id="vacvtvacvt.Form.mcs_resource.MainTab.Resource.UpdateAll.Command.DisplayRule.EntityPrivilegeRule" />
            </DisplayRules>
            <Actions>
              <JavaScriptFunction FunctionName="MCS.mcs_Resource_Buttons.UpdateResourceConnections" Library="$webresource:mcs_ResourceRibbonFunctions.js" />
            </Actions>
          </CommandDefinition>
        </CommandDefinitions>
        <RuleDefinitions>
          <TabDisplayRules />
          <DisplayRules>
            <DisplayRule Id="vacvtvacvt.Form.mcs_resource.MainTab.Resource.DeleteAll.Command.DisplayRule.EntityPrivilegeRule">
              <EntityPrivilegeRule PrivilegeType="Write" PrivilegeDepth="Deep" AppliesTo="SelectedEntity" EntityName="mcs_services" Default="false" InvertResult="false" />
            </DisplayRule>
            <DisplayRule Id="vacvtvacvt.Form.mcs_resource.MainTab.Resource.ReplaceAll.Command.DisplayRule.EntityPrivilegeRule">
              <EntityPrivilegeRule PrivilegeType="Write" PrivilegeDepth="Deep" AppliesTo="SelectedEntity" EntityName="mcs_services" Default="false" InvertResult="false" />
            </DisplayRule>
            <DisplayRule Id="vacvtvacvt.Form.mcs_resource.MainTab.Resource.UpdateAll.Command.DisplayRule.EntityPrivilegeRule">
              <EntityPrivilegeRule PrivilegeType="Write" PrivilegeDepth="Deep" AppliesTo="SelectedEntity" EntityName="mcs_services" Default="false" InvertResult="false" />
            </DisplayRule>
          </DisplayRules>
          <EnableRules>
            <EnableRule Id="vacvtvacvt.Form.mcs_resource.MainTab.Resource.Calendar.Command.EnableRule.FormStateRule">
              <FormStateRule State="Existing" Default="false" InvertResult="false" />
            </EnableRule>
            <EnableRule Id="vacvtvacvt.Form.mcs_resource.MainTab.Resource.DeleteAll.Command.EnableRule.FormStateRule">
              <FormStateRule State="Existing" Default="false" InvertResult="false" />
            </EnableRule>
            <EnableRule Id="vacvtvacvt.Form.mcs_resource.MainTab.Resource.ReplaceAll.Command.EnableRule.FormStateRule">
              <FormStateRule State="Existing" Default="false" InvertResult="false" />
            </EnableRule>
            <EnableRule Id="vacvtvacvt.Form.mcs_resource.MainTab.Resource.UpdateAll.Command.EnableRule.FormStateRule">
              <FormStateRule State="Existing" Default="false" InvertResult="false" />
            </EnableRule>
          </EnableRules>
        </RuleDefinitions>
        <LocLabels>
          <LocLabel Id="MCSRM.Form.mcs_resource.Activate.Alt">
            <Titles>
              <Title description="Activate" languagecode="1033" />
            </Titles>
          </LocLabel>
          <LocLabel Id="MCSRM.Form.mcs_resource.Activate.LabelText">
            <Titles>
              <Title description="Activate" languagecode="1033" />
            </Titles>
          </LocLabel>
          <LocLabel Id="MCSRM.Form.mcs_resource.Activate.ToolTipDescription">
            <Titles>
              <Title description="Activate these {0}.&lt;br&gt;&lt;br&gt;Active Records can be edited, assigned, shared, or viewed from the Avtive {0} view." languagecode="1033" />
            </Titles>
          </LocLabel>
          <LocLabel Id="MCSRM.Form.mcs_resource.Activate.ToolTipTitle">
            <Titles>
              <Title description="Activate" languagecode="1033" />
            </Titles>
          </LocLabel>
          <LocLabel Id="Mscrm.HomepageGrid.mcs_resource.Activate.Alt">
            <Titles>
              <Title description="Activate" languagecode="1033" />
            </Titles>
          </LocLabel>
          <LocLabel Id="Mscrm.HomepageGrid.mcs_resource.Activate.LabelText">
            <Titles>
              <Title description="Activate" languagecode="1033" />
            </Titles>
          </LocLabel>
          <LocLabel Id="Mscrm.HomepageGrid.mcs_resource.Activate.ToolTipDescription">
            <Titles>
              <Title description="Activate these {0}.&lt;br&gt;&lt;br&gt;Active Records can be edited, assigned, shared, or viewed from the Avtive {0} view." languagecode="1033" />
            </Titles>
          </LocLabel>
          <LocLabel Id="Mscrm.HomepageGrid.mcs_resource.Activate.ToolTipTitle">
            <Titles>
              <Title description="Activate" languagecode="1033" />
            </Titles>
          </LocLabel>
          <LocLabel Id="Mscrm.Subgrid.mcs_resource.Activate.Alt">
            <Titles>
              <Title description="Activate" languagecode="1033" />
            </Titles>
          </LocLabel>
          <LocLabel Id="Mscrm.Subgrid.mcs_resource.Activate.LabelText">
            <Titles>
              <Title description="Activate" languagecode="1033" />
            </Titles>
          </LocLabel>
          <LocLabel Id="Mscrm.Subgrid.mcs_resource.Activate.ToolTipDescription">
            <Titles>
              <Title description="Activate these {0}.&lt;br&gt;&lt;br&gt;Active Records can be edited, assigned, shared, or viewed from the Avtive {0} view." languagecode="1033" />
            </Titles>
          </LocLabel>
          <LocLabel Id="Mscrm.Subgrid.mcs_resource.Activate.ToolTipTitle">
            <Titles>
              <Title description="Activate" languagecode="1033" />
            </Titles>
          </LocLabel>
          <LocLabel Id="vacvt.Form.mcs_resource.MainTab.Resource.Title">
            <Titles>
              <Title description="Resource" languagecode="1033" />
            </Titles>
          </LocLabel>
          <LocLabel Id="vacvtvacvt.Form.mcs_resource.MainTab.Resource.Calendar.LabelText">
            <Titles>
              <Title description="Calendar" languagecode="1033" />
            </Titles>
          </LocLabel>
          <LocLabel Id="vacvtvacvt.Form.mcs_resource.MainTab.Resource.Calendar.ToolTipDescription">
            <Titles>
              <Title description="Calendar Description" languagecode="1033" />
            </Titles>
          </LocLabel>
          <LocLabel Id="vacvtvacvt.Form.mcs_resource.MainTab.Resource.Calendar.ToolTipTitle">
            <Titles>
              <Title description="Calendar" languagecode="1033" />
            </Titles>
          </LocLabel>
          <LocLabel Id="vacvtvacvt.Form.mcs_resource.MainTab.Resource.ReplaceAll.LabelText">
            <Titles>
              <Title description="Replace Resource" languagecode="1033" />
            </Titles>
          </LocLabel>
          <LocLabel Id="vacvtvacvt.Form.mcs_resource.MainTab.Resource.ReplaceAll.ToolTipDescription">
            <Titles>
              <Title description="Replace this TMP Resource's connections with another TMP Resource. " languagecode="1033" />
            </Titles>
          </LocLabel>
          <LocLabel Id="vacvtvacvt.Form.mcs_resource.MainTab.Resource.ReplaceAll.ToolTipTitle">
            <Titles>
              <Title description="Replace Resource" languagecode="1033" />
            </Titles>
          </LocLabel>
          <LocLabel Id="vacvtvacvt.Form.mcs_resource.MainTab.Resource.UpdateAll.LabelText">
            <Titles>
              <Title description="Update All" languagecode="1033" />
            </Titles>
          </LocLabel>
          <LocLabel Id="vacvtvacvt.Form.mcs_resource.MainTab.Resource.UpdateAll.ToolTipDescription">
            <Titles>
              <Title description="Edit this TMP Resource and update all related Provider &amp; Patient Site Resources, as well as Group Resources." languagecode="1033" />
            </Titles>
          </LocLabel>
          <LocLabel Id="vacvtvacvt.Form.mcs_resource.MainTab.Resource.UpdateAll.ToolTipTitle">
            <Titles>
              <Title description="Update All" languagecode="1033" />
            </Titles>
          </LocLabel>
        </LocLabels>
      </RibbonDiffXml>
    </Entity>
    <Entity>
      <Name LocalizedName="Appointment" OriginalName="Service Activity">ServiceAppointment</Name>
      <EntityInfo>
        <entity Name="ServiceAppointment" unmodified="1">
          <attributes />
        </entity>
      </EntityInfo>
      <SavedQueries>
        <savedqueries>
          <savedquery>
            <IsCustomizable>1</IsCustomizable>
            <CanBeDeleted>1</CanBeDeleted>
            <isquickfindquery>0</isquickfindquery>
            <isprivate>0</isprivate>
            <isdefault>0</isdefault>
            <savedqueryid>{e0adeacf-4466-e611-9421-0050568da084}</savedqueryid>
            <layoutxml>
              <grid name="resultset" jump="subject" select="1" preview="1" icon="1">
                <row name="result" id="activityid">
                  <cell name="subject" width="100" />
                  <cell name="mcs_relatedsite" width="200" imageproviderfunctionname="" imageproviderwebresource="$webresource:" />
                  <cell name="mcs_relatedprovidersite" width="200" imageproviderfunctionname="" imageproviderwebresource="$webresource:" />
                  <cell name="scheduledstart" width="150" imageproviderfunctionname="" imageproviderwebresource="$webresource:" />
                  <cell name="scheduleddurationminutes" width="75" imageproviderfunctionname="" imageproviderwebresource="$webresource:" />
                  <cell name="statecode" width="100" />
                  <cell name="statuscode" width="125" />
                  <cell name="customers" width="150" disableSorting="1" imageproviderfunctionname="" imageproviderwebresource="$webresource:" />
                  <cell name="cvt_relatedproviderid" width="150" imageproviderfunctionname="" imageproviderwebresource="$webresource:" />
                  <cell name="cvt_type" width="125" imageproviderfunctionname="" imageproviderwebresource="$webresource:" />
                  <cell name="cvt_telephonecall" width="50" imageproviderfunctionname="" imageproviderwebresource="$webresource:" />
                  <cell name="cvt_patientsiteresourcesrequired" width="50" imageproviderfunctionname="" imageproviderwebresource="$webresource:" />
                  <cell name="mcs_groupappointment" width="50" imageproviderfunctionname="" imageproviderwebresource="$webresource:" />
                  <cell name="cvt_telehealthmodality" width="75" imageproviderfunctionname="" imageproviderwebresource="$webresource:" />
                  <cell name="resources" width="300" disableSorting="1" />
                  <cell name="createdby" width="150" imageproviderfunctionname="" imageproviderwebresource="$webresource:" />
                  <cell name="createdon" width="150" imageproviderfunctionname="" imageproviderwebresource="$webresource:" />
                  <cell name="modifiedby" width="150" imageproviderfunctionname="" imageproviderwebresource="$webresource:" />
                  <cell name="modifiedon" width="150" imageproviderfunctionname="" imageproviderwebresource="$webresource:" />
                  <cell name="a_f09e0c7bb7c0e311aa2400155d5575e0.internalemailaddress" width="10" disableSorting="1" />
                  <cell name="a_19c2fb8a370a4af8835fbf44d72a2309.internalemailaddress" width="10" disableSorting="1" />
                  <cell name="a_31275cf955f246179ffade34eb7062f0.internalemailaddress" width="10" disableSorting="1" />
                </row>
              </grid>
            </layoutxml>
            <querytype>0</querytype>
            <fetchxml>
              <fetch version="1.0" output-format="xml-platform" mapping="logical" distinct="false">
                <entity name="serviceappointment">
                  <attribute name="subject" />
                  <attribute name="resources" />
                  <attribute name="scheduledstart" />
                  <attribute name="statuscode" />
                  <attribute name="statecode" />
                  <attribute name="scheduleddurationminutes" />
                  <attribute name="modifiedby" />
                  <attribute name="createdby" />
                  <attribute name="createdon" />
                  <attribute name="mcs_relatedprovidersite" />
                  <attribute name="mcs_relatedsite" />
                  <attribute name="cvt_relatedproviderid" />
                  <attribute name="customers" />
                  <attribute name="cvt_type" />
                  <attribute name="cvt_telephonecall" />
                  <attribute name="cvt_telehealthmodality" />
                  <attribute name="cvt_patientsiteresourcesrequired" />
                  <attribute name="mcs_groupappointment" />
                  <attribute name="modifiedon" />
                  <order attribute="createdon" descending="true" />
                  <filter type="and">
                    <condition attribute="statecode" operator="in">
                      <value>3</value>
                      <value>2</value>
                      <value>1</value>
                      <value>0</value>
                    </condition>
                    <condition attribute="createdon" operator="today" />
                  </filter>
                  <link-entity name="systemuser" from="systemuserid" to="cvt_relatedproviderid" visible="false" link-type="outer" alias="a_f09e0c7bb7c0e311aa2400155d5575e0">
                    <attribute name="internalemailaddress" />
                  </link-entity>
                  <link-entity name="systemuser" from="systemuserid" to="createdby" visible="false" link-type="outer" alias="a_19c2fb8a370a4af8835fbf44d72a2309">
                    <attribute name="internalemailaddress" />
                  </link-entity>
                  <link-entity name="systemuser" from="systemuserid" to="modifiedby" visible="false" link-type="outer" alias="a_31275cf955f246179ffade34eb7062f0">
                    <attribute name="internalemailaddress" />
                  </link-entity>
                  <attribute name="activityid" />
                </entity>
              </fetch>
            </fetchxml>
            <IntroducedVersion>1.0</IntroducedVersion>
            <LocalizedNames>
              <LocalizedName description="All Appointments - Created Today" languagecode="1033" />
            </LocalizedNames>
          </savedquery>
        </savedqueries>
      </SavedQueries>
      <Visualizations>
        <visualization>
          <savedqueryvisualizationid>{C1BDF9E2-FAB6-EB11-8236-001DD802119B}</savedqueryvisualizationid>
          <datadescription>
            <datadefinition>
              <fetchcollection>
                <fetch mapping="logical" aggregate="true">
                  <entity name="serviceappointment">
                    <attribute name="statecode" groupby="true" alias="_CRMAutoGen_groupby_column_Num_0" />
                    <attribute name="mcs_appointmentid" aggregate="count" alias="_CRMAutoGen_aggregate_column_Num_0" />
                  </entity>
                </fetch>
              </fetchcollection>
              <categorycollection>
                <category alias="_CRMAutoGen_groupby_column_Num_0">
                  <measurecollection>
                    <measure alias="_CRMAutoGen_aggregate_column_Num_0" />
                  </measurecollection>
                </category>
              </categorycollection>
            </datadefinition>
          </datadescription>
          <presentationdescription>
            <Chart Palette="None" PaletteCustomColors="91,151,213; 237,125,49; 160,116,166; 255,192,0; 68,114,196; 112,173,71; 37,94,145; 158,72,14; 117,55,125; 153,115,0; 38,68,120; 67,104,43; 124,175,221; 241,151,90; 186,144,192; 255,205,51; 105,142,208; 140,193,104; 50,125,194; 210,96,18; 150,83,159; 204,154,0; 51,90,161; 90,138,57;">
              <Series>
                <Series ChartType="Line" IsValueShownAsLabel="True" BorderWidth="3" MarkerStyle="Square" MarkerSize="9" MarkerColor="37, 128, 153" MarkerBorderColor="37, 128, 153" />
              </Series>
              <ChartAreas>
                <ChartArea BorderColor="White" BorderDashStyle="Solid">
                  <AxisY LabelAutoFitMinFontSize="8" TitleForeColor="59, 59, 59" TitleFont="{0}, 10.5px" LineColor="165, 172, 181" IntervalAutoMode="VariableCount">
                    <MajorGrid LineColor="239, 242, 246" />
                    <MajorTickMark LineColor="165, 172, 181" />
                    <LabelStyle Font="{0}, 10.5px" ForeColor="59, 59, 59" />
                  </AxisY>
                  <AxisX LabelAutoFitMinFontSize="8" TitleForeColor="59, 59, 59" TitleFont="{0}, 10.5px" LineColor="165, 172, 181" IntervalAutoMode="VariableCount">
                    <MajorTickMark LineColor="165, 172, 181" />
                    <MajorGrid LineColor="Transparent" />
                    <LabelStyle Font="{0}, 10.5px" ForeColor="59, 59, 59" />
                  </AxisX>
                </ChartArea>
              </ChartAreas>
              <Titles>
                <Title Alignment="TopLeft" DockingOffset="-3" Font="{0}, 13px" ForeColor="59, 59, 59" />
              </Titles>
              <Legends>
                <Legend Alignment="Center" LegendStyle="Table" Docking="right" IsEquallySpacedItems="True" Font="{0}, 11px" ShadowColor="0, 0, 0, 0" ForeColor="59, 59, 59" />
              </Legends>
            </Chart>
          </presentationdescription>
          <isdefault>0</isdefault>
          <LocalizedNames>
            <LocalizedName description="Appointment by Status (Line Graph)" languagecode="1033" />
          </LocalizedNames>
          <IsCustomizable>1</IsCustomizable>
          <IntroducedVersion>1.0.0.0</IntroducedVersion>
          <CanBeDeleted>1</CanBeDeleted>
        </visualization>
      </Visualizations>
      <RibbonDiffXml>
        <CustomActions>
          <HideCustomAction HideActionId="cvt.Mscrm.Form.serviceappointment.AddConnection.Hide" Location="Mscrm.Form.serviceappointment.AddConnection" />
          <HideCustomAction HideActionId="cvt.Mscrm.Form.serviceappointment.AddConnection.MenuSection.Hide" Location="Mscrm.Form.serviceappointment.AddConnection.MenuSection" />
          <HideCustomAction HideActionId="cvt.Mscrm.Form.serviceappointment.AddConnectionNew.Hide" Location="Mscrm.Form.serviceappointment.AddConnectionNew" />
          <HideCustomAction HideActionId="cvt.Mscrm.Form.serviceappointment.AddConnectionToMe.Hide" Location="Mscrm.Form.serviceappointment.AddConnectionToMe" />
          <HideCustomAction HideActionId="cvt.Mscrm.Form.serviceappointment.AddToQueue.Hide" Location="Mscrm.Form.serviceappointment.AddToQueue" />
          <HideCustomAction HideActionId="cvt.Mscrm.Form.serviceappointment.Assign.Hide" Location="Mscrm.Form.serviceappointment.Assign" />
          <HideCustomAction HideActionId="cvt.Mscrm.Form.serviceappointment.Close.Hide" Location="Mscrm.Form.serviceappointment.Close" />
          <HideCustomAction HideActionId="cvt.Mscrm.Form.serviceappointment.Convert.Case.Hide" Location="Mscrm.Form.serviceappointment.Convert.Case" />
          <HideCustomAction HideActionId="cvt.Mscrm.Form.serviceappointment.Convert.Opportunity.Hide" Location="Mscrm.Form.serviceappointment.Convert.Opportunity" />
          <HideCustomAction HideActionId="cvt.Mscrm.Form.serviceappointment.CopySelected.Hide" Location="Mscrm.Form.serviceappointment.CopySelected" />
          <HideCustomAction HideActionId="cvt.Mscrm.Form.serviceappointment.Delete.Hide" Location="Mscrm.Form.serviceappointment.Delete" />
          <HideCustomAction HideActionId="cvt.Mscrm.Form.serviceappointment.FollowButton.Hide" Location="Mscrm.Form.serviceappointment.FollowButton" />
          <HideCustomAction HideActionId="cvt.Mscrm.Form.serviceappointment.Permissions.Grant.Hide" Location="Mscrm.Form.serviceappointment.Permissions.Grant" />
          <HideCustomAction HideActionId="cvt.Mscrm.Form.serviceappointment.Permissions.Hide" Location="Mscrm.Form.serviceappointment.Permissions" />
          <HideCustomAction HideActionId="cvt.Mscrm.Form.serviceappointment.Permissions.Sharing.Hide" Location="Mscrm.Form.serviceappointment.Permissions.Sharing" />
          <HideCustomAction HideActionId="cvt.Mscrm.Form.serviceappointment.PromoteToResponse.Hide" Location="Mscrm.Form.serviceappointment.PromoteToResponse" />
          <HideCustomAction HideActionId="cvt.Mscrm.Form.serviceappointment.QueueItemDetail.Hide" Location="Mscrm.Form.serviceappointment.QueueItemDetail" />
          <HideCustomAction HideActionId="cvt.Mscrm.Form.serviceappointment.Reports.Hide" Location="Mscrm.Form.serviceappointment.Reports" />
          <HideCustomAction HideActionId="cvt.Mscrm.Form.serviceappointment.SendDirect.Hide" Location="Mscrm.Form.serviceappointment.SendDirect" />
          <HideCustomAction HideActionId="cvt.Mscrm.Form.serviceappointment.UnfollowButton.Hide" Location="Mscrm.Form.serviceappointment.UnfollowButton" />
          <HideCustomAction HideActionId="cvt.Mscrm.Form.serviceappointment.ViewHierarchy.Hide" Location="Mscrm.Form.serviceappointment.ViewHierarchy" />
          <HideCustomAction HideActionId="cvt.Mscrm.HomepageGrid.serviceappointment.AddAppointment.Hide" Location="Mscrm.HomepageGrid.serviceappointment.AddAppointment" />
          <HideCustomAction HideActionId="cvt.Mscrm.HomepageGrid.serviceappointment.AddConnection.Hide" Location="Mscrm.HomepageGrid.serviceappointment.AddConnection" />
          <HideCustomAction HideActionId="cvt.Mscrm.HomepageGrid.serviceappointment.AddConnection.MenuSection.Hide" Location="Mscrm.HomepageGrid.serviceappointment.AddConnection.MenuSection" />
          <HideCustomAction HideActionId="cvt.Mscrm.HomepageGrid.serviceappointment.AddConnectionNew.Hide" Location="Mscrm.HomepageGrid.serviceappointment.AddConnectionNew" />
          <HideCustomAction HideActionId="cvt.Mscrm.HomepageGrid.serviceappointment.AddConnectionToMe.Hide" Location="Mscrm.HomepageGrid.serviceappointment.AddConnectionToMe" />
          <HideCustomAction HideActionId="cvt.Mscrm.HomepageGrid.serviceappointment.AddEmail.Hide" Location="Mscrm.HomepageGrid.serviceappointment.AddEmail" />
          <HideCustomAction HideActionId="cvt.Mscrm.HomepageGrid.serviceappointment.AddFax.Hide" Location="Mscrm.HomepageGrid.serviceappointment.AddFax" />
          <HideCustomAction HideActionId="cvt.Mscrm.HomepageGrid.serviceappointment.AddLetter.Hide" Location="Mscrm.HomepageGrid.serviceappointment.AddLetter" />
          <HideCustomAction HideActionId="cvt.Mscrm.HomepageGrid.serviceappointment.AddPhone.Hide" Location="Mscrm.HomepageGrid.serviceappointment.AddPhone" />
          <HideCustomAction HideActionId="cvt.Mscrm.HomepageGrid.serviceappointment.AddTask.Hide" Location="Mscrm.HomepageGrid.serviceappointment.AddTask" />
          <HideCustomAction HideActionId="cvt.Mscrm.HomepageGrid.serviceappointment.AddToQueue.Hide" Location="Mscrm.HomepageGrid.serviceappointment.AddToQueue" />
          <HideCustomAction HideActionId="cvt.Mscrm.HomepageGrid.serviceappointment.Assign.Hide" Location="Mscrm.HomepageGrid.serviceappointment.Assign" />
          <HideCustomAction HideActionId="cvt.Mscrm.HomepageGrid.serviceappointment.Copy.Hide" Location="Mscrm.HomepageGrid.serviceappointment.Copy" />
          <HideCustomAction HideActionId="cvt.Mscrm.HomepageGrid.serviceappointment.Copy.MenuSection.Hide" Location="Mscrm.HomepageGrid.serviceappointment.Copy.MenuSection" />
          <HideCustomAction HideActionId="cvt.Mscrm.HomepageGrid.serviceappointment.Copy.Selected.Hide" Location="Mscrm.HomepageGrid.serviceappointment.Copy.Selected" />
          <HideCustomAction HideActionId="cvt.Mscrm.HomepageGrid.serviceappointment.Copy.View.Hide" Location="Mscrm.HomepageGrid.serviceappointment.Copy.View" />
          <HideCustomAction HideActionId="cvt.Mscrm.HomepageGrid.serviceappointment.DeleteMenu.Hide" Location="Mscrm.HomepageGrid.serviceappointment.DeleteMenu" />
          <HideCustomAction HideActionId="cvt.Mscrm.HomepageGrid.serviceappointment.FollowButton.Hide" Location="Mscrm.HomepageGrid.serviceappointment.FollowButton" />
          <HideCustomAction HideActionId="cvt.Mscrm.HomepageGrid.serviceappointment.Import.Hide" Location="Mscrm.HomepageGrid.serviceappointment.Import" />
          <HideCustomAction HideActionId="cvt.Mscrm.HomepageGrid.serviceappointment.RunReport.Hide" Location="Mscrm.HomepageGrid.serviceappointment.RunReport" />
          <HideCustomAction HideActionId="cvt.Mscrm.HomepageGrid.serviceappointment.SendDirectEmail.Hide" Location="Mscrm.HomepageGrid.serviceappointment.SendDirectEmail" />
          <HideCustomAction HideActionId="cvt.Mscrm.HomepageGrid.serviceappointment.Sharing.Hide" Location="Mscrm.HomepageGrid.serviceappointment.Sharing" />
          <HideCustomAction HideActionId="cvt.Mscrm.HomepageGrid.serviceappointment.UnfollowButton.Hide" Location="Mscrm.HomepageGrid.serviceappointment.UnfollowButton" />
          <HideCustomAction HideActionId="cvt.Mscrm.HomepageGrid.serviceappointment.ViewHierarchy.Hide" Location="Mscrm.HomepageGrid.serviceappointment.ViewHierarchy" />
          <HideCustomAction HideActionId="cvt.Mscrm.SubGrid.serviceappointment.AddConnection.Hide" Location="Mscrm.SubGrid.serviceappointment.AddConnection" />
          <HideCustomAction HideActionId="cvt.Mscrm.SubGrid.serviceappointment.AdvMergeRecords.Hide" Location="Mscrm.SubGrid.serviceappointment.AdvMergeRecords" />
          <HideCustomAction HideActionId="cvt.Mscrm.SubGrid.serviceappointment.Assign.Hide" Location="Mscrm.SubGrid.serviceappointment.Assign" />
          <HideCustomAction HideActionId="cvt.Mscrm.SubGrid.serviceappointment.CopySelected.Hide" Location="Mscrm.SubGrid.serviceappointment.CopySelected" />
          <HideCustomAction HideActionId="cvt.Mscrm.SubGrid.serviceappointment.FollowButton.Hide" Location="Mscrm.SubGrid.serviceappointment.FollowButton" />
          <HideCustomAction HideActionId="cvt.Mscrm.SubGrid.serviceappointment.MailMerge.Hide" Location="Mscrm.SubGrid.serviceappointment.MailMerge" />
          <HideCustomAction HideActionId="cvt.Mscrm.SubGrid.serviceappointment.Sharing.Hide" Location="Mscrm.SubGrid.serviceappointment.Sharing" />
          <HideCustomAction HideActionId="cvt.Mscrm.SubGrid.serviceappointment.UnfollowButton.Hide" Location="Mscrm.SubGrid.serviceappointment.UnfollowButton" />
          <HideCustomAction HideActionId="cvtMscrm.Form.serviceappointment.Schedule.HideAction" Location="Mscrm.Form.serviceappointment.Schedule" />
          <HideCustomAction HideActionId="mcsMscrm.Form.serviceappointment.NewRecord.HideAction" Location="Mscrm.Form.serviceappointment.NewRecord" />
          <HideCustomAction HideActionId="mcsMscrm.Form.serviceappointment.Save.HideAction" Location="Mscrm.Form.serviceappointment.Save" />
          <HideCustomAction HideActionId="mcsMscrm.Form.serviceappointment.SaveAndClose.HideAction" Location="Mscrm.Form.serviceappointment.SaveAndClose" />
          <HideCustomAction HideActionId="mcsMscrm.Form.serviceappointment.SaveAndNew.HideAction" Location="Mscrm.Form.serviceappointment.SaveAndNew" />
          <HideCustomAction HideActionId="mcsMscrm.Form.serviceappointment.SaveAsComplete.HideAction" Location="Mscrm.Form.serviceappointment.SaveAsComplete" />
          <CustomAction Id="tmp.cvt.Form.serviceappointment.MainTab.Actions.ReOpenSA.Button.CustomAction" Location="Mscrm.Form.serviceappointment.MainTab.Actions.Controls._children" Sequence="29">
            <CommandUIDefinition>
              <Button Command="cvt.Form.serviceappointment.MainTab.Actions.ReOpenSA.Command" Id="cvt.Form.serviceappointment.MainTab.Actions.ReOpenSA.Button" Image32by32="/_imgs/ribbon/Activate_32.png" Image16by16="/_imgs/ribbon/Activate_16.png" LabelText="$LocLabels:cvt.Form.serviceappointment.MainTab.Actions.ReOpenSA.Button.LabelText" Sequence="29" TemplateAlias="o2" ToolTipTitle="$LocLabels:cvt.Form.serviceappointment.MainTab.Actions.ReOpenSA.Button.ToolTipTitle" ToolTipDescription="$LocLabels:cvt.Form.serviceappointment.MainTab.Actions.ReOpenSA.Button.ToolTipDescription" ModernImage="Activate" />
            </CommandUIDefinition>
          </CustomAction>
          <CustomAction Id="tmp.cvt.Form.serviceappointment.MainTab.Actions.Schedule.FindAvailableTimes.Button.CustomAction" Location="Mscrm.Form.serviceappointment.MainTab.Actions.Controls._children" Sequence="28">
            <CommandUIDefinition>
              <Button Command="cvt.Form.serviceappointment.MainTab.Actions.Schedule.Command" Id="cvt.Form.serviceappointment.MainTab.Actions.Schedule.FindAvailableTimes.Button" Image32by32="/_imgs/ribbon/Entity32_4201.png" Image16by16="/_imgs/ribbon/appointment_16.png" LabelText="$LocLabels:cvt.Form.serviceappointment.MainTab.Actions.Schedule.FindAvailableTimes.Button.LabelText" Sequence="28" TemplateAlias="o1" ToolTipTitle="$LocLabels:cvt.Form.serviceappointment.MainTab.Actions.Schedule.FindAvailableTimes.Button.ToolTipTitle" ToolTipDescription="$LocLabels:cvt.Form.serviceappointment.MainTab.Actions.Schedule.FindAvailableTimes.Button.ToolTipDescription" />
            </CommandUIDefinition>
          </CustomAction>
          <CustomAction Id="tmp.cvt.Form.serviceappointment.MainTab.Management.EditSeries.Button.CustomAction" Location="Mscrm.Form.serviceappointment.MainTab.Management.Controls._children" Sequence="40">
            <CommandUIDefinition>
              <Button Command="cvt.Form.serviceappointment.MainTab.Management.editseries.Command" Id="cvt.Form.serviceappointment.MainTab.Management.EditSeries.Button" Image32by32="/_imgs/ribbon/Entity32_4201.png" Image16by16="/_imgs/ribbon/appointment_16.png" LabelText="$LocLabels:cvt.Form.serviceappointment.MainTab.Management.EditSeries.Button.LabelText" Sequence="40" TemplateAlias="isv" ToolTipTitle="$LocLabels:cvt.Form.serviceappointment.MainTab.Management.EditSeries.Button.ToolTipTitle" ToolTipDescription="$LocLabels:cvt.Form.serviceappointment.MainTab.Management.EditSeries.Button.ToolTipDescription" />
            </CommandUIDefinition>
          </CustomAction>
          <CustomAction Id="tmp.cvt.Form.serviceappointment.MainTab.Management.RecurringServiceActivity.Button.CustomAction" Location="Mscrm.Form.serviceappointment.MainTab.Management.Controls._children" Sequence="20">
            <CommandUIDefinition>
              <Button Command="cvt.Form.serviceappointment.MainTab.Management.RecurringServiceActivity.Command" Id="cvt.Form.serviceappointment.MainTab.Management.RecurringServiceActivity.Button" Image32by32="/_imgs/ribbon/Entity32_4201.png" Image16by16="/_imgs/ribbon/appointment_16.png" LabelText="$LocLabels:cvt.Form.serviceappointment.MainTab.Management.RecurringServiceActivity.Button.LabelText" Sequence="20" TemplateAlias="isv" ToolTipTitle="$LocLabels:cvt.Form.serviceappointment.MainTab.Management.RecurringServiceActivity.Button.ToolTipTitle" ToolTipDescription="$LocLabels:cvt.Form.serviceappointment.MainTab.Management.RecurringServiceActivity.Button.ToolTipDescription" />
            </CommandUIDefinition>
          </CustomAction>
          <CustomAction Id="tmp.cvt.serviceappointment.Form.CancelAppointment.Button.CustomAction" Location="Mscrm.Form.serviceappointment.MainTab.Actions.Controls._children" Sequence="0">
            <CommandUIDefinition>
              <Button Alt="$LocLabels:cvt.serviceappointment.Form.CancelAppointment.Button.Alt" Command="cvt.serviceappointment.Form.CancelActivity.Command" Id="cvt.serviceappointment.Form.CancelAppointment.Button" Image32by32="/_imgs/ribbon/TaskSaveAsCancelled_32.png" Image16by16="/_imgs/ribbon/ActivitySaveAsCancelled_16.png" LabelText="$LocLabels:cvt.serviceappointment.Form.CancelAppointment.Button.LabelText" Sequence="0" TemplateAlias="o1" ToolTipTitle="$LocLabels:cvt.serviceappointment.Form.CancelAppointment.Button.ToolTipTitle" ToolTipDescription="$LocLabels:cvt.serviceappointment.Form.CancelAppointment.Button.ToolTipDescription" ModernImage="Close" />
            </CommandUIDefinition>
          </CustomAction>
          <CustomAction Id="tmp.cvt.serviceappointment.Form.CompleteAppointment.Button.CustomAction" Location="Mscrm.Form.serviceappointment.MainTab.Actions.Controls._children" Sequence="14">
            <CommandUIDefinition>
              <Button Alt="$LocLabels:cvt.serviceappointment.Form.CompleteAppointment.Button.Alt" Command="cvt.serviceappointment.Form.CompleteActivity.Command" Id="cvt.serviceappointment.Form.CompleteAppointment.Button" Image32by32="/_imgs/ribbon/TaskSaveAsCompleted_32.png" Image16by16="/_imgs/ribbon/Activate_16.png" LabelText="$LocLabels:cvt.serviceappointment.Form.CompleteAppointment.Button.LabelText" Sequence="14" TemplateAlias="o1" ToolTipTitle="$LocLabels:cvt.serviceappointment.Form.CompleteAppointment.Button.ToolTipTitle" ToolTipDescription="$LocLabels:cvt.serviceappointment.Form.CompleteAppointment.Button.ToolTipDescription" ModernImage="Close" />
            </CommandUIDefinition>
          </CustomAction>
          <CustomAction Id="tmp.cvt.serviceappointment.Form.Retry.Button.CustomAction" Location="Mscrm.Form.serviceappointment.MainTab.Save.Controls._children" Sequence="80">
            <CommandUIDefinition>
              <Button Alt="$LocLabels:cvt.serviceappointment.Form.Retry.Button.Alt" Command="cvt.serviceappointment.FormButtonRetry.launchOnDemandWorkflowForm.Command" Description="Retry Integration" Id="cvt.serviceappointment.Form.Retry.Button" Image32by32="/_imgs/ribbon/RunWorkflow_32.png" Image16by16="/_imgs/ribbon/RunWorkflow_16.png" LabelText="$LocLabels:cvt.serviceappointment.Form.Retry.Button.LabelText" Sequence="80" TemplateAlias="o2" ToolTipTitle="$LocLabels:cvt.serviceappointment.Form.Retry.Button.ToolTipTitle" ToolTipDescription="$LocLabels:cvt.serviceappointment.Form.Retry.Button.ToolTipDescription" />
            </CommandUIDefinition>
          </CustomAction>
          <CustomAction Id="tmp.cvt.serviceappointment.Home.Retry.Button.CustomAction" Location="Mscrm.HomepageGrid.serviceappointment.MainTab.Management.Controls._children" Sequence="60">
            <CommandUIDefinition>
              <Button Alt="$LocLabels:cvt.serviceappointment.Home.Retry.Button.Alt" Command="cvt.serviceappointment.HomeButtonRetry.launchOnDemandWorkflow.Command" Description="Retry Integration" Id="cvt.serviceappointment.Home.Retry.Button" Image32by32="/_imgs/ribbon/RunWorkflow_32.png" Image16by16="/_imgs/ribbon/RunWorkflow_16.png" LabelText="$LocLabels:cvt.serviceappointment.Home.Retry.Button.LabelText" Sequence="60" TemplateAlias="o2" ToolTipTitle="$LocLabels:cvt.serviceappointment.Home.Retry.Button.ToolTipTitle" ToolTipDescription="$LocLabels:cvt.serviceappointment.Home.Retry.Button.ToolTipDescription" />
            </CommandUIDefinition>
          </CustomAction>
          <CustomAction Id="tmp.cvt.serviceappointment.RetryIntegration.Button.CustomAction" Location="Mscrm.SubGrid.serviceappointment.MainTab.Management.Controls._children" Sequence="45">
            <CommandUIDefinition>
              <Button Alt="$LocLabels:cvt.serviceappointment.RetryIntegration.Button.Alt" Command="cvt.serviceappointment.HomeButtonRetry.launchOnDemandWorkflow.Command" Id="cvt.serviceappointment.RetryIntegration.Button" Image32by32="/_imgs/ribbon/RunWorkflow_32.png" Image16by16="/_imgs/ribbon/RunWorkflow_16.png" LabelText="$LocLabels:cvt.serviceappointment.RetryIntegration.Button.LabelText" Sequence="45" TemplateAlias="o1" ToolTipTitle="$LocLabels:cvt.serviceappointment.RetryIntegration.Button.ToolTipTitle" ToolTipDescription="$LocLabels:cvt.serviceappointment.RetryIntegration.Button.ToolTipDescription" />
            </CommandUIDefinition>
          </CustomAction>
          <CustomAction Id="tmp.mcs.Form.serviceappointment.MainTab.Save.OverrideSave.CustomAction" Location="Mscrm.Form.serviceappointment.MainTab.Save.Controls._children" Sequence="47">
            <CommandUIDefinition>
              <Button Command="mcs.Form.serviceappointment.MainTab.Save.OverrideSave.Command" Id="mcs.Form.serviceappointment.MainTab.Save.OverrideSave" Image32by32="$webresource:cvt_save_32" Image16by16="$webresource:cvt_save_16" LabelText="$LocLabels:mcs.Form.serviceappointment.MainTab.Save.OverrideSave.LabelText" Sequence="47" TemplateAlias="o1" ToolTipTitle="$LocLabels:mcs.Form.serviceappointment.MainTab.Save.OverrideSave.ToolTipTitle" ToolTipDescription="$LocLabels:mcs.Form.serviceappointment.MainTab.Save.OverrideSave.ToolTipDescription" />
            </CommandUIDefinition>
          </CustomAction>
          <CustomAction Id="tmp.mcs.Form.serviceappointment.MainTab.Save.OverrideSaveAndClose.CustomAction" Location="Mscrm.Form.serviceappointment.MainTab.Save.Controls._children" Sequence="90">
            <CommandUIDefinition>
              <Button Command="mcs.Form.serviceappointment.MainTab.Save.OverrideSaveAndClose.Command" Id="mcs.Form.serviceappointment.MainTab.Save.OverrideSaveAndClose" Image32by32="$webresource:cvt_saveandclose_32" Image16by16="$webresource:cvt_saveandclose16" LabelText="$LocLabels:mcs.Form.serviceappointment.MainTab.Save.OverrideSaveAndClose.LabelText" Sequence="90" TemplateAlias="o1" ToolTipTitle="$LocLabels:mcs.Form.serviceappointment.MainTab.Save.OverrideSaveAndClose.ToolTipTitle" ToolTipDescription="$LocLabels:mcs.Form.serviceappointment.MainTab.Save.OverrideSaveAndClose.ToolTipDescription" />
            </CommandUIDefinition>
          </CustomAction>
          <CustomAction Id="tmp.mcs.Form.serviceappointment.MainTab.Save.OverrideSaveAndNew.CustomAction" Location="Mscrm.Form.serviceappointment.MainTab.Save.Controls._children" Sequence="35">
            <CommandUIDefinition>
              <Button Command="mcs.Form.serviceappointment.MainTab.Save.OverrideSaveAndNew.Command" Id="mcs.Form.serviceappointment.MainTab.Save.OverrideSaveAndNew" Image32by32="$webresource:cvt_saveandnew32" Image16by16="$webresource:cvt_saveandnew16" LabelText="$LocLabels:mcs.Form.serviceappointment.MainTab.Save.OverrideSaveAndNew.LabelText" Sequence="35" TemplateAlias="o2" ToolTipTitle="$LocLabels:mcs.Form.serviceappointment.MainTab.Save.OverrideSaveAndNew.ToolTipTitle" ToolTipDescription="$LocLabels:mcs.Form.serviceappointment.MainTab.Save.OverrideSaveAndNew.ToolTipDescription" />
            </CommandUIDefinition>
          </CustomAction>
          <CustomAction Id="tmp.Mscrm.Form.serviceappointment.Close.CustomAction" Location="Mscrm.Form.serviceappointment.MainTab.Actions.Controls._children" Sequence="9">
            <CommandUIDefinition>
              <Button Alt="$Resources(EntityDisplayName):Ribbon.HomepageGrid.MainTab.Actions.Close" Command="Mscrm.Form.CloseActivity" Id="Mscrm.Form.serviceappointment.Close" Image32by32="/_imgs/ribbon/ActivtiyClose_32.png" Image16by16="/_imgs/ribbon/Close_16.png" LabelText="$Resources(EntityDisplayName):Ribbon.HomepageGrid.MainTab.Actions.Close" Sequence="9" TemplateAlias="o1" ToolTipTitle="$Resources(EntityDisplayName):Ribbon.HomepageGrid.MainTab.Actions.Close" ToolTipDescription="$Resources(EntityDisplayName):Mscrm_Form_EntityLogicalName_MainTab_Actions_Close_ToolTipDescription" ModernImage="Close" />
            </CommandUIDefinition>
          </CustomAction>
          <HideCustomAction HideActionId="tmp.Mscrm.HomepageGrid.serviceappointment.ActionButtonForMSTeams.Hide" Location="Mscrm.HomepageGrid.serviceappointment.ActionButtonForMSTeams" />
          <CustomAction Id="tmp.serviceappointment.Button13.Button.dev1.EntityDisplayName.RunWorkflowForm.Button.CustomAction" Location="Mscrm.Form.serviceappointment.MainTab.Actions.Controls._children" Sequence="19">
            <CommandUIDefinition>
              <Button Command="tmp.serviceappointment.Button13.Button.dev1.EntityDisplayName.RunWorkflowForm.Command" Description="{&quot;smartbuttonid&quot;:&quot;smartbutton.runworkflow&quot;,&quot;Title&quot;:&quot;Change Status&quot;,&quot;workflowname&quot;:&quot;Change Status Workflow&quot;,&quot;confirm&quot;:&quot;Updating status...&quot;}" Id="tmp.serviceappointment.Button13.Button.dev1.EntityDisplayName.RunWorkflowForm.Button" Image32by32="$webresource:dev1_/images/runworkflow16.png" Image16by16="$webresource:dev1_/images/runworkflow16.png" LabelText="$LocLabels:tmp.serviceappointment.Button13.Button.dev1.EntityDisplayName.RunWorkflowForm.Button.LabelText" Sequence="19" TemplateAlias="o1" ModernImage="$webresource:dev1_/images/runworkflow.svg" />
            </CommandUIDefinition>
          </CustomAction>
          <CustomAction Id="tmp.serviceappointment.Button15.Button.dev1.EntityDisplayName.RunWorkflowForm.Button.CustomAction" Location="Mscrm.Form.serviceappointment.MainTab.Save.Controls._children" Sequence="0">
            <CommandUIDefinition>
              <Button Command="tmp.serviceappointment.Button15.Button.dev1.EntityDisplayName.AppointmentRetry.RunWorkflowForm.Command" Description="{&quot;smartbuttonid&quot;:&quot;smartbutton.runworkflow&quot;,&quot;Title&quot;:&quot;Retry&quot;,&quot;workflowname&quot;:&quot;Integration Result: Retry&quot;,&quot;confirm&quot;:&quot;Retrying Integrations...&quot;}" Id="tmp.serviceappointment.Button15.Button.dev1.EntityDisplayName.RunWorkflowForm.Button" Image32by32="$webresource:dev1_/images/runworkflow16.png" Image16by16="$webresource:dev1_/images/runworkflow16.png" LabelText="$LocLabels:tmp.serviceappointment.Button15.Button.dev1.EntityDisplayName.RunWorkflowForm.Button.LabelText" Sequence="0" TemplateAlias="o2" ModernImage="$webresource:dev1_/images/runworkflow.svg" />
            </CommandUIDefinition>
          </CustomAction>
          <CustomAction Id="tmp.serviceappointment.ReserveResource.Button.CustomAction" Location="Mscrm.HomepageGrid.serviceappointment.MainTab.Management.Controls._children" Sequence="60">
            <CommandUIDefinition>
              <Button Alt="$LocLabels:tmp.serviceappointment.ReserveResource.Button.Alt" Command="tmp.serviceappointment.ReserveResourceOpen.Command" Id="tmp.serviceappointment.ReserveResource.Button" LabelText="$LocLabels:tmp.serviceappointment.ReserveResource.Button.LabelText" Sequence="60" TemplateAlias="o3" ToolTipTitle="$LocLabels:tmp.serviceappointment.ReserveResource.Button.ToolTipTitle" ToolTipDescription="$LocLabels:tmp.serviceappointment.ReserveResource.Button.ToolTipDescription" />
            </CommandUIDefinition>
          </CustomAction>
        </CustomActions>
        <Templates>
          <RibbonTemplates Id="Mscrm.Templates"></RibbonTemplates>
        </Templates>
        <CommandDefinitions>
          <CommandDefinition Id="cvt.Form.serviceappointment.MainTab.Actions.ReOpenSA.Command">
            <EnableRules />
            <DisplayRules>
              <DisplayRule Id="Mscrm.CanWritePrimary" />
              <DisplayRule Id="Mscrm.PrimaryIsInactive" />
              <DisplayRule Id="Mscrm.PrimaryEntityHasStatecode" />
            </DisplayRules>
            <Actions>
              <JavaScriptFunction FunctionName="ReOpenServiceActivity" Library="$webresource:mcs_serviceactivity.min.js">
                <CrmParameter Value="PrimaryControl" />
              </JavaScriptFunction>
            </Actions>
          </CommandDefinition>
          <CommandDefinition Id="cvt.Form.serviceappointment.MainTab.Actions.Schedule.Command">
            <EnableRules />
            <DisplayRules>
              <DisplayRule Id="cvt.Form.serviceappointment.MainTab.Actions.Schedule.Command.DisplayRule.MiscellaneousPrivilegeRule" />
            </DisplayRules>
            <Actions>
              <JavaScriptFunction FunctionName="ScheduleActivity" Library="$webresource:Service/_static/Activities/serviceappointment/serviceappointment.js">
                <CrmParameter Value="FirstPrimaryItemId" />
                <CrmParameter Value="PrimaryEntityTypeCode" />
              </JavaScriptFunction>
              <JavaScriptFunction FunctionName="fireResourceOnChange" Library="$webresource:tmp_schedulerAddOn.js">
                <CrmParameter Value="PrimaryControl" />
              </JavaScriptFunction>
            </Actions>
          </CommandDefinition>
          <CommandDefinition Id="cvt.Form.serviceappointment.MainTab.Management.editseries.Command">
            <EnableRules>
              <EnableRule Id="cvt.Form.serviceappointment.MainTab.Management.editseries.Command.EnableRule.ValueRule" />
            </EnableRules>
            <DisplayRules>
              <DisplayRule Id="cvt.Form.serviceappointment.MainTab.Management.editseries.Command.DisplayRule.ValueRule" />
            </DisplayRules>
            <Actions>
              <JavaScriptFunction FunctionName="EditServiceActivitySeries" Library="$webresource:mcs_serviceactivity.min.js" />
            </Actions>
          </CommandDefinition>
          <CommandDefinition Id="cvt.Form.serviceappointment.MainTab.Management.RecurringServiceActivity.Command">
            <EnableRules>
              <EnableRule Id="cvt.Form.serviceappointment.MainTab.Management.RecurringServiceActivity.Command.EnableRule.ValueRule2" />
              <EnableRule Id="cvt.Form.serviceappointment.MainTab.Management.RecurringServiceActivity.Command.EnableRule.ValueRule" />
            </EnableRules>
            <DisplayRules>
              <DisplayRule Id="cvt.Form.serviceappointment.MainTab.Management.RecurringServiceActivity.Command.DisplayRule.ValueRule" />
            </DisplayRules>
            <Actions>
              <JavaScriptFunction FunctionName="CreateRecurringServiceActivity" Library="$webresource:mcs_serviceactivity.min.js">
                <CrmParameter Value="PrimaryControl" />
              </JavaScriptFunction>
            </Actions>
          </CommandDefinition>
          <CommandDefinition Id="cvt.serviceappointment.Form.CancelActivity.Command">
            <EnableRules>
              <EnableRule Id="Mscrm.CanWritePrimary" />
            </EnableRules>
            <DisplayRules>
              <DisplayRule Id="Mscrm.CanWritePrimary" />
              <DisplayRule Id="Mscrm.PrimaryIsActive" />
              <DisplayRule Id="Mscrm.PrimaryEntityHasStatecode" />
              <DisplayRule Id="Mscrm.PrimaryIsActivity" />
            </DisplayRules>
            <Actions>
              <JavaScriptFunction FunctionName="CancelServiceActivity" Library="$webresource:mcs_serviceactivity.min.js">
                <CrmParameter Value="PrimaryControl" />
              </JavaScriptFunction>
            </Actions>
          </CommandDefinition>
          <CommandDefinition Id="cvt.serviceappointment.Form.CompleteActivity.Command">
            <EnableRules>
              <EnableRule Id="Mscrm.CanWritePrimary" />
            </EnableRules>
            <DisplayRules>
              <DisplayRule Id="Mscrm.CanWritePrimary" />
              <DisplayRule Id="Mscrm.PrimaryIsActive" />
              <DisplayRule Id="Mscrm.PrimaryEntityHasStatecode" />
              <DisplayRule Id="Mscrm.PrimaryIsActivity" />
            </DisplayRules>
            <Actions>
              <JavaScriptFunction FunctionName="CompleteServiceActivity" Library="$webresource:mcs_serviceactivity.min.js">
                <CrmParameter Value="PrimaryControl" />
              </JavaScriptFunction>
            </Actions>
          </CommandDefinition>
          <CommandDefinition Id="cvt.serviceappointment.FormButtonRetry.launchOnDemandWorkflowForm.Command">
            <EnableRules>
              <EnableRule Id="Mscrm.FormStateNotNew" />
              <EnableRule Id="Mscrm.SelectionCountExactlyOne" />
            </EnableRules>
            <DisplayRules>
              <DisplayRule Id="Mscrm.FormStateNotNew" />
            </DisplayRules>
            <Actions>
              <JavaScriptFunction FunctionName="Mscrm.CommandBarActions.launchOnDemandWorkflowForm" Library="$webresource:dev1_/js/SmartButtons.ClientHooks.js">
                <CrmParameter Value="PrimaryItemIds" />
                <StringParameter Value="7b8B0FE7B2-5F98-4C52-B470-3DC4708FCDE5" />
                <StringParameter Value="Integration Result: Retry" />
                <StringParameter Value="Updating status" />
                <CrmParameter Value="PrimaryControl" />
                <CrmParameter Value="SelectedControl" />
              </JavaScriptFunction>
            </Actions>
          </CommandDefinition>
          <CommandDefinition Id="cvt.serviceappointment.HomeButtonRetry.launchOnDemandWorkflow.Command">
            <EnableRules />
            <DisplayRules>
              <DisplayRule Id="cvt.Form.serviceappointment.MainTab.Actions.IntegrationRetry.Command.DisplayRule.FormStateRule" />
            </DisplayRules>
            <Actions>
              <JavaScriptFunction FunctionName="Mscrm.GridRibbonActions.launchOnDemandWorkflow" Library="/_static/_common/scripts/RibbonActions.js">
                <CrmParameter Value="PrimaryEntityTypeCode" />
                <StringParameter Value="7b8B0FE7B2-5F98-4C52-B470-3DC4708FCDE5" />
              </JavaScriptFunction>
            </Actions>
          </CommandDefinition>
          <CommandDefinition Id="mcs.Form.serviceappointment.MainTab.Save.OverrideSave.Command">
            <EnableRules>
              <EnableRule Id="mcs.Form.serviceappointment.MainTab.Save.OverrideSave.Command.EnableRule.FormStateRule" />
              <EnableRule Id="mcs.Form.serviceappointment.MainTab.Save.OverrideSave.Command.EnableRule.FormStateRule2" />
            </EnableRules>
            <DisplayRules />
            <Actions>
              <JavaScriptFunction FunctionName="SaveSA" Library="$webresource:mcs_serviceactivity.min.js">
                <CrmParameter Value="PrimaryControl" />
              </JavaScriptFunction>
            </Actions>
          </CommandDefinition>
          <CommandDefinition Id="mcs.Form.serviceappointment.MainTab.Save.OverrideSaveAndClose.Command">
            <EnableRules>
              <EnableRule Id="mcs.Form.serviceappointment.MainTab.Save.OverrideSaveAndClose.Command.EnableRule.OrRule" />
            </EnableRules>
            <DisplayRules />
            <Actions>
              <JavaScriptFunction FunctionName="SaveAndCloseSA" Library="$webresource:mcs_serviceactivity.min.js">
                <CrmParameter Value="PrimaryControl" />
              </JavaScriptFunction>
            </Actions>
          </CommandDefinition>
          <CommandDefinition Id="mcs.Form.serviceappointment.MainTab.Save.OverrideSaveAndNew.Command">
            <EnableRules>
              <EnableRule Id="mcs.Form.serviceappointment.MainTab.Save.OverrideSaveAndNew.Command.EnableRule.OrRule" />
            </EnableRules>
            <DisplayRules />
            <Actions>
              <JavaScriptFunction FunctionName="SaveAndNewSA" Library="$webresource:mcs_serviceactivity.min.js">
                <CrmParameter Value="PrimaryControl" />
              </JavaScriptFunction>
            </Actions>
          </CommandDefinition>
          <CommandDefinition Id="Mscrm.AddConnectionGrid">
            <EnableRules>
              <EnableRule Id="Mscrm.SelectionCountExactlyOne" />
              <EnableRule Id="Mscrm.VisualizationPaneNotMaximized" />
            </EnableRules>
            <DisplayRules>
              <DisplayRule Id="Mscrm.CreateConnection" />
              <DisplayRule Id="Mscrm.IsConnectionsEnabledSelected" />
              <DisplayRule Id="Mscrm.HideOnCommandBar" />
            </DisplayRules>
            <Actions>
              <JavaScriptFunction FunctionName="Mscrm.GridRibbonActions.addConnection" Library="/_static/_common/scripts/RibbonActions.js">
                <CrmParameter Value="SelectedControlSelectedItemReferences" />
                <BoolParameter Value="false" />
              </JavaScriptFunction>
            </Actions>
          </CommandDefinition>
          <CommandDefinition Id="Mscrm.Enabled">
            <EnableRules />
            <DisplayRules />
            <Actions />
          </CommandDefinition>
          <CommandDefinition Id="Mscrm.Form.CloseActivity">
            <EnableRules>
              <EnableRule Id="Mscrm.CanWritePrimary" />
            </EnableRules>
            <DisplayRules>
              <DisplayRule Id="Mscrm.CanWritePrimary" />
              <DisplayRule Id="Mscrm.PrimaryIsActive" />
              <DisplayRule Id="Mscrm.PrimaryEntityHasStatecode" />
              <DisplayRule Id="Mscrm.PrimaryIsActivity" />
              <DisplayRule Id="Mscrm.PrimaryIsInactive" />
            </DisplayRules>
            <Actions>
              <JavaScriptFunction FunctionName="changeState" Library="/_static/_forms/form.js">
                <StringParameter Value="deactivate" />
                <CrmParameter Value="PrimaryEntityTypeCode" />
                <StringParameter Value="5" />
              </JavaScriptFunction>
            </Actions>
          </CommandDefinition>
          <CommandDefinition Id="tmp.serviceappointment.Button13.Button.dev1.EntityDisplayName.RunWorkflowForm.Command">
            <EnableRules>
              <EnableRule Id="Mscrm.FormStateNotNew" />
            </EnableRules>
            <DisplayRules />
            <Actions>
              <JavaScriptFunction FunctionName="SmartButtons.ClientHooks.SmartButtons.RunWorkflowSingle" Library="$webresource:dev1_/js/SmartButtons.ClientHooks.js">
                <StringParameter Value="Change Status Workflow" />
                <CrmParameter Value="PrimaryItemIds" />
                <StringParameter Value="Updating status..." />
                <StringParameter Value="87DA1F2A-6FE7-420D-A3FF-9E1C8BD4A4AF" />
                <StringParameter Value="" />
                <CrmParameter Value="PrimaryControl" />
                <CrmParameter Value="SelectedControl" />
              </JavaScriptFunction>
            </Actions>
          </CommandDefinition>
          <CommandDefinition Id="tmp.serviceappointment.Button15.Button.dev1.EntityDisplayName.AppointmentRetry.RunWorkflowForm.Command">
            <EnableRules>
              <EnableRule Id="Mscrm.FormStateNotNew" />
            </EnableRules>
            <DisplayRules />
            <Actions>
              <JavaScriptFunction FunctionName="SmartButtons.ClientHooks.SmartButtons.RunWorkflowSingle" Library="$webresource:dev1_/js/SmartButtons.ClientHooks.js">
                <StringParameter Value="Appointment: Retry" />
                <CrmParameter Value="PrimaryItemIds" />
                <StringParameter Value="Retrying Appointments..." />
                <StringParameter Value="" />
                <StringParameter Value="" />
                <CrmParameter Value="PrimaryControl" />
                <CrmParameter Value="SelectedControl" />
              </JavaScriptFunction>
            </Actions>
          </CommandDefinition>
          <CommandDefinition Id="tmp.serviceappointment.Button9.Button.tmp.serviceappointment.ReserveResourceOpen.Command">
            <EnableRules />
            <DisplayRules />
            <Actions>
              <JavaScriptFunction FunctionName="ReserveResourceOpen" Library="$webresource:tmp_OpenReserveResourceForm" />
            </Actions>
          </CommandDefinition>
          <CommandDefinition Id="tmp.serviceappointment.FormAction.RunWorkfow.Command">
            <EnableRules>
              <EnableRule Id="Mscrm.FormStateNotNew" />
              <EnableRule Id="Mscrm.RunWorkflowPrimary" />
            </EnableRules>
            <DisplayRules />
            <Actions>
              <JavaScriptFunction FunctionName="Mscrm.FormAction.launchOnDemandWorkflowForm" Library="/_static/_forms/form.js">
                <CrmParameter Value="SelectedControl" />
                <StringParameter Value="7b8B0FE7B2-5F98-4C52-B470-3DC4708FCDE5" />
                <CrmParameter Value="SelectedControlSelectedItemReferences" />
                <CrmParameter Value="SelectedEntityTypeCode" />
              </JavaScriptFunction>
            </Actions>
          </CommandDefinition>
          <CommandDefinition Id="tmp.serviceappointment.ReserveResourceOpen.Command">
            <EnableRules />
            <DisplayRules />
            <Actions>
              <JavaScriptFunction FunctionName="ReserveResourceOpen" Library="$webresource:tmp_OpenReserveResourceForm" />
            </Actions>
          </CommandDefinition>
        </CommandDefinitions>
        <RuleDefinitions>
          <TabDisplayRules />
          <DisplayRules>
            <DisplayRule Id="cvt.Form.serviceappointment.MainTab.Actions.IntegrationRetry.Command.DisplayRule.EntityPrivilegeRule">
              <EntityPrivilegeRule PrivilegeType="Write" PrivilegeDepth="Basic" AppliesTo="PrimaryEntity" EntityName="serviceappointment" />
            </DisplayRule>
            <DisplayRule Id="cvt.Form.serviceappointment.MainTab.Actions.IntegrationRetry.Command.DisplayRule.FormStateRule">
              <FormStateRule State="Create" Default="true" InvertResult="true" />
            </DisplayRule>
            <DisplayRule Id="cvt.Form.serviceappointment.MainTab.Actions.IntegrationRetry.Command.DisplayRule.ValueRule">
              <ValueRule Field="statuscode" Value="917290002" Default="true" InvertResult="false" />
            </DisplayRule>
            <DisplayRule Id="cvt.Form.serviceappointment.MainTab.Actions.Schedule.Command.DisplayRule.MiscellaneousPrivilegeRule">
              <MiscellaneousPrivilegeRule PrivilegeName="SearchAvailability" />
            </DisplayRule>
            <DisplayRule Id="cvt.Form.serviceappointment.MainTab.Management.editseries.Command.DisplayRule.ValueRule">
              <ValueRule Field="cvt_showtimeas" Value="0000000000" />
            </DisplayRule>
            <DisplayRule Id="cvt.Form.serviceappointment.MainTab.Management.RecurringServiceActivity.Command.DisplayRule.ValueRule">
              <ValueRule Field="cvt_showtimeas" Value="000000000" />
            </DisplayRule>
            <DisplayRule Id="Mscrm.CreateConnection">
              <MiscellaneousPrivilegeRule PrivilegeName="CreateConnection" />
            </DisplayRule>
            <DisplayRule Id="Mscrm.HideOnCommandBar">
              <OrRule>
                <Or>
                  <CommandClientTypeRule Type="Legacy" />
                </Or>
                <Or>
                  <PageRule Address="/userdefined/edit.aspx" />
                </Or>
                <Or>
                  <PageRule Address="/advancedfind/advfind.aspx" />
                </Or>
                <Or>
                  <PageRule Address="/advancedfind/fetchData.aspx" />
                </Or>
                <Or>
                  <PageRule Address="/tools/formeditor/formeditor.aspx" />
                </Or>
                <Or>
                  <PageRule Address="/tools/visualizationdesigner/visualizationdesigner.aspx" />
                </Or>
              </OrRule>
            </DisplayRule>
            <DisplayRule Id="Mscrm.IsConnectionsEnabledSelected">
              <EntityPropertyRule AppliesTo="SelectedEntity" PropertyName="IsConnectionsEnabled" PropertyValue="true" Default="false" />
            </DisplayRule>
            <DisplayRule Id="Mscrm.PrimaryIsActive">
              <FormStateRule State="Existing" />
            </DisplayRule>
            <DisplayRule Id="Mscrm.PrimaryIsActivity">
              <EntityPropertyRule AppliesTo="PrimaryEntity" PropertyName="IsActivity" PropertyValue="true" />
            </DisplayRule>
            <DisplayRule Id="tmp.serviceappointment.DisplayRule14.DisplayRule">
              <EntityRule EntityName="serviceappointment" AppliesTo="PrimaryEntity" Context="HomePageGrid" Default="false" />
            </DisplayRule>
          </DisplayRules>
          <EnableRules>
            <EnableRule Id="cvt.Form.serviceappointment.MainTab.Actions.IntegrationRetry.Command.EnableRule.FormStateRule">
              <FormStateRule State="ReadOnly" Default="false" InvertResult="true" />
            </EnableRule>
            <EnableRule Id="cvt.Form.serviceappointment.MainTab.Management.editseries.Command.EnableRule.ValueRule">
              <ValueRule Field="cvt_recurringappointmentsmaster" Value="null" InvertResult="true" />
            </EnableRule>
            <EnableRule Id="cvt.Form.serviceappointment.MainTab.Management.RecurringServiceActivity.Command.EnableRule.ValueRule">
              <ValueRule Field="cvt_recurrence" Value="false" />
            </EnableRule>
            <EnableRule Id="cvt.Form.serviceappointment.MainTab.Management.RecurringServiceActivity.Command.EnableRule.ValueRule2">
              <ValueRule Field="cvt_recurringappointmentsmaster" Value="null" />
            </EnableRule>
            <EnableRule Id="mcs.Form.serviceappointment.MainTab.Save.OverrideSave.Command.EnableRule.FormStateRule">
              <FormStateRule State="ReadOnly" InvertResult="true" />
            </EnableRule>
            <EnableRule Id="mcs.Form.serviceappointment.MainTab.Save.OverrideSave.Command.EnableRule.FormStateRule2">
              <FormStateRule State="Disabled" InvertResult="true" />
            </EnableRule>
            <EnableRule Id="mcs.Form.serviceappointment.MainTab.Save.OverrideSaveAndClose.Command.EnableRule.OrRule">
              <OrRule>
                <Or>
                  <FormStateRule State="Create" Default="true" />
                </Or>
                <Or>
                  <FormStateRule State="Existing" Default="true" />
                </Or>
              </OrRule>
            </EnableRule>
            <EnableRule Id="mcs.Form.serviceappointment.MainTab.Save.OverrideSaveAndNew.Command.EnableRule.OrRule">
              <OrRule>
                <Or>
                  <FormStateRule State="Create" Default="true" />
                </Or>
                <Or>
                  <FormStateRule State="Existing" Default="true" />
                </Or>
              </OrRule>
            </EnableRule>
            <EnableRule Id="Mscrm.CanWritePrimary">
              <RecordPrivilegeRule PrivilegeType="Write" AppliesTo="PrimaryEntity" />
            </EnableRule>
            <EnableRule Id="Mscrm.SelectionCountExactlyOne">
              <SelectionCountRule AppliesTo="SelectedEntity" Minimum="1" Maximum="1" />
            </EnableRule>
            <EnableRule Id="Mscrm.VisualizationPaneNotMaximized">
              <OrRule>
                <Or>
                  <CommandClientTypeRule Type="Modern" Default="false" />
                </Or>
                <Or>
                  <CustomRule FunctionName="XrmCore.Rules.Charts.disableButtonsWhenChartMaximized" Library="$webresource:Main_system_library.js" Default="false">
                    <CrmParameter Value="SelectedControl" />
                  </CustomRule>
                </Or>
              </OrRule>
            </EnableRule>
          </EnableRules>
        </RuleDefinitions>
        <LocLabels>
          <LocLabel Id="cvt.Form.serviceappointment.MainTab.Actions.ReOpenSA.Button.LabelText">
            <Titles>
              <Title description="Re-Open Appointment" languagecode="1033" />
            </Titles>
          </LocLabel>
          <LocLabel Id="cvt.Form.serviceappointment.MainTab.Actions.ReOpenSA.Button.ToolTipDescription">
            <Titles>
              <Title description="Re-Opens the Appointment into an Open State" languagecode="1033" />
            </Titles>
          </LocLabel>
          <LocLabel Id="cvt.Form.serviceappointment.MainTab.Actions.ReOpenSA.Button.ToolTipTitle">
            <Titles>
              <Title description="Re-Open Appointment" languagecode="1033" />
            </Titles>
          </LocLabel>
          <LocLabel Id="cvt.Form.serviceappointment.MainTab.Actions.Schedule.FindAvailableTimes.Button.LabelText">
            <Titles>
              <Title description="Find Available Times" languagecode="1033" />
            </Titles>
          </LocLabel>
          <LocLabel Id="cvt.Form.serviceappointment.MainTab.Actions.Schedule.FindAvailableTimes.Button.ToolTipDescription">
            <Titles>
              <Title description="Find Available Times" languagecode="1033" />
            </Titles>
          </LocLabel>
          <LocLabel Id="cvt.Form.serviceappointment.MainTab.Actions.Schedule.FindAvailableTimes.Button.ToolTipTitle">
            <Titles>
              <Title description="Find Available Times" languagecode="1033" />
            </Titles>
          </LocLabel>
          <LocLabel Id="cvt.Form.serviceappointment.MainTab.Management.EditSeries.Button.LabelText">
            <Titles>
              <Title description="Edit Series" languagecode="1033" />
            </Titles>
          </LocLabel>
          <LocLabel Id="cvt.Form.serviceappointment.MainTab.Management.EditSeries.Button.ToolTipDescription">
            <Titles>
              <Title description="Edit this series of recurring Service Activities. " languagecode="1033" />
            </Titles>
          </LocLabel>
          <LocLabel Id="cvt.Form.serviceappointment.MainTab.Management.EditSeries.Button.ToolTipTitle">
            <Titles>
              <Title description="Edit Series" languagecode="1033" />
            </Titles>
          </LocLabel>
          <LocLabel Id="cvt.Form.serviceappointment.MainTab.Management.RecurringServiceActivity.Button.LabelText">
            <Titles>
              <Title description="Recurring Service Activity" languagecode="1033" />
            </Titles>
          </LocLabel>
          <LocLabel Id="cvt.Form.serviceappointment.MainTab.Management.RecurringServiceActivity.Button.ToolTipDescription">
            <Titles>
              <Title description="Schedule a Recurring Service Activity" languagecode="1033" />
            </Titles>
          </LocLabel>
          <LocLabel Id="cvt.Form.serviceappointment.MainTab.Management.RecurringServiceActivity.Button.ToolTipTitle">
            <Titles>
              <Title description="Recurring Service Activity" languagecode="1033" />
            </Titles>
          </LocLabel>
          <LocLabel Id="cvt.serviceappointment.Form.CancelAppointment.Button.Alt">
            <Titles>
              <Title description="Cancel Appointment" languagecode="1033" />
            </Titles>
          </LocLabel>
          <LocLabel Id="cvt.serviceappointment.Form.CancelAppointment.Button.LabelText">
            <Titles>
              <Title description="Cancel Appointment" languagecode="1033" />
            </Titles>
          </LocLabel>
          <LocLabel Id="cvt.serviceappointment.Form.CancelAppointment.Button.ToolTipDescription">
            <Titles>
              <Title description="Cancel Appointment" languagecode="1033" />
            </Titles>
          </LocLabel>
          <LocLabel Id="cvt.serviceappointment.Form.CancelAppointment.Button.ToolTipTitle">
            <Titles>
              <Title description="Cancel Appointment" languagecode="1033" />
            </Titles>
          </LocLabel>
          <LocLabel Id="cvt.serviceappointment.Form.CompleteAppointment.Button.Alt">
            <Titles>
              <Title description="Complete Appointment" languagecode="1033" />
            </Titles>
          </LocLabel>
          <LocLabel Id="cvt.serviceappointment.Form.CompleteAppointment.Button.LabelText">
            <Titles>
              <Title description="Complete Appointment" languagecode="1033" />
            </Titles>
          </LocLabel>
          <LocLabel Id="cvt.serviceappointment.Form.CompleteAppointment.Button.ToolTipDescription">
            <Titles>
              <Title description="Complete Appointment" languagecode="1033" />
            </Titles>
          </LocLabel>
          <LocLabel Id="cvt.serviceappointment.Form.CompleteAppointment.Button.ToolTipTitle">
            <Titles>
              <Title description="Complete Appointment" languagecode="1033" />
            </Titles>
          </LocLabel>
          <LocLabel Id="cvt.serviceappointment.Form.Retry.Button.Alt">
            <Titles>
              <Title description="Retry" languagecode="1033" />
            </Titles>
          </LocLabel>
          <LocLabel Id="cvt.serviceappointment.Form.Retry.Button.LabelText">
            <Titles>
              <Title description="Retry" languagecode="1033" />
            </Titles>
          </LocLabel>
          <LocLabel Id="cvt.serviceappointment.Form.Retry.Button.ToolTipDescription">
            <Titles>
              <Title description="Retry Integration" languagecode="1033" />
            </Titles>
          </LocLabel>
          <LocLabel Id="cvt.serviceappointment.Form.Retry.Button.ToolTipTitle">
            <Titles>
              <Title description="Retry" languagecode="1033" />
            </Titles>
          </LocLabel>
          <LocLabel Id="cvt.serviceappointment.Home.Retry.Button.Alt">
            <Titles>
              <Title description="Retry" languagecode="1033" />
            </Titles>
          </LocLabel>
          <LocLabel Id="cvt.serviceappointment.Home.Retry.Button.LabelText">
            <Titles>
              <Title description="Retry" languagecode="1033" />
            </Titles>
          </LocLabel>
          <LocLabel Id="cvt.serviceappointment.Home.Retry.Button.ToolTipDescription">
            <Titles>
              <Title description="Retry  Integration" languagecode="1033" />
            </Titles>
          </LocLabel>
          <LocLabel Id="cvt.serviceappointment.Home.Retry.Button.ToolTipTitle">
            <Titles>
              <Title description="Retry" languagecode="1033" />
            </Titles>
          </LocLabel>
          <LocLabel Id="cvt.serviceappointment.RetryIntegration.Button.Alt">
            <Titles>
              <Title description="Retry Integration" languagecode="1033" />
            </Titles>
          </LocLabel>
          <LocLabel Id="cvt.serviceappointment.RetryIntegration.Button.LabelText">
            <Titles>
              <Title description="Retry Integration" languagecode="1033" />
            </Titles>
          </LocLabel>
          <LocLabel Id="cvt.serviceappointment.RetryIntegration.Button.ToolTipDescription">
            <Titles>
              <Title description="Retry Integration Calls" languagecode="1033" />
            </Titles>
          </LocLabel>
          <LocLabel Id="cvt.serviceappointment.RetryIntegration.Button.ToolTipTitle">
            <Titles>
              <Title description="Retry Intergation" languagecode="1033" />
            </Titles>
          </LocLabel>
          <LocLabel Id="mcs.Form.serviceappointment.MainTab.Save.OverrideSave.LabelText">
            <Titles>
              <Title description="Save" languagecode="1033" />
            </Titles>
          </LocLabel>
          <LocLabel Id="mcs.Form.serviceappointment.MainTab.Save.OverrideSave.ToolTipDescription">
            <Titles>
              <Title description="Save this record" languagecode="1033" />
            </Titles>
          </LocLabel>
          <LocLabel Id="mcs.Form.serviceappointment.MainTab.Save.OverrideSave.ToolTipTitle">
            <Titles>
              <Title description="Save" languagecode="1033" />
            </Titles>
          </LocLabel>
          <LocLabel Id="mcs.Form.serviceappointment.MainTab.Save.OverrideSaveAndClose.LabelText">
            <Titles>
              <Title description="Save and Close" languagecode="1033" />
            </Titles>
          </LocLabel>
          <LocLabel Id="mcs.Form.serviceappointment.MainTab.Save.OverrideSaveAndClose.ToolTipDescription">
            <Titles>
              <Title description="Save this record and close this form" languagecode="1033" />
            </Titles>
          </LocLabel>
          <LocLabel Id="mcs.Form.serviceappointment.MainTab.Save.OverrideSaveAndClose.ToolTipTitle">
            <Titles>
              <Title description="Save and Close" languagecode="1033" />
            </Titles>
          </LocLabel>
          <LocLabel Id="mcs.Form.serviceappointment.MainTab.Save.OverrideSaveAndNew.LabelText">
            <Titles>
              <Title description="Save and New" languagecode="1033" />
            </Titles>
          </LocLabel>
          <LocLabel Id="mcs.Form.serviceappointment.MainTab.Save.OverrideSaveAndNew.ToolTipDescription">
            <Titles>
              <Title description="Save this record and open a new Appointment" languagecode="1033" />
            </Titles>
          </LocLabel>
          <LocLabel Id="mcs.Form.serviceappointment.MainTab.Save.OverrideSaveAndNew.ToolTipTitle">
            <Titles>
              <Title description="Save and New" languagecode="1033" />
            </Titles>
          </LocLabel>
          <LocLabel Id="tmp.serviceappointment.Button13.Button.dev1.EntityDisplayName.RunWorkflowForm.Button.LabelText">
            <Titles>
              <Title description="Change Status" languagecode="1033" />
            </Titles>
          </LocLabel>
          <LocLabel Id="tmp.serviceappointment.Button15.Button.dev1.EntityDisplayName.RunWorkflowForm.Button.LabelText">
            <Titles>
              <Title description="Retry" languagecode="1033" />
            </Titles>
          </LocLabel>
          <LocLabel Id="tmp.serviceappointment.ReserveResource.Button.Alt">
            <Titles>
              <Title description="Reserve Resource" languagecode="1033" />
            </Titles>
          </LocLabel>
          <LocLabel Id="tmp.serviceappointment.ReserveResource.Button.LabelText">
            <Titles>
              <Title description="Reserve Resource" languagecode="1033" />
            </Titles>
          </LocLabel>
          <LocLabel Id="tmp.serviceappointment.ReserveResource.Button.ToolTipDescription">
            <Titles>
              <Title description="Reserve Resource" languagecode="1033" />
            </Titles>
          </LocLabel>
          <LocLabel Id="tmp.serviceappointment.ReserveResource.Button.ToolTipTitle">
            <Titles>
              <Title description="Reserve Resource" languagecode="1033" />
            </Titles>
          </LocLabel>
        </LocLabels>
      </RibbonDiffXml>
      <CustomControlDefaultConfigs>
        <CustomControlDefaultConfig>
          <ControlDescriptionXML><controlDescriptions><controlDescription><customControl id="{E7A81278-8635-4d9e-8D4D-59480B391C5B}" formFactor="2"><parameters /></customControl><customControl formFactor="0" name="MscrmControls.ActivityCalendarControl.ActivityCalendarControl"><parameters><data-set name="Calendar"><StartDate>scheduledstart</StartDate><Description>subject</Description><EndDate>scheduledend</EndDate><Duration>scheduleddurationminutes</Duration></data-set></parameters></customControl><customControl formFactor="1" name="MscrmControls.ActivityCalendarControl.ActivityCalendarControl"><parameters><data-set name="Calendar"><StartDate>scheduledstart</StartDate><Description>subject</Description><EndDate>scheduledend</EndDate><Duration>scheduleddurationminutes</Duration></data-set></parameters></customControl></controlDescription></controlDescriptions></ControlDescriptionXML>
          <IntroducedVersion>5.0</IntroducedVersion>
        </CustomControlDefaultConfig>
      </CustomControlDefaultConfigs>
    </Entity>
  </Entities>
  <Roles></Roles>
  <Workflows></Workflows>
  <FieldSecurityProfiles></FieldSecurityProfiles>
  <Templates />
  <EntityMaps />
  <EntityRelationships />
  <OrganizationSettings />
  <optionsets />
  <CustomControls />
  <EntityDataProviders />
  <Languages>
    <Language>1033</Language>
  </Languages>
</ImportExportXml>