<ImportExportXml version="9.2.21082.150" SolutionPackageVersion="9.2" languagecode="1033" generatedBy="CrmLive" xmlns:xsi="http://www.w3.org/2001/XMLSchema-instance">
  <SolutionManifest>
    <UniqueName>TMP_Views10</UniqueName>
    <LocalizedNames>
      <LocalizedName description="TMP Views 1.0" languagecode="1033" />
    </LocalizedNames>
    <Descriptions />
    <Version>1.0</Version>
    <Managed>0</Managed>
    <Publisher>
      <UniqueName>tmpdefaultpublisher</UniqueName>
      <LocalizedNames>
        <LocalizedName description="TMP Default Publisher" languagecode="1033" />
      </LocalizedNames>
      <Descriptions />
      <EMailAddress xsi:nil="true"></EMailAddress>
      <SupportingWebsiteUrl xsi:nil="true"></SupportingWebsiteUrl>
      <CustomizationPrefix>tmp</CustomizationPrefix>
      <CustomizationOptionValuePrefix>17897</CustomizationOptionValuePrefix>
      <Addresses>
        <Address>
          <AddressNumber>1</AddressNumber>
          <AddressTypeCode>1</AddressTypeCode>
          <City xsi:nil="true"></City>
          <County xsi:nil="true"></County>
          <Country xsi:nil="true"></Country>
          <Fax xsi:nil="true"></Fax>
          <FreightTermsCode xsi:nil="true"></FreightTermsCode>
          <ImportSequenceNumber xsi:nil="true"></ImportSequenceNumber>
          <Latitude xsi:nil="true"></Latitude>
          <Line1 xsi:nil="true"></Line1>
          <Line2 xsi:nil="true"></Line2>
          <Line3 xsi:nil="true"></Line3>
          <Longitude xsi:nil="true"></Longitude>
          <Name xsi:nil="true"></Name>
          <PostalCode xsi:nil="true"></PostalCode>
          <PostOfficeBox xsi:nil="true"></PostOfficeBox>
          <PrimaryContactName xsi:nil="true"></PrimaryContactName>
          <ShippingMethodCode>1</ShippingMethodCode>
          <StateOrProvince xsi:nil="true"></StateOrProvince>
          <Telephone1 xsi:nil="true"></Telephone1>
          <Telephone2 xsi:nil="true"></Telephone2>
          <Telephone3 xsi:nil="true"></Telephone3>
          <TimeZoneRuleVersionNumber xsi:nil="true"></TimeZoneRuleVersionNumber>
          <UPSZone xsi:nil="true"></UPSZone>
          <UTCOffset xsi:nil="true"></UTCOffset>
          <UTCConversionTimeZoneCode xsi:nil="true"></UTCConversionTimeZoneCode>
        </Address>
        <Address>
          <AddressNumber>2</AddressNumber>
          <AddressTypeCode>1</AddressTypeCode>
          <City xsi:nil="true"></City>
          <County xsi:nil="true"></County>
          <Country xsi:nil="true"></Country>
          <Fax xsi:nil="true"></Fax>
          <FreightTermsCode xsi:nil="true"></FreightTermsCode>
          <ImportSequenceNumber xsi:nil="true"></ImportSequenceNumber>
          <Latitude xsi:nil="true"></Latitude>
          <Line1 xsi:nil="true"></Line1>
          <Line2 xsi:nil="true"></Line2>
          <Line3 xsi:nil="true"></Line3>
          <Longitude xsi:nil="true"></Longitude>
          <Name xsi:nil="true"></Name>
          <PostalCode xsi:nil="true"></PostalCode>
          <PostOfficeBox xsi:nil="true"></PostOfficeBox>
          <PrimaryContactName xsi:nil="true"></PrimaryContactName>
          <ShippingMethodCode>1</ShippingMethodCode>
          <StateOrProvince xsi:nil="true"></StateOrProvince>
          <Telephone1 xsi:nil="true"></Telephone1>
          <Telephone2 xsi:nil="true"></Telephone2>
          <Telephone3 xsi:nil="true"></Telephone3>
          <TimeZoneRuleVersionNumber xsi:nil="true"></TimeZoneRuleVersionNumber>
          <UPSZone xsi:nil="true"></UPSZone>
          <UTCOffset xsi:nil="true"></UTCOffset>
          <UTCConversionTimeZoneCode xsi:nil="true"></UTCConversionTimeZoneCode>
        </Address>
      </Addresses>
    </Publisher>
    <RootComponents>
      <RootComponent type="1" schemaName="mcs_resource" behavior="2" />
      <RootComponent type="1" schemaName="serviceappointment" behavior="2" />
    </RootComponents>
    <MissingDependencies>
      <MissingDependency>
        <Required type="1" schemaName="mcs_resource" displayName="TMP Resource" solution="Active" />
        <Dependent type="1" schemaName="mcs_resource" displayName="TMP Resource" />
      </MissingDependency>
      <MissingDependency>
        <Required type="1" schemaName="serviceappointment" displayName="Appointment" solution="msdynce_Service (9.0.5.56)">
          <package>msdynce_ServiceAnchor (9.0.21041.1024)</package>
        </Required>
        <Dependent type="1" schemaName="serviceappointment" displayName="Appointment" />
      </MissingDependency>
      <MissingDependency>
        <Required type="2" schemaName="createdby" displayName="Created By" parentSchemaName="mcs_resource" parentDisplayName="TMP Resource" solution="Active" />
        <Dependent type="26" schemaName="Real Time Clinic Updates (Last 30 Days)" displayName="Real Time Clinic Updates (Last 30 Days)" parentSchemaName="mcs_resource" parentDisplayName="TMP Resource" id="{c25a6b4d-0582-eb11-a812-001dd802f625}" />
      </MissingDependency>
      <MissingDependency>
        <Required type="2" schemaName="createdon" displayName="Created On" parentSchemaName="mcs_resource" parentDisplayName="TMP Resource" solution="Active" />
        <Dependent type="26" schemaName="Real Time Clinic Updates (Last 30 Days)" displayName="Real Time Clinic Updates (Last 30 Days)" parentSchemaName="mcs_resource" parentDisplayName="TMP Resource" id="{c25a6b4d-0582-eb11-a812-001dd802f625}" />
      </MissingDependency>
      <MissingDependency>
        <Required type="2" schemaName="cvt_defaultproviderduz" displayName="Default Provider Duz" parentSchemaName="mcs_resource" parentDisplayName="TMP Resource" solution="Active" />
        <Dependent type="26" schemaName="Real Time Clinic Updates (Last 30 Days)" displayName="Real Time Clinic Updates (Last 30 Days)" parentSchemaName="mcs_resource" parentDisplayName="TMP Resource" id="{c25a6b4d-0582-eb11-a812-001dd802f625}" />
      </MissingDependency>
      <MissingDependency>
        <Required type="2" schemaName="cvt_defaultprovideremail" displayName="Default Provider Email" parentSchemaName="mcs_resource" parentDisplayName="TMP Resource" solution="Active" />
        <Dependent type="26" schemaName="Real Time Clinic Updates (Last 30 Days)" displayName="Real Time Clinic Updates (Last 30 Days)" parentSchemaName="mcs_resource" parentDisplayName="TMP Resource" id="{c25a6b4d-0582-eb11-a812-001dd802f625}" />
      </MissingDependency>
      <MissingDependency>
        <Required type="2" schemaName="cvt_defaultprovidernameimport" displayName="Default Provider Name" parentSchemaName="mcs_resource" parentDisplayName="TMP Resource" solution="Active" />
        <Dependent type="26" schemaName="Real Time Clinic Updates (Last 30 Days)" displayName="Real Time Clinic Updates (Last 30 Days)" parentSchemaName="mcs_resource" parentDisplayName="TMP Resource" id="{c25a6b4d-0582-eb11-a812-001dd802f625}" />
      </MissingDependency>
      <MissingDependency>
        <Required type="2" schemaName="cvt_identifier" displayName="System Number" parentSchemaName="mcs_resource" parentDisplayName="TMP Resource" solution="Active" />
        <Dependent type="26" schemaName="Real Time Clinic Updates (Last 30 Days)" displayName="Real Time Clinic Updates (Last 30 Days)" parentSchemaName="mcs_resource" parentDisplayName="TMP Resource" id="{c25a6b4d-0582-eb11-a812-001dd802f625}" />
      </MissingDependency>
      <MissingDependency>
        <Required type="2" schemaName="cvt_ien" displayName="VistA IEN" parentSchemaName="mcs_resource" parentDisplayName="TMP Resource" solution="Active" />
        <Dependent type="26" schemaName="Real Time Clinic Updates (Last 30 Days)" displayName="Real Time Clinic Updates (Last 30 Days)" parentSchemaName="mcs_resource" parentDisplayName="TMP Resource" id="{c25a6b4d-0582-eb11-a812-001dd802f625}" />
      </MissingDependency>
      <MissingDependency>
        <Required type="2" schemaName="cvt_institution" displayName="Institution" parentSchemaName="mcs_resource" parentDisplayName="TMP Resource" solution="Active" />
        <Dependent type="26" schemaName="Real Time Clinic Updates (Last 30 Days)" displayName="Real Time Clinic Updates (Last 30 Days)" parentSchemaName="mcs_resource" parentDisplayName="TMP Resource" id="{c25a6b4d-0582-eb11-a812-001dd802f625}" />
      </MissingDependency>
      <MissingDependency>
        <Required type="2" schemaName="cvt_overbookallowed" displayName="OverBook Allowed" parentSchemaName="mcs_resource" parentDisplayName="TMP Resource" solution="Active" />
        <Dependent type="26" schemaName="Real Time Clinic Updates (Last 30 Days)" displayName="Real Time Clinic Updates (Last 30 Days)" parentSchemaName="mcs_resource" parentDisplayName="TMP Resource" id="{c25a6b4d-0582-eb11-a812-001dd802f625}" />
      </MissingDependency>
      <MissingDependency>
        <Required type="2" schemaName="cvt_primarystopcode" displayName="Primary Stop Code" parentSchemaName="mcs_resource" parentDisplayName="TMP Resource" solution="Active" />
        <Dependent type="26" schemaName="Real Time Clinic Updates (Last 30 Days)" displayName="Real Time Clinic Updates (Last 30 Days)" parentSchemaName="mcs_resource" parentDisplayName="TMP Resource" id="{c25a6b4d-0582-eb11-a812-001dd802f625}" />
      </MissingDependency>
      <MissingDependency>
        <Required type="2" schemaName="cvt_secondarystopcode" displayName="Secondary Stop Code" parentSchemaName="mcs_resource" parentDisplayName="TMP Resource" solution="Active" />
        <Dependent type="26" schemaName="Real Time Clinic Updates (Last 30 Days)" displayName="Real Time Clinic Updates (Last 30 Days)" parentSchemaName="mcs_resource" parentDisplayName="TMP Resource" id="{c25a6b4d-0582-eb11-a812-001dd802f625}" />
      </MissingDependency>
      <MissingDependency>
        <Required type="2" schemaName="cvt_servicetext" displayName="Service Text" parentSchemaName="mcs_resource" parentDisplayName="TMP Resource" solution="Active" />
        <Dependent type="26" schemaName="Real Time Clinic Updates (Last 30 Days)" displayName="Real Time Clinic Updates (Last 30 Days)" parentSchemaName="mcs_resource" parentDisplayName="TMP Resource" id="{c25a6b4d-0582-eb11-a812-001dd802f625}" />
      </MissingDependency>
      <MissingDependency>
        <Required type="2" schemaName="cvt_treatingspecialty" displayName="Treating Specialty" parentSchemaName="mcs_resource" parentDisplayName="TMP Resource" solution="Active" />
        <Dependent type="26" schemaName="Real Time Clinic Updates (Last 30 Days)" displayName="Real Time Clinic Updates (Last 30 Days)" parentSchemaName="mcs_resource" parentDisplayName="TMP Resource" id="{c25a6b4d-0582-eb11-a812-001dd802f625}" />
      </MissingDependency>
      <MissingDependency>
        <Required type="2" schemaName="cvt_visntext" displayName="VISN Text" parentSchemaName="mcs_resource" parentDisplayName="TMP Resource" solution="Active" />
        <Dependent type="26" schemaName="Real Time Clinic Updates (Last 30 Days)" displayName="Real Time Clinic Updates (Last 30 Days)" parentSchemaName="mcs_resource" parentDisplayName="TMP Resource" id="{c25a6b4d-0582-eb11-a812-001dd802f625}" />
      </MissingDependency>
      <MissingDependency>
        <Required type="2" schemaName="mcs_businessunitid" displayName="VISN" parentSchemaName="mcs_resource" parentDisplayName="TMP Resource" solution="Active" />
        <Dependent type="26" schemaName="Real Time Clinic Updates (Last 30 Days)" displayName="Real Time Clinic Updates (Last 30 Days)" parentSchemaName="mcs_resource" parentDisplayName="TMP Resource" id="{c25a6b4d-0582-eb11-a812-001dd802f625}" />
      </MissingDependency>
      <MissingDependency>
        <Required type="2" schemaName="mcs_facility" displayName="Facility" parentSchemaName="mcs_resource" parentDisplayName="TMP Resource" solution="Active" />
        <Dependent type="26" schemaName="Real Time Clinic Updates (Last 30 Days)" displayName="Real Time Clinic Updates (Last 30 Days)" parentSchemaName="mcs_resource" parentDisplayName="TMP Resource" id="{c25a6b4d-0582-eb11-a812-001dd802f625}" />
      </MissingDependency>
      <MissingDependency>
        <Required type="2" schemaName="mcs_name" displayName="Name" parentSchemaName="mcs_resource" parentDisplayName="TMP Resource" solution="Active" />
        <Dependent type="26" schemaName="Real Time Clinic Updates (Last 30 Days)" displayName="Real Time Clinic Updates (Last 30 Days)" parentSchemaName="mcs_resource" parentDisplayName="TMP Resource" id="{c25a6b4d-0582-eb11-a812-001dd802f625}" />
      </MissingDependency>
      <MissingDependency>
        <Required type="2" schemaName="mcs_relatedsiteid" displayName="TMP Site" parentSchemaName="mcs_resource" parentDisplayName="TMP Resource" solution="Active" />
        <Dependent type="26" schemaName="Real Time Clinic Updates (Last 30 Days)" displayName="Real Time Clinic Updates (Last 30 Days)" parentSchemaName="mcs_resource" parentDisplayName="TMP Resource" id="{c25a6b4d-0582-eb11-a812-001dd802f625}" />
      </MissingDependency>
      <MissingDependency>
        <Required type="2" schemaName="mcs_resourceid" displayName="Resource" parentSchemaName="mcs_resource" parentDisplayName="TMP Resource" solution="Active" />
        <Dependent type="26" schemaName="Real Time Clinic Updates (Last 30 Days)" displayName="Real Time Clinic Updates (Last 30 Days)" parentSchemaName="mcs_resource" parentDisplayName="TMP Resource" id="{c25a6b4d-0582-eb11-a812-001dd802f625}" />
      </MissingDependency>
      <MissingDependency>
        <Required type="2" schemaName="mcs_type" displayName="Type" parentSchemaName="mcs_resource" parentDisplayName="TMP Resource" solution="Active" />
        <Dependent type="26" schemaName="Real Time Clinic Updates (Last 30 Days)" displayName="Real Time Clinic Updates (Last 30 Days)" parentSchemaName="mcs_resource" parentDisplayName="TMP Resource" id="{c25a6b4d-0582-eb11-a812-001dd802f625}" />
      </MissingDependency>
      <MissingDependency>
        <Required type="2" schemaName="modifiedby" displayName="Modified By" parentSchemaName="mcs_resource" parentDisplayName="TMP Resource" solution="Active" />
        <Dependent type="26" schemaName="Real Time Clinic Updates (Last 30 Days)" displayName="Real Time Clinic Updates (Last 30 Days)" parentSchemaName="mcs_resource" parentDisplayName="TMP Resource" id="{c25a6b4d-0582-eb11-a812-001dd802f625}" />
      </MissingDependency>
      <MissingDependency>
        <Required type="2" schemaName="modifiedon" displayName="Modified On" parentSchemaName="mcs_resource" parentDisplayName="TMP Resource" solution="Active" />
        <Dependent type="26" schemaName="Real Time Clinic Updates (Last 30 Days)" displayName="Real Time Clinic Updates (Last 30 Days)" parentSchemaName="mcs_resource" parentDisplayName="TMP Resource" id="{c25a6b4d-0582-eb11-a812-001dd802f625}" />
      </MissingDependency>
      <MissingDependency>
        <Required type="2" schemaName="ownerid" displayName="Owner" parentSchemaName="mcs_resource" parentDisplayName="TMP Resource" solution="Active" />
        <Dependent type="26" schemaName="Real Time Clinic Updates (Last 30 Days)" displayName="Real Time Clinic Updates (Last 30 Days)" parentSchemaName="mcs_resource" parentDisplayName="TMP Resource" id="{c25a6b4d-0582-eb11-a812-001dd802f625}" />
      </MissingDependency>
      <MissingDependency>
        <Required type="2" schemaName="owninguser" displayName="Owning User" parentSchemaName="mcs_resource" parentDisplayName="TMP Resource" solution="Active" />
        <Dependent type="26" schemaName="Real Time Clinic Updates (Last 30 Days)" displayName="Real Time Clinic Updates (Last 30 Days)" parentSchemaName="mcs_resource" parentDisplayName="TMP Resource" id="{c25a6b4d-0582-eb11-a812-001dd802f625}" />
      </MissingDependency>
      <MissingDependency>
        <Required type="2" schemaName="statecode" displayName="Status" parentSchemaName="mcs_resource" parentDisplayName="TMP Resource" solution="Active" />
        <Dependent type="26" schemaName="Real Time Clinic Updates (Last 30 Days)" displayName="Real Time Clinic Updates (Last 30 Days)" parentSchemaName="mcs_resource" parentDisplayName="TMP Resource" id="{c25a6b4d-0582-eb11-a812-001dd802f625}" />
      </MissingDependency>
      <MissingDependency>
        <Required type="2" schemaName="activityid" displayName="Service Activity" parentSchemaName="serviceappointment" parentDisplayName="Appointment" solution="msdynce_Service (9.0.5.56)">
          <package>msdynce_ServiceAnchor (9.0.21041.1024)</package>
        </Required>
        <Dependent type="26" schemaName="All Appointments - Created Today" displayName="All Appointments - Created Today" parentSchemaName="serviceappointment" parentDisplayName="Appointment" id="{e0adeacf-4466-e611-9421-0050568da084}" />
      </MissingDependency>
      <MissingDependency>
        <Required type="2" schemaName="createdby" displayName="Created By" parentSchemaName="serviceappointment" parentDisplayName="Appointment" solution="msdynce_Service (9.0.5.56)">
          <package>msdynce_ServiceAnchor (9.0.21041.1024)</package>
        </Required>
        <Dependent type="26" schemaName="All Appointments - Created Today" displayName="All Appointments - Created Today" parentSchemaName="serviceappointment" parentDisplayName="Appointment" id="{e0adeacf-4466-e611-9421-0050568da084}" />
      </MissingDependency>
      <MissingDependency>
        <Required type="2" schemaName="createdon" displayName="Created On" parentSchemaName="serviceappointment" parentDisplayName="Appointment" solution="msdynce_Service (9.0.5.56)">
          <package>msdynce_ServiceAnchor (9.0.21041.1024)</package>
        </Required>
        <Dependent type="26" schemaName="All Appointments - Created Today" displayName="All Appointments - Created Today" parentSchemaName="serviceappointment" parentDisplayName="Appointment" id="{e0adeacf-4466-e611-9421-0050568da084}" />
      </MissingDependency>
      <MissingDependency>
        <Required type="2" schemaName="customers" displayName="Patients" parentSchemaName="serviceappointment" parentDisplayName="Appointment" solution="msdynce_Service (9.0.5.56)">
          <package>msdynce_ServiceAnchor (9.0.21041.1024)</package>
        </Required>
        <Dependent type="26" schemaName="All Appointments - Created Today" displayName="All Appointments - Created Today" parentSchemaName="serviceappointment" parentDisplayName="Appointment" id="{e0adeacf-4466-e611-9421-0050568da084}" />
      </MissingDependency>
      <MissingDependency>
        <Required type="2" schemaName="cvt_patientsiteresourcesrequired" displayName="Patient Site Resources Required" parentSchemaName="serviceappointment" parentDisplayName="Appointment" solution="Active" />
        <Dependent type="26" schemaName="All Appointments - Created Today" displayName="All Appointments - Created Today" parentSchemaName="serviceappointment" parentDisplayName="Appointment" id="{e0adeacf-4466-e611-9421-0050568da084}" />
      </MissingDependency>
      <MissingDependency>
        <Required type="2" schemaName="cvt_relatedproviderid" displayName="Provider" parentSchemaName="serviceappointment" parentDisplayName="Appointment" solution="Active" />
        <Dependent type="26" schemaName="All Appointments - Created Today" displayName="All Appointments - Created Today" parentSchemaName="serviceappointment" parentDisplayName="Appointment" id="{e0adeacf-4466-e611-9421-0050568da084}" />
      </MissingDependency>
      <MissingDependency>
        <Required type="2" schemaName="cvt_telehealthmodality" displayName="Telehealth Modality" parentSchemaName="serviceappointment" parentDisplayName="Appointment" solution="Active" />
        <Dependent type="26" schemaName="All Appointments - Created Today" displayName="All Appointments - Created Today" parentSchemaName="serviceappointment" parentDisplayName="Appointment" id="{e0adeacf-4466-e611-9421-0050568da084}" />
      </MissingDependency>
      <MissingDependency>
        <Required type="2" schemaName="cvt_telephonecall" displayName="Telephone Call" parentSchemaName="serviceappointment" parentDisplayName="Appointment" solution="Active" />
        <Dependent type="26" schemaName="All Appointments - Created Today" displayName="All Appointments - Created Today" parentSchemaName="serviceappointment" parentDisplayName="Appointment" id="{e0adeacf-4466-e611-9421-0050568da084}" />
      </MissingDependency>
      <MissingDependency>
        <Required type="2" schemaName="cvt_type" displayName="Type" parentSchemaName="serviceappointment" parentDisplayName="Appointment" solution="Active" />
        <Dependent type="26" schemaName="All Appointments - Created Today" displayName="All Appointments - Created Today" parentSchemaName="serviceappointment" parentDisplayName="Appointment" id="{e0adeacf-4466-e611-9421-0050568da084}" />
      </MissingDependency>
      <MissingDependency>
        <Required type="2" schemaName="mcs_appointmentid" displayName="Appointment" parentSchemaName="serviceappointment" parentDisplayName="Appointment" solution="Active" />
        <Dependent type="59" schemaName="Appointment by Status (Line Graph)" displayName="Appointment by Status (Line Graph)" parentSchemaName="serviceappointment" parentDisplayName="Appointment" id="{c1bdf9e2-fab6-eb11-8236-001dd802119b}" />
      </MissingDependency>
      <MissingDependency>
        <Required type="2" schemaName="mcs_groupappointment" displayName="Group Appointment:" parentSchemaName="serviceappointment" parentDisplayName="Appointment" solution="Active" />
        <Dependent type="26" schemaName="All Appointments - Created Today" displayName="All Appointments - Created Today" parentSchemaName="serviceappointment" parentDisplayName="Appointment" id="{e0adeacf-4466-e611-9421-0050568da084}" />
      </MissingDependency>
      <MissingDependency>
        <Required type="2" schemaName="mcs_relatedprovidersite" displayName="Related Provider Site" parentSchemaName="serviceappointment" parentDisplayName="Appointment" solution="Active" />
        <Dependent type="26" schemaName="All Appointments - Created Today" displayName="All Appointments - Created Today" parentSchemaName="serviceappointment" parentDisplayName="Appointment" id="{e0adeacf-4466-e611-9421-0050568da084}" />
      </MissingDependency>
      <MissingDependency>
        <Required type="2" schemaName="mcs_relatedsite" displayName="Patient Site" parentSchemaName="serviceappointment" parentDisplayName="Appointment" solution="Active" />
        <Dependent type="26" schemaName="All Appointments - Created Today" displayName="All Appointments - Created Today" parentSchemaName="serviceappointment" parentDisplayName="Appointment" id="{e0adeacf-4466-e611-9421-0050568da084}" />
      </MissingDependency>
      <MissingDependency>
        <Required type="2" schemaName="modifiedby" displayName="Modified By" parentSchemaName="serviceappointment" parentDisplayName="Appointment" solution="msdynce_Service (9.0.5.56)">
          <package>msdynce_ServiceAnchor (9.0.21041.1024)</package>
        </Required>
        <Dependent type="26" schemaName="All Appointments - Created Today" displayName="All Appointments - Created Today" parentSchemaName="serviceappointment" parentDisplayName="Appointment" id="{e0adeacf-4466-e611-9421-0050568da084}" />
      </MissingDependency>
      <MissingDependency>
        <Required type="2" schemaName="modifiedon" displayName="Modified On" parentSchemaName="serviceappointment" parentDisplayName="Appointment" solution="msdynce_Service (9.0.5.56)">
          <package>msdynce_ServiceAnchor (9.0.21041.1024)</package>
        </Required>
        <Dependent type="26" schemaName="All Appointments - Created Today" displayName="All Appointments - Created Today" parentSchemaName="serviceappointment" parentDisplayName="Appointment" id="{e0adeacf-4466-e611-9421-0050568da084}" />
      </MissingDependency>
      <MissingDependency>
        <Required type="2" schemaName="resources" displayName="Resources" parentSchemaName="serviceappointment" parentDisplayName="Appointment" solution="msdynce_Service (9.0.5.56)">
          <package>msdynce_ServiceAnchor (9.0.21041.1024)</package>
        </Required>
        <Dependent type="26" schemaName="All Appointments - Created Today" displayName="All Appointments - Created Today" parentSchemaName="serviceappointment" parentDisplayName="Appointment" id="{e0adeacf-4466-e611-9421-0050568da084}" />
      </MissingDependency>
      <MissingDependency>
        <Required type="2" schemaName="scheduleddurationminutes" displayName="Scheduled Duration" parentSchemaName="serviceappointment" parentDisplayName="Appointment" solution="msdynce_Service (9.0.5.56)">
          <package>msdynce_ServiceAnchor (9.0.21041.1024)</package>
        </Required>
        <Dependent type="26" schemaName="All Appointments - Created Today" displayName="All Appointments - Created Today" parentSchemaName="serviceappointment" parentDisplayName="Appointment" id="{e0adeacf-4466-e611-9421-0050568da084}" />
      </MissingDependency>
      <MissingDependency>
        <Required type="2" schemaName="scheduledstart" displayName="Scheduled Start" parentSchemaName="serviceappointment" parentDisplayName="Appointment" solution="msdynce_Service (9.0.5.56)">
          <package>msdynce_ServiceAnchor (9.0.21041.1024)</package>
        </Required>
        <Dependent type="26" schemaName="All Appointments - Created Today" displayName="All Appointments - Created Today" parentSchemaName="serviceappointment" parentDisplayName="Appointment" id="{e0adeacf-4466-e611-9421-0050568da084}" />
      </MissingDependency>
      <MissingDependency>
        <Required type="2" schemaName="statecode" displayName="Status" parentSchemaName="serviceappointment" parentDisplayName="Appointment" solution="msdynce_Service (9.0.5.56)">
          <package>msdynce_ServiceAnchor (9.0.21041.1024)</package>
        </Required>
        <Dependent type="26" schemaName="All Appointments - Created Today" displayName="All Appointments - Created Today" parentSchemaName="serviceappointment" parentDisplayName="Appointment" id="{e0adeacf-4466-e611-9421-0050568da084}" />
      </MissingDependency>
      <MissingDependency>
        <Required type="2" schemaName="statecode" displayName="Status" parentSchemaName="serviceappointment" parentDisplayName="Appointment" solution="msdynce_Service (9.0.5.56)">
          <package>msdynce_ServiceAnchor (9.0.21041.1024)</package>
        </Required>
        <Dependent type="59" schemaName="Appointment by Status (Line Graph)" displayName="Appointment by Status (Line Graph)" parentSchemaName="serviceappointment" parentDisplayName="Appointment" id="{c1bdf9e2-fab6-eb11-8236-001dd802119b}" />
      </MissingDependency>
      <MissingDependency>
        <Required type="2" schemaName="statuscode" displayName="Status Reason" parentSchemaName="serviceappointment" parentDisplayName="Appointment" solution="msdynce_Service (9.0.5.56)">
          <package>msdynce_ServiceAnchor (9.0.21041.1024)</package>
        </Required>
        <Dependent type="26" schemaName="All Appointments - Created Today" displayName="All Appointments - Created Today" parentSchemaName="serviceappointment" parentDisplayName="Appointment" id="{e0adeacf-4466-e611-9421-0050568da084}" />
      </MissingDependency>
      <MissingDependency>
        <Required type="2" schemaName="subject" displayName="Subject" parentSchemaName="serviceappointment" parentDisplayName="Appointment" solution="msdynce_Service (9.0.5.56)">
          <package>msdynce_ServiceAnchor (9.0.21041.1024)</package>
        </Required>
        <Dependent type="26" schemaName="All Appointments - Created Today" displayName="All Appointments - Created Today" parentSchemaName="serviceappointment" parentDisplayName="Appointment" id="{e0adeacf-4466-e611-9421-0050568da084}" />
      </MissingDependency>
      <MissingDependency>
        <Required type="61" schemaName="cvt_resource16" displayName="cvt_resource16" solution="Active" />
        <Dependent type="1" schemaName="mcs_resource" displayName="TMP Resource" />
      </MissingDependency>
      <MissingDependency>
        <Required type="61" schemaName="cvt_resource32" displayName="cvt_resource32" solution="Active" />
        <Dependent type="1" schemaName="mcs_resource" displayName="TMP Resource" />
      </MissingDependency>
    </MissingDependencies>
  </SolutionManifest>
</ImportExportXml>