<ImportExportXml version="9.2.21073.141" SolutionPackageVersion="9.2" languagecode="1033" generatedBy="CrmLive" xmlns:xsi="http://www.w3.org/2001/XMLSchema-instance">
  <SolutionManifest>
    <UniqueName>TMP_Sprint25Updated</UniqueName>
    <LocalizedNames>
      <LocalizedName description="TMP_Sprint25 Updated" languagecode="1033" />
    </LocalizedNames>
    <Descriptions />
    <Version>1.0.0.5</Version>
    <Managed>0</Managed>
    <Publisher>
      <UniqueName>tmpdefaultpublisher</UniqueName>
      <LocalizedNames>
        <LocalizedName description="TMP Default Publisher" languagecode="1033" />
      </LocalizedNames>
      <Descriptions />
      <EMailAddress xsi:nil="true"></EMailAddress>
      <SupportingWebsiteUrl xsi:nil="true"></SupportingWebsiteUrl>
      <CustomizationPrefix>tmp</CustomizationPrefix>
      <CustomizationOptionValuePrefix>17897</CustomizationOptionValuePrefix>
      <Addresses>
        <Address>
          <AddressNumber>1</AddressNumber>
          <AddressTypeCode>1</AddressTypeCode>
          <City xsi:nil="true"></City>
          <County xsi:nil="true"></County>
          <Country xsi:nil="true"></Country>
          <Fax xsi:nil="true"></Fax>
          <FreightTermsCode xsi:nil="true"></FreightTermsCode>
          <ImportSequenceNumber xsi:nil="true"></ImportSequenceNumber>
          <Latitude xsi:nil="true"></Latitude>
          <Line1 xsi:nil="true"></Line1>
          <Line2 xsi:nil="true"></Line2>
          <Line3 xsi:nil="true"></Line3>
          <Longitude xsi:nil="true"></Longitude>
          <Name xsi:nil="true"></Name>
          <PostalCode xsi:nil="true"></PostalCode>
          <PostOfficeBox xsi:nil="true"></PostOfficeBox>
          <PrimaryContactName xsi:nil="true"></PrimaryContactName>
          <ShippingMethodCode>1</ShippingMethodCode>
          <StateOrProvince xsi:nil="true"></StateOrProvince>
          <Telephone1 xsi:nil="true"></Telephone1>
          <Telephone2 xsi:nil="true"></Telephone2>
          <Telephone3 xsi:nil="true"></Telephone3>
          <TimeZoneRuleVersionNumber xsi:nil="true"></TimeZoneRuleVersionNumber>
          <UPSZone xsi:nil="true"></UPSZone>
          <UTCOffset xsi:nil="true"></UTCOffset>
          <UTCConversionTimeZoneCode xsi:nil="true"></UTCConversionTimeZoneCode>
        </Address>
        <Address>
          <AddressNumber>2</AddressNumber>
          <AddressTypeCode>1</AddressTypeCode>
          <City xsi:nil="true"></City>
          <County xsi:nil="true"></County>
          <Country xsi:nil="true"></Country>
          <Fax xsi:nil="true"></Fax>
          <FreightTermsCode xsi:nil="true"></FreightTermsCode>
          <ImportSequenceNumber xsi:nil="true"></ImportSequenceNumber>
          <Latitude xsi:nil="true"></Latitude>
          <Line1 xsi:nil="true"></Line1>
          <Line2 xsi:nil="true"></Line2>
          <Line3 xsi:nil="true"></Line3>
          <Longitude xsi:nil="true"></Longitude>
          <Name xsi:nil="true"></Name>
          <PostalCode xsi:nil="true"></PostalCode>
          <PostOfficeBox xsi:nil="true"></PostOfficeBox>
          <PrimaryContactName xsi:nil="true"></PrimaryContactName>
          <ShippingMethodCode>1</ShippingMethodCode>
          <StateOrProvince xsi:nil="true"></StateOrProvince>
          <Telephone1 xsi:nil="true"></Telephone1>
          <Telephone2 xsi:nil="true"></Telephone2>
          <Telephone3 xsi:nil="true"></Telephone3>
          <TimeZoneRuleVersionNumber xsi:nil="true"></TimeZoneRuleVersionNumber>
          <UPSZone xsi:nil="true"></UPSZone>
          <UTCOffset xsi:nil="true"></UTCOffset>
          <UTCConversionTimeZoneCode xsi:nil="true"></UTCConversionTimeZoneCode>
        </Address>
      </Addresses>
    </Publisher>
    <RootComponents>
      <RootComponent type="1" schemaName="contact" behavior="2" />
      <RootComponent type="1" schemaName="mcs_site" behavior="0" />
      <RootComponent type="1" schemaName="systemuser" behavior="2" />
      <RootComponent type="29" id="{26d640dc-2a51-4aa9-b85e-01afd62b4e66}" behavior="0" />
      <RootComponent type="29" id="{68438a7b-f08f-46b9-8834-50d9e64afc91}" behavior="0" />
      <RootComponent type="29" id="{94730ca6-f978-4753-b14d-c066181cbcfd}" behavior="0" />
      <RootComponent type="29" id="{e601eca0-f00a-4165-a183-b933774e3cf3}" behavior="0" />
      <RootComponent type="29" id="{e6e61c25-d13e-483a-853f-a73303b79d4a}" behavior="0" />
      <RootComponent type="29" id="{f81e97aa-b3ba-4957-9cd9-ee8aea6c03b9}" behavior="0" />
      <RootComponent type="61" schemaName="cvt_ViaLogin.js" behavior="0" />
      <RootComponent type="61" schemaName="mcs_User.RibbonFunctions.js" behavior="0" />
      <RootComponent type="61" schemaName="tmp_tmpsite_library" behavior="0" />
      <RootComponent type="91" id="{0d237278-589e-4c9f-a279-ca4e878b4d97}" schemaName="TMPPlugins, Version=1.0.0.0, Culture=neutral, PublicKeyToken=2a5c0f48e135418c" behavior="0" />
      <RootComponent type="91" id="{69719429-31ad-4864-8a1f-c6597679e24b}" schemaName="VA.TMP.Integration.Plugins, Version=1.0.0.0, Culture=neutral, PublicKeyToken=f9ed7db8a23d3ea1" behavior="0" />
      <RootComponent type="92" id="{0fae1dc9-3ec9-eb11-bacd-001dd802e7d2}" behavior="0" />
    </RootComponents>
    <MissingDependencies>
      <MissingDependency>
        <Required type="1" schemaName="cvt_mastertsa" displayName="Master TSA" solution="Active" />
        <Dependent type="1" schemaName="mcs_site" displayName="TMP Site" />
      </MissingDependency>
      <MissingDependency>
        <Required type="1" schemaName="cvt_participatingsite" displayName="Participating Site" solution="Active" />
        <Dependent type="1" schemaName="mcs_site" displayName="TMP Site" />
      </MissingDependency>
      <MissingDependency>
        <Required type="1" schemaName="cvt_patientresourcegroup" displayName="Patient Site Resource" solution="Active" />
        <Dependent type="1" schemaName="mcs_site" displayName="TMP Site" />
      </MissingDependency>
      <MissingDependency>
        <Required type="1" schemaName="cvt_providerresourcegroup" displayName="Provider Site Resource" solution="Active" />
        <Dependent type="1" schemaName="mcs_site" displayName="TMP Site" />
      </MissingDependency>
      <MissingDependency>
        <Required type="1" schemaName="cvt_stagingresource" displayName="Inventory" solution="Active" />
        <Dependent type="1" schemaName="mcs_site" displayName="TMP Site" />
      </MissingDependency>
      <MissingDependency>
        <Required type="1" schemaName="cvt_vistaintegrationresult" displayName="Vista Integration Result" solution="Active" />
        <Dependent type="60" displayName="Information" parentDisplayName="Patient" id="{894cc46a-b0cb-4ab0-8bf6-200544e46a2d}" />
      </MissingDependency>
      <MissingDependency>
        <Required type="1" schemaName="mcs_facility" displayName="Facility" solution="Active" />
        <Dependent type="10" schemaName="mcs_mcs_facility_mcs_site" displayName="mcs_mcs_facility_mcs_site" parentSchemaName="mcs_site" parentDisplayName="TMP Site" />
      </MissingDependency>
      <MissingDependency>
        <Required type="1" schemaName="mcs_facility" displayName="Facility" solution="Active" />
        <Dependent type="26" schemaName="My Facility - TMP Sites" displayName="My Facility - TMP Sites" parentSchemaName="mcs_site" parentDisplayName="TMP Site" id="{03693f2c-004f-e411-9520-00155d14d8a4}" />
      </MissingDependency>
      <MissingDependency>
        <Required type="1" schemaName="mcs_groupresource" displayName="Group Resource" solution="Active" />
        <Dependent type="1" schemaName="mcs_site" displayName="TMP Site" />
      </MissingDependency>
      <MissingDependency>
        <Required type="1" schemaName="mcs_personidentifiers" displayName="Person Identifiers" solution="Active" />
        <Dependent type="60" displayName="Information" parentDisplayName="Patient" id="{894cc46a-b0cb-4ab0-8bf6-200544e46a2d}" />
      </MissingDependency>
      <MissingDependency>
        <Required type="1" schemaName="mcs_resource" displayName="TMP Resource" solution="Active" />
        <Dependent type="1" schemaName="mcs_site" displayName="TMP Site" />
      </MissingDependency>
      <MissingDependency>
        <Required type="1" schemaName="mcs_resourcegroup" displayName="TMP Resource Group" solution="Active" />
        <Dependent type="1" schemaName="mcs_site" displayName="TMP Site" />
      </MissingDependency>
      <MissingDependency>
        <Required type="1" schemaName="mcs_services" displayName="Archived Agreement" solution="Active" />
        <Dependent type="1" schemaName="mcs_site" displayName="TMP Site" />
      </MissingDependency>
      <MissingDependency>
        <Required type="1" schemaName="serviceappointment" displayName="Appointment" solution="msdynce_Service (9.0.5.56)">
          <package>msdynce_ServiceAnchor (9.0.21041.1024)</package>
        </Required>
        <Dependent type="1" schemaName="mcs_site" displayName="TMP Site" />
      </MissingDependency>
      <MissingDependency>
        <Required type="10" schemaName="cvt_mcs_site_appointment_Site" displayName="cvt_mcs_site_appointment_Site" parentSchemaName="appointment" parentDisplayName="Reserve Resource" solution="Active" />
        <Dependent type="60" displayName="Information" parentDisplayName="TMP Site" id="{b7262de4-13bf-4e5c-95d1-9c11af1802ec}" />
      </MissingDependency>
      <MissingDependency>
        <Required type="10" schemaName="cvt_mcs_site_cvt_mastertsa_RelatedSiteid" displayName="cvt_mcs_site_cvt_mastertsa_RelatedSiteid" parentSchemaName="cvt_mastertsa" parentDisplayName="Master TSA" solution="Active" />
        <Dependent type="60" displayName="Information" parentDisplayName="TMP Site" id="{b7262de4-13bf-4e5c-95d1-9c11af1802ec}" />
      </MissingDependency>
      <MissingDependency>
        <Required type="10" schemaName="mcs_mcs_site_cvt_stagingresource" displayName="mcs_mcs_site_cvt_stagingresource" parentSchemaName="cvt_stagingresource" parentDisplayName="Inventory" solution="Active" />
        <Dependent type="60" displayName="Information" parentDisplayName="TMP Site" id="{b7262de4-13bf-4e5c-95d1-9c11af1802ec}" />
      </MissingDependency>
      <MissingDependency>
        <Required type="10" schemaName="cvt_contact_cvt_vistaintegrationresult_Veteran" displayName="cvt_contact_cvt_vistaintegrationresult_Veteran" parentSchemaName="cvt_vistaintegrationresult" parentDisplayName="Vista Integration Result" solution="Active" />
        <Dependent type="60" displayName="Information" parentDisplayName="Patient" id="{894cc46a-b0cb-4ab0-8bf6-200544e46a2d}" />
      </MissingDependency>
      <MissingDependency>
        <Required type="10" schemaName="mcs_contact_mcs_personidentifiers_patient" displayName="mcs_contact_mcs_personidentifiers_patient" parentSchemaName="mcs_personidentifiers" parentDisplayName="Person Identifiers" solution="Active" />
        <Dependent type="60" displayName="Information" parentDisplayName="Patient" id="{894cc46a-b0cb-4ab0-8bf6-200544e46a2d}" />
      </MissingDependency>
      <MissingDependency>
        <Required type="10" schemaName="mcs_mcs_site_mcs_resource" displayName="mcs_mcs_site_mcs_resource" parentSchemaName="mcs_resource" parentDisplayName="TMP Resource" solution="Active" />
        <Dependent type="60" displayName="Information" parentDisplayName="TMP Site" id="{b7262de4-13bf-4e5c-95d1-9c11af1802ec}" />
      </MissingDependency>
      <MissingDependency>
        <Required type="10" schemaName="mcs_mcs_site_mcs_resourcegroup" displayName="mcs_mcs_site_mcs_resourcegroup" parentSchemaName="mcs_resourcegroup" parentDisplayName="TMP Resource Group" solution="Active" />
        <Dependent type="60" displayName="Information" parentDisplayName="TMP Site" id="{b7262de4-13bf-4e5c-95d1-9c11af1802ec}" />
      </MissingDependency>
      <MissingDependency>
        <Required type="10" schemaName="cvt_mcs_site_mcs_services_relatedpatientsite" displayName="cvt_mcs_site_mcs_services_relatedpatientsite" parentSchemaName="mcs_services" parentDisplayName="Archived Agreement" solution="Active" />
        <Dependent type="60" displayName="Information" parentDisplayName="TMP Site" id="{b7262de4-13bf-4e5c-95d1-9c11af1802ec}" />
      </MissingDependency>
      <MissingDependency>
        <Required type="10" schemaName="cvt_mcs_site_mcs_services_relatedprovidersiteid" displayName="cvt_mcs_site_mcs_services_relatedprovidersiteid" parentSchemaName="mcs_services" parentDisplayName="Archived Agreement" solution="Active" />
        <Dependent type="60" displayName="Information" parentDisplayName="TMP Site" id="{b7262de4-13bf-4e5c-95d1-9c11af1802ec}" />
      </MissingDependency>
      <MissingDependency>
        <Required type="10" schemaName="mcs_mcs_site_serviceappointment_relatedprovidersite" displayName="mcs_mcs_site_serviceappointment_relatedprovidersite" parentSchemaName="serviceappointment" parentDisplayName="Appointment" solution="Active" />
        <Dependent type="60" displayName="Information" parentDisplayName="TMP Site" id="{b7262de4-13bf-4e5c-95d1-9c11af1802ec}" />
      </MissingDependency>
      <MissingDependency>
        <Required type="10" schemaName="mcs_mcs_site_serviceappointment_relatedsite" displayName="mcs_mcs_site_serviceappointment_relatedsite" parentSchemaName="serviceappointment" parentDisplayName="Appointment" solution="Active" />
        <Dependent type="60" displayName="Information" parentDisplayName="TMP Site" id="{b7262de4-13bf-4e5c-95d1-9c11af1802ec}" />
      </MissingDependency>
      <MissingDependency>
        <Required type="10" schemaName="cvt_mcs_site_systemuser_site" displayName="cvt_mcs_site_systemuser_site" parentSchemaName="systemuser" parentDisplayName="Resource: User" solution="Active" />
        <Dependent type="60" displayName="Information" parentDisplayName="TMP Site" id="{b7262de4-13bf-4e5c-95d1-9c11af1802ec}" />
      </MissingDependency>
      <MissingDependency>
        <Required type="10" schemaName="cvt_mcs_site_team_TMPSite" displayName="cvt_mcs_site_team_TMPSite" parentSchemaName="team" parentDisplayName="Team" solution="Active" />
        <Dependent type="60" displayName="Information" parentDisplayName="TMP Site" id="{b7262de4-13bf-4e5c-95d1-9c11af1802ec}" />
      </MissingDependency>
      <MissingDependency>
        <Required type="2" schemaName="cvt_bltablet" displayName="Tablet SIP Address" parentSchemaName="contact" parentDisplayName="Patient" solution="Active" />
        <Dependent type="60" displayName="Information" parentDisplayName="Patient" id="{894cc46a-b0cb-4ab0-8bf6-200544e46a2d}" />
      </MissingDependency>
      <MissingDependency>
        <Required type="2" schemaName="cvt_staticvmrlink" displayName="Static VMR Link" parentSchemaName="contact" parentDisplayName="Patient" solution="Active" />
        <Dependent type="60" displayName="Information" parentDisplayName="Patient" id="{894cc46a-b0cb-4ab0-8bf6-200544e46a2d}" />
      </MissingDependency>
      <MissingDependency>
        <Required type="2" schemaName="cvt_tablettype" displayName="Technology Type" parentSchemaName="contact" parentDisplayName="Patient" solution="Active" />
        <Dependent type="60" displayName="Information" parentDisplayName="Patient" id="{894cc46a-b0cb-4ab0-8bf6-200544e46a2d}" />
      </MissingDependency>
      <MissingDependency>
        <Required type="2" schemaName="cvt_timezone" displayName="Time Zone" parentSchemaName="contact" parentDisplayName="Patient" solution="Active" />
        <Dependent type="60" displayName="Information" parentDisplayName="Patient" id="{894cc46a-b0cb-4ab0-8bf6-200544e46a2d}" />
      </MissingDependency>
      <MissingDependency>
        <Required type="2" schemaName="cvt_vistaids" displayName="Vista IDs" parentSchemaName="contact" parentDisplayName="Patient" solution="Active" />
        <Dependent type="60" displayName="Information" parentDisplayName="Patient" id="{894cc46a-b0cb-4ab0-8bf6-200544e46a2d}" />
      </MissingDependency>
      <MissingDependency>
        <Required type="2" schemaName="defaultpricelevelid" displayName="Price List" parentSchemaName="contact" parentDisplayName="Patient" solution="msdynce_ProductManagement (9.0.4.0066)">
          <package>msdynce_ProductManagementAnchor (9.0.21043.10001)</package>
        </Required>
        <Dependent type="60" displayName="Information" parentDisplayName="Patient" id="{894cc46a-b0cb-4ab0-8bf6-200544e46a2d}" />
      </MissingDependency>
      <MissingDependency>
        <Required type="2" schemaName="mcs_branchofservice" displayName="Branch of Service" parentSchemaName="contact" parentDisplayName="Patient" solution="Active" />
        <Dependent type="60" displayName="Information" parentDisplayName="Patient" id="{894cc46a-b0cb-4ab0-8bf6-200544e46a2d}" />
      </MissingDependency>
      <MissingDependency>
        <Required type="2" schemaName="mcs_deceased" displayName="Deceased" parentSchemaName="contact" parentDisplayName="Patient" solution="Active" />
        <Dependent type="60" displayName="Information" parentDisplayName="Patient" id="{894cc46a-b0cb-4ab0-8bf6-200544e46a2d}" />
      </MissingDependency>
      <MissingDependency>
        <Required type="2" schemaName="mcs_deceaseddate" displayName="Deceased Date" parentSchemaName="contact" parentDisplayName="Patient" solution="Active" />
        <Dependent type="60" displayName="Information" parentDisplayName="Patient" id="{894cc46a-b0cb-4ab0-8bf6-200544e46a2d}" />
      </MissingDependency>
      <MissingDependency>
        <Required type="2" schemaName="mcs_identitytheft" displayName="Identity Theft" parentSchemaName="contact" parentDisplayName="Patient" solution="Active" />
        <Dependent type="60" displayName="Information" parentDisplayName="Patient" id="{894cc46a-b0cb-4ab0-8bf6-200544e46a2d}" />
      </MissingDependency>
      <MissingDependency>
        <Required type="2" schemaName="mcs_last4" displayName="Last 4" parentSchemaName="contact" parentDisplayName="Patient" solution="Active" />
        <Dependent type="60" displayName="Information" parentDisplayName="Patient" id="{894cc46a-b0cb-4ab0-8bf6-200544e46a2d}" />
      </MissingDependency>
      <MissingDependency>
        <Required type="2" schemaName="mcs_othernames" displayName="Other Names" parentSchemaName="contact" parentDisplayName="Patient" solution="Active" />
        <Dependent type="60" displayName="Information" parentDisplayName="Patient" id="{894cc46a-b0cb-4ab0-8bf6-200544e46a2d}" />
      </MissingDependency>
      <MissingDependency>
        <Required type="2" schemaName="originatingleadid" displayName="Originating Lead" parentSchemaName="contact" parentDisplayName="Patient" solution="msdynce_LeadManagement (9.0.4.0066)">
          <package>msdynce_LeadManagementAnchor (9.0.21043.10001)</package>
        </Required>
        <Dependent type="60" displayName="Information" parentDisplayName="Patient" id="{894cc46a-b0cb-4ab0-8bf6-200544e46a2d}" />
      </MissingDependency>
      <MissingDependency>
        <Required type="2" schemaName="preferredequipmentid" displayName="Preferred Facility/Equipment" parentSchemaName="contact" parentDisplayName="Patient" solution="msdynce_Service (9.0.5.56)">
          <package>msdynce_ServiceAnchor (9.0.21041.1024)</package>
        </Required>
        <Dependent type="60" displayName="Information" parentDisplayName="Patient" id="{894cc46a-b0cb-4ab0-8bf6-200544e46a2d}" />
      </MissingDependency>
      <MissingDependency>
        <Required type="2" schemaName="preferredserviceid" displayName="Preferred Service" parentSchemaName="contact" parentDisplayName="Patient" solution="msdynce_Service (9.0.5.56)">
          <package>msdynce_ServiceAnchor (9.0.21041.1024)</package>
        </Required>
        <Dependent type="60" displayName="Information" parentDisplayName="Patient" id="{894cc46a-b0cb-4ab0-8bf6-200544e46a2d}" />
      </MissingDependency>
      <MissingDependency>
        <Required type="2" schemaName="cvt_address1" displayName="Address 1" parentSchemaName="mcs_facility" parentDisplayName="Facility" solution="Active" />
        <Dependent type="10" schemaName="mcs_mcs_facility_mcs_site" displayName="mcs_mcs_facility_mcs_site" parentSchemaName="mcs_site" parentDisplayName="TMP Site" />
      </MissingDependency>
      <MissingDependency>
        <Required type="2" schemaName="cvt_address2" displayName="Address 2" parentSchemaName="mcs_facility" parentDisplayName="Facility" solution="Active" />
        <Dependent type="10" schemaName="mcs_mcs_facility_mcs_site" displayName="mcs_mcs_facility_mcs_site" parentSchemaName="mcs_site" parentDisplayName="TMP Site" />
      </MissingDependency>
      <MissingDependency>
        <Required type="2" schemaName="cvt_address3" displayName="Address 3" parentSchemaName="mcs_facility" parentDisplayName="Facility" solution="Active" />
        <Dependent type="10" schemaName="mcs_mcs_facility_mcs_site" displayName="mcs_mcs_facility_mcs_site" parentSchemaName="mcs_site" parentDisplayName="TMP Site" />
      </MissingDependency>
      <MissingDependency>
        <Required type="2" schemaName="cvt_city" displayName="City" parentSchemaName="mcs_facility" parentDisplayName="Facility" solution="Active" />
        <Dependent type="10" schemaName="mcs_mcs_facility_mcs_site" displayName="mcs_mcs_facility_mcs_site" parentSchemaName="mcs_site" parentDisplayName="TMP Site" />
      </MissingDependency>
      <MissingDependency>
        <Required type="2" schemaName="cvt_phone" displayName="Phone" parentSchemaName="mcs_facility" parentDisplayName="Facility" solution="Active" />
        <Dependent type="10" schemaName="mcs_mcs_facility_mcs_site" displayName="mcs_mcs_facility_mcs_site" parentSchemaName="mcs_site" parentDisplayName="TMP Site" />
      </MissingDependency>
      <MissingDependency>
        <Required type="2" schemaName="cvt_state" displayName="State" parentSchemaName="mcs_facility" parentDisplayName="Facility" solution="Active" />
        <Dependent type="10" schemaName="mcs_mcs_facility_mcs_site" displayName="mcs_mcs_facility_mcs_site" parentSchemaName="mcs_site" parentDisplayName="TMP Site" />
      </MissingDependency>
      <MissingDependency>
        <Required type="2" schemaName="cvt_zip4" displayName="Zip 4" parentSchemaName="mcs_facility" parentDisplayName="Facility" solution="Active" />
        <Dependent type="10" schemaName="mcs_mcs_facility_mcs_site" displayName="mcs_mcs_facility_mcs_site" parentSchemaName="mcs_site" parentDisplayName="TMP Site" />
      </MissingDependency>
      <MissingDependency>
        <Required type="2" schemaName="cvt_zipcode" displayName="Zip Code" parentSchemaName="mcs_facility" parentDisplayName="Facility" solution="Active" />
        <Dependent type="10" schemaName="mcs_mcs_facility_mcs_site" displayName="mcs_mcs_facility_mcs_site" parentSchemaName="mcs_site" parentDisplayName="TMP Site" />
      </MissingDependency>
      <MissingDependency>
        <Required type="2" schemaName="mcs_businessunitid" displayName="Business Unit" parentSchemaName="mcs_facility" parentDisplayName="Facility" solution="Active" />
        <Dependent type="10" schemaName="mcs_mcs_facility_mcs_site" displayName="mcs_mcs_facility_mcs_site" parentSchemaName="mcs_site" parentDisplayName="TMP Site" />
      </MissingDependency>
      <MissingDependency>
        <Required type="2" schemaName="mcs_facilityid" displayName="Facility" parentSchemaName="mcs_facility" parentDisplayName="Facility" solution="Active" />
        <Dependent type="10" schemaName="mcs_mcs_facility_mcs_site" displayName="mcs_mcs_facility_mcs_site" parentSchemaName="mcs_site" parentDisplayName="TMP Site" />
      </MissingDependency>
      <MissingDependency>
        <Required type="2" schemaName="mcs_facilityid" displayName="Facility" parentSchemaName="mcs_facility" parentDisplayName="Facility" solution="Active" />
        <Dependent type="26" schemaName="My Facility - TMP Sites" displayName="My Facility - TMP Sites" parentSchemaName="mcs_site" parentDisplayName="TMP Site" id="{03693f2c-004f-e411-9520-00155d14d8a4}" />
      </MissingDependency>
      <MissingDependency>
        <Required type="2" schemaName="mcs_name" displayName="Name" parentSchemaName="mcs_facility" parentDisplayName="Facility" solution="Active" />
        <Dependent type="10" schemaName="mcs_mcs_facility_mcs_site" displayName="mcs_mcs_facility_mcs_site" parentSchemaName="mcs_site" parentDisplayName="TMP Site" />
      </MissingDependency>
      <MissingDependency>
        <Required type="2" schemaName="mcs_stationnumber" displayName="Station Number" parentSchemaName="mcs_facility" parentDisplayName="Facility" solution="Active" />
        <Dependent type="10" schemaName="mcs_mcs_facility_mcs_site" displayName="mcs_mcs_facility_mcs_site" parentSchemaName="mcs_site" parentDisplayName="TMP Site" />
      </MissingDependency>
      <MissingDependency>
        <Required type="2" schemaName="mcs_timezone" displayName="Time Zone" parentSchemaName="mcs_facility" parentDisplayName="Facility" solution="Active" />
        <Dependent type="10" schemaName="mcs_mcs_facility_mcs_site" displayName="mcs_mcs_facility_mcs_site" parentSchemaName="mcs_site" parentDisplayName="TMP Site" />
      </MissingDependency>
      <MissingDependency>
        <Required type="2" schemaName="name" displayName="Name" parentSchemaName="site" parentDisplayName="Site" solution="msdynce_Service (9.0.5.56)">
          <package>msdynce_ServiceAnchor (9.0.21041.1024)</package>
        </Required>
        <Dependent type="10" schemaName="mcs_site_mcs_site" displayName="mcs_site_mcs_site" parentSchemaName="mcs_site" parentDisplayName="TMP Site" />
      </MissingDependency>
      <MissingDependency>
        <Required type="2" schemaName="cvt_facility" displayName="Facility" parentSchemaName="systemuser" parentDisplayName="Resource: User" solution="Active" />
        <Dependent type="26" schemaName="My Facility - TMP Sites" displayName="My Facility - TMP Sites" parentSchemaName="mcs_site" parentDisplayName="TMP Site" id="{03693f2c-004f-e411-9520-00155d14d8a4}" />
      </MissingDependency>
      <MissingDependency>
        <Required type="2" schemaName="mcs_visn" displayName="VISN" parentSchemaName="systemuser" parentDisplayName="Resource: User" solution="Active" />
        <Dependent type="26" schemaName="My VISN - TMP Sites" displayName="My VISN - TMP Sites" parentSchemaName="mcs_site" parentDisplayName="TMP Site" id="{65641117-d4ac-e211-8904-78e3b511a629}" />
      </MissingDependency>
      <MissingDependency>
        <Required type="26" schemaName="Identifier List" displayName="Identifier List" parentSchemaName="mcs_personidentifiers" parentDisplayName="Person Identifiers" solution="Active" id="{12e0a471-e3e9-e411-8e4c-00155d14e721}" />
        <Dependent type="60" displayName="Information" parentDisplayName="Patient" id="{894cc46a-b0cb-4ab0-8bf6-200544e46a2d}" />
      </MissingDependency>
      <MissingDependency>
        <Required type="26" schemaName="Vista Books/Cancels Sub-Grid" displayName="Vista Books/Cancels Sub-Grid" parentSchemaName="cvt_vistaintegrationresult" parentDisplayName="Vista Integration Result" solution="Active" id="{1aceb3e8-cbc6-e611-80de-000d3a007bf6}" />
        <Dependent type="60" displayName="Information" parentDisplayName="Patient" id="{894cc46a-b0cb-4ab0-8bf6-200544e46a2d}" />
      </MissingDependency>
      <MissingDependency>
        <Required type="26" schemaName="Active Services" displayName="Active Services" parentSchemaName="service" parentDisplayName="Service" solution="msdynce_Service (9.0.5.56)" id="{2bd4de5e-a7b4-4f5d-8fde-eb3b62d8e2b2}">
          <package>msdynce_ServiceAnchor (9.0.21041.1024)</package>
        </Required>
        <Dependent type="60" displayName="Information" parentDisplayName="Patient" id="{894cc46a-b0cb-4ab0-8bf6-200544e46a2d}" />
      </MissingDependency>
      <MissingDependency>
        <Required type="26" schemaName="Facility Lookup View" displayName="Facility Lookup View" parentSchemaName="mcs_facility" parentDisplayName="Facility" solution="Active" id="{3f261933-6b1b-4dac-8b05-44465a749758}" />
        <Dependent type="60" displayName="Information" parentDisplayName="TMP Site" id="{b7262de4-13bf-4e5c-95d1-9c11af1802ec}" />
      </MissingDependency>
      <MissingDependency>
        <Required type="26" schemaName="Active Vista Integration Results" displayName="Active Vista Integration Results" parentSchemaName="cvt_vistaintegrationresult" parentDisplayName="Vista Integration Result" solution="Active" id="{60fd513b-e3c4-42f2-bdf7-1f90108705df}" />
        <Dependent type="60" displayName="Information" parentDisplayName="Patient" id="{894cc46a-b0cb-4ab0-8bf6-200544e46a2d}" />
      </MissingDependency>
      <MissingDependency>
        <Required type="26" schemaName="Active Person Identifiers" displayName="Active Person Identifiers" parentSchemaName="mcs_personidentifiers" parentDisplayName="Person Identifiers" solution="Active" id="{935aec72-1f2d-4e8f-8230-b6cfc7f4ebf3}" />
        <Dependent type="60" displayName="Information" parentDisplayName="Patient" id="{894cc46a-b0cb-4ab0-8bf6-200544e46a2d}" />
      </MissingDependency>
      <MissingDependency>
        <Required type="26" schemaName="Sites Lookup View" displayName="Sites Lookup View" parentSchemaName="site" parentDisplayName="Site" solution="msdynce_Service (9.0.5.56)" id="{c09b2072-b98f-42d2-a74a-47deaa29f205}">
          <package>msdynce_ServiceAnchor (9.0.21041.1024)</package>
        </Required>
        <Dependent type="60" displayName="Information" parentDisplayName="TMP Site" id="{b7262de4-13bf-4e5c-95d1-9c11af1802ec}" />
      </MissingDependency>
      <MissingDependency>
        <Required type="29" displayName="Get Patient Flags" solution="Active" id="{d3c73bb7-ea12-4fe6-a94a-9e72f24cd60d}" />
        <Dependent type="92" displayName="VA.TMP.Integration.Plugins.Patient_flag.PatientGetPatientFlagPreStage: tmp_GetPatientFlags of contact" id="{0fae1dc9-3ec9-eb11-bacd-001dd802e7d2}" />
      </MissingDependency>
      <MissingDependency>
        <Required type="60" displayName="Information" parentDisplayName="Patient" solution="msdynce_AppCommon (9.0.4.0066)" id="{894cc46a-b0cb-4ab0-8bf6-200544e46a2d}">
          <package>msdynce_AppCommonAnchor (9.0.21043.10002)</package>
        </Required>
        <Dependent type="60" displayName="Information" parentDisplayName="Patient" id="{894cc46a-b0cb-4ab0-8bf6-200544e46a2d}" />
      </MissingDependency>
      <MissingDependency>
        <Required type="61" schemaName="cvt_Patient.js" displayName="cvt_Patient.js" solution="Active" />
        <Dependent type="60" displayName="Information" parentDisplayName="Patient" id="{894cc46a-b0cb-4ab0-8bf6-200544e46a2d}" />
      </MissingDependency>
      <MissingDependency>
        <Required type="61" schemaName="cvt_site16" displayName="cvt_site16" solution="Active" />
        <Dependent type="1" schemaName="mcs_site" displayName="TMP Site" />
      </MissingDependency>
      <MissingDependency>
        <Required type="61" schemaName="cvt_site32" displayName="cvt_site32" solution="Active" />
        <Dependent type="1" schemaName="mcs_site" displayName="TMP Site" />
      </MissingDependency>
      <MissingDependency>
        <Required type="61" schemaName="mcs_MCS_Site.js" displayName="mcs_MCS_Site.js" solution="Active" />
        <Dependent type="60" displayName="Information" parentDisplayName="TMP Site" id="{b7262de4-13bf-4e5c-95d1-9c11af1802ec}" />
      </MissingDependency>
      <MissingDependency>
        <Required type="61" schemaName="tmp_patientflags" displayName="tmp_patientflags" solution="Active" />
        <Dependent type="60" displayName="Information" parentDisplayName="Patient" id="{894cc46a-b0cb-4ab0-8bf6-200544e46a2d}" />
      </MissingDependency>
    </MissingDependencies>
  </SolutionManifest>
</ImportExportXml>