<ImportExportXml version="9.1.0.5627" SolutionPackageVersion="9.1" languagecode="1033" generatedBy="CrmLive" xmlns:xsi="http://www.w3.org/2001/XMLSchema-instance">
  <SolutionManifest>
    <UniqueName>GCCtoEDE</UniqueName>
    <LocalizedNames>
      <LocalizedName description="GCC to EDE" languagecode="1033" />
    </LocalizedNames>
    <Descriptions />
    <Version>2019.07.05.1</Version>
    <Managed>0</Managed>
    <Publisher>
      <UniqueName>DefaultPublishervacvt</UniqueName>
      <LocalizedNames>
        <LocalizedName description="CVT" languagecode="1033" />
      </LocalizedNames>
      <Descriptions>
        <Description description="Default publisher for this organization" languagecode="1033" />
      </Descriptions>
      <EMailAddress xsi:nil="true"></EMailAddress>
      <SupportingWebsiteUrl xsi:nil="true"></SupportingWebsiteUrl>
      <CustomizationPrefix>cvt</CustomizationPrefix>
      <CustomizationOptionValuePrefix>91729</CustomizationOptionValuePrefix>
      <Addresses>
        <Address>
          <AddressNumber>1</AddressNumber>
          <AddressTypeCode xsi:nil="true"></AddressTypeCode>
          <City xsi:nil="true"></City>
          <County xsi:nil="true"></County>
          <Country xsi:nil="true"></Country>
          <Fax xsi:nil="true"></Fax>
          <FreightTermsCode xsi:nil="true"></FreightTermsCode>
          <ImportSequenceNumber xsi:nil="true"></ImportSequenceNumber>
          <Latitude xsi:nil="true"></Latitude>
          <Line1 xsi:nil="true"></Line1>
          <Line2 xsi:nil="true"></Line2>
          <Line3 xsi:nil="true"></Line3>
          <Longitude xsi:nil="true"></Longitude>
          <Name xsi:nil="true"></Name>
          <PostalCode xsi:nil="true"></PostalCode>
          <PostOfficeBox xsi:nil="true"></PostOfficeBox>
          <PrimaryContactName xsi:nil="true"></PrimaryContactName>
          <ShippingMethodCode xsi:nil="true"></ShippingMethodCode>
          <StateOrProvince xsi:nil="true"></StateOrProvince>
          <Telephone1 xsi:nil="true"></Telephone1>
          <Telephone2 xsi:nil="true"></Telephone2>
          <Telephone3 xsi:nil="true"></Telephone3>
          <TimeZoneRuleVersionNumber xsi:nil="true"></TimeZoneRuleVersionNumber>
          <UPSZone xsi:nil="true"></UPSZone>
          <UTCOffset xsi:nil="true"></UTCOffset>
          <UTCConversionTimeZoneCode xsi:nil="true"></UTCConversionTimeZoneCode>
        </Address>
        <Address>
          <AddressNumber>2</AddressNumber>
          <AddressTypeCode xsi:nil="true"></AddressTypeCode>
          <City xsi:nil="true"></City>
          <County xsi:nil="true"></County>
          <Country xsi:nil="true"></Country>
          <Fax xsi:nil="true"></Fax>
          <FreightTermsCode xsi:nil="true"></FreightTermsCode>
          <ImportSequenceNumber xsi:nil="true"></ImportSequenceNumber>
          <Latitude xsi:nil="true"></Latitude>
          <Line1 xsi:nil="true"></Line1>
          <Line2 xsi:nil="true"></Line2>
          <Line3 xsi:nil="true"></Line3>
          <Longitude xsi:nil="true"></Longitude>
          <Name xsi:nil="true"></Name>
          <PostalCode xsi:nil="true"></PostalCode>
          <PostOfficeBox xsi:nil="true"></PostOfficeBox>
          <PrimaryContactName xsi:nil="true"></PrimaryContactName>
          <ShippingMethodCode xsi:nil="true"></ShippingMethodCode>
          <StateOrProvince xsi:nil="true"></StateOrProvince>
          <Telephone1 xsi:nil="true"></Telephone1>
          <Telephone2 xsi:nil="true"></Telephone2>
          <Telephone3 xsi:nil="true"></Telephone3>
          <TimeZoneRuleVersionNumber xsi:nil="true"></TimeZoneRuleVersionNumber>
          <UPSZone xsi:nil="true"></UPSZone>
          <UTCOffset xsi:nil="true"></UTCOffset>
          <UTCConversionTimeZoneCode xsi:nil="true"></UTCConversionTimeZoneCode>
        </Address>
      </Addresses>
    </Publisher>
    <RootComponents>
      <RootComponent type="1" schemaName="serviceappointment" behavior="1" />
      <RootComponent type="60" id="{75ec0e60-421b-4e71-8f5d-d8de7e0aa04e}" />
      <RootComponent type="61" schemaName="cvt_ViaLogin.js" behavior="0" />
      <RootComponent type="91" id="{69719429-31ad-4864-8a1f-c6597679e24b}" schemaName="VA.TMP.Integration.Plugins, Version=1.0.0.0, Culture=neutral, PublicKeyToken=f9ed7db8a23d3ea1" behavior="0" />
    </RootComponents>
    <MissingDependencies>
      <MissingDependency>
        <Required key="0" type="1" schemaName="serviceappointment" displayName="Appointment" solution="msdynce_Service (9.0.5.56)" />
        <Dependent key="0" type="1" schemaName="serviceappointment" displayName="Appointment" />
      </MissingDependency>
      <MissingDependency>
        <Required key="1" type="1" schemaName="cvt_vistaintegrationresult" displayName="Vista Integration Result" solution="Active" />
        <Dependent key="2" type="60" displayName="Information" parentDisplayName="Appointment" id="{75ec0e60-421b-4e71-8f5d-d8de7e0aa04e}" />
      </MissingDependency>
      <MissingDependency>
        <Required key="3" type="1" schemaName="cvt_grouppatient" displayName="Group Patient" solution="Active" />
        <Dependent key="2" type="60" displayName="Information" parentDisplayName="Appointment" id="{75ec0e60-421b-4e71-8f5d-d8de7e0aa04e}" />
      </MissingDependency>
      <MissingDependency>
        <Required key="4" type="1" schemaName="mcs_integrationresult" displayName="Integration Result" solution="Active" />
        <Dependent key="2" type="60" displayName="Information" parentDisplayName="Appointment" id="{75ec0e60-421b-4e71-8f5d-d8de7e0aa04e}" />
      </MissingDependency>
      <MissingDependency>
        <Required key="5" type="1" schemaName="mcs_servicetype" displayName="Specialty" solution="Active" />
        <Dependent key="2" type="60" displayName="Information" parentDisplayName="Appointment" id="{75ec0e60-421b-4e71-8f5d-d8de7e0aa04e}" />
      </MissingDependency>
      <MissingDependency>
        <Required key="6" type="1" schemaName="cvt_nonvaemail" displayName="Non-VA Email" solution="Active" />
        <Dependent key="2" type="60" displayName="Information" parentDisplayName="Appointment" id="{75ec0e60-421b-4e71-8f5d-d8de7e0aa04e}" />
      </MissingDependency>
      <MissingDependency>
        <Required key="7" type="1" schemaName="mcs_services" displayName="Archived Agreement" solution="Active" />
        <Dependent key="2" type="60" displayName="Information" parentDisplayName="Appointment" id="{75ec0e60-421b-4e71-8f5d-d8de7e0aa04e}" />
      </MissingDependency>
      <MissingDependency>
        <Required key="8" type="2" schemaName="location" displayName="Delivery Location" parentSchemaName="serviceappointment" parentDisplayName="Appointment" solution="msdynce_Service (9.0.5.56)" />
        <Dependent key="2" type="60" displayName="Information" parentDisplayName="Appointment" id="{75ec0e60-421b-4e71-8f5d-d8de7e0aa04e}" />
      </MissingDependency>
      <MissingDependency>
        <Required key="9" type="2" schemaName="scheduledstart" displayName="Scheduled Start" parentSchemaName="serviceappointment" parentDisplayName="Appointment" solution="msdynce_Service (9.0.5.56)" />
        <Dependent key="2" type="60" displayName="Information" parentDisplayName="Appointment" id="{75ec0e60-421b-4e71-8f5d-d8de7e0aa04e}" />
      </MissingDependency>
      <MissingDependency>
        <Required key="10" type="2" schemaName="prioritycode" displayName="Priority" parentSchemaName="serviceappointment" parentDisplayName="Appointment" solution="msdynce_Service (9.0.5.56)" />
        <Dependent key="2" type="60" displayName="Information" parentDisplayName="Appointment" id="{75ec0e60-421b-4e71-8f5d-d8de7e0aa04e}" />
      </MissingDependency>
      <MissingDependency>
        <Required key="11" type="2" schemaName="cvt_patconsultien" displayName="Pat Consult Ien" parentSchemaName="serviceappointment" parentDisplayName="Appointment" solution="Active" />
        <Dependent key="2" type="60" displayName="Information" parentDisplayName="Appointment" id="{75ec0e60-421b-4e71-8f5d-d8de7e0aa04e}" />
      </MissingDependency>
      <MissingDependency>
        <Required key="12" type="2" schemaName="scheduledend" displayName="Scheduled End" parentSchemaName="serviceappointment" parentDisplayName="Appointment" solution="msdynce_Service (9.0.5.56)" />
        <Dependent key="2" type="60" displayName="Information" parentDisplayName="Appointment" id="{75ec0e60-421b-4e71-8f5d-d8de7e0aa04e}" />
      </MissingDependency>
      <MissingDependency>
        <Required key="13" type="2" schemaName="cvt_patuserduz" displayName="PatUserDuz" parentSchemaName="serviceappointment" parentDisplayName="Appointment" solution="Active" />
        <Dependent key="2" type="60" displayName="Information" parentDisplayName="Appointment" id="{75ec0e60-421b-4e71-8f5d-d8de7e0aa04e}" />
      </MissingDependency>
      <MissingDependency>
        <Required key="14" type="2" schemaName="siteid" displayName="Site" parentSchemaName="serviceappointment" parentDisplayName="Appointment" solution="msdynce_Service (9.0.5.56)" />
        <Dependent key="2" type="60" displayName="Information" parentDisplayName="Appointment" id="{75ec0e60-421b-4e71-8f5d-d8de7e0aa04e}" />
      </MissingDependency>
      <MissingDependency>
        <Required key="15" type="2" schemaName="mcs_servicesubtype" displayName="Specialty Sub-Type" parentSchemaName="serviceappointment" parentDisplayName="Appointment" solution="Active" />
        <Dependent key="2" type="60" displayName="Information" parentDisplayName="Appointment" id="{75ec0e60-421b-4e71-8f5d-d8de7e0aa04e}" />
      </MissingDependency>
      <MissingDependency>
        <Required key="16" type="2" schemaName="cvt_rtcparentpatient" displayName="Patient RTC Parent" parentSchemaName="serviceappointment" parentDisplayName="Appointment" solution="Active" />
        <Dependent key="2" type="60" displayName="Information" parentDisplayName="Appointment" id="{75ec0e60-421b-4e71-8f5d-d8de7e0aa04e}" />
      </MissingDependency>
      <MissingDependency>
        <Required key="17" type="2" schemaName="cvt_prortcid" displayName="Provider RTC Id" parentSchemaName="serviceappointment" parentDisplayName="Appointment" solution="Active" />
        <Dependent key="2" type="60" displayName="Information" parentDisplayName="Appointment" id="{75ec0e60-421b-4e71-8f5d-d8de7e0aa04e}" />
      </MissingDependency>
      <MissingDependency>
        <Required key="18" type="2" schemaName="statecode" displayName="Status" parentSchemaName="serviceappointment" parentDisplayName="Appointment" solution="msdynce_Service (9.0.5.56)" />
        <Dependent key="2" type="60" displayName="Information" parentDisplayName="Appointment" id="{75ec0e60-421b-4e71-8f5d-d8de7e0aa04e}" />
      </MissingDependency>
      <MissingDependency>
        <Required key="19" type="2" schemaName="cvt_relatedschedulingpackage" displayName="Scheduling Package" parentSchemaName="serviceappointment" parentDisplayName="Appointment" solution="Active" />
        <Dependent key="2" type="60" displayName="Information" parentDisplayName="Appointment" id="{75ec0e60-421b-4e71-8f5d-d8de7e0aa04e}" />
      </MissingDependency>
      <MissingDependency>
        <Required key="20" type="2" schemaName="cvt_patrtcid" displayName="Patient RTC Id" parentSchemaName="serviceappointment" parentDisplayName="Appointment" solution="Active" />
        <Dependent key="2" type="60" displayName="Information" parentDisplayName="Appointment" id="{75ec0e60-421b-4e71-8f5d-d8de7e0aa04e}" />
      </MissingDependency>
      <MissingDependency>
        <Required key="21" type="2" schemaName="mcs_relatedtsa" displayName="TSA" parentSchemaName="serviceappointment" parentDisplayName="Appointment" solution="Active" />
        <Dependent key="2" type="60" displayName="Information" parentDisplayName="Appointment" id="{75ec0e60-421b-4e71-8f5d-d8de7e0aa04e}" />
      </MissingDependency>
      <MissingDependency>
        <Required key="22" type="2" schemaName="cvt_telehealthmodality" displayName="Telehealth Modality" parentSchemaName="serviceappointment" parentDisplayName="Appointment" solution="Active" />
        <Dependent key="2" type="60" displayName="Information" parentDisplayName="Appointment" id="{75ec0e60-421b-4e71-8f5d-d8de7e0aa04e}" />
      </MissingDependency>
      <MissingDependency>
        <Required key="23" type="2" schemaName="subject" displayName="Subject" parentSchemaName="serviceappointment" parentDisplayName="Appointment" solution="msdynce_Service (9.0.5.56)" />
        <Dependent key="2" type="60" displayName="Information" parentDisplayName="Appointment" id="{75ec0e60-421b-4e71-8f5d-d8de7e0aa04e}" />
      </MissingDependency>
      <MissingDependency>
        <Required key="24" type="2" schemaName="cvt_rtcparentprovider" displayName="Provider RTC Parent" parentSchemaName="serviceappointment" parentDisplayName="Appointment" solution="Active" />
        <Dependent key="2" type="60" displayName="Information" parentDisplayName="Appointment" id="{75ec0e60-421b-4e71-8f5d-d8de7e0aa04e}" />
      </MissingDependency>
      <MissingDependency>
        <Required key="25" type="2" schemaName="cvt_statuscode" displayName="statuscode" parentSchemaName="serviceappointment" parentDisplayName="Appointment" solution="Active" />
        <Dependent key="2" type="60" displayName="Information" parentDisplayName="Appointment" id="{75ec0e60-421b-4e71-8f5d-d8de7e0aa04e}" />
      </MissingDependency>
      <MissingDependency>
        <Required key="26" type="2" schemaName="cvt_rungetconsults" displayName="Run Get Consults" parentSchemaName="serviceappointment" parentDisplayName="Appointment" solution="Active" />
        <Dependent key="2" type="60" displayName="Information" parentDisplayName="Appointment" id="{75ec0e60-421b-4e71-8f5d-d8de7e0aa04e}" />
      </MissingDependency>
      <MissingDependency>
        <Required key="27" type="2" schemaName="regardingobjectid" displayName="Regarding" parentSchemaName="serviceappointment" parentDisplayName="Appointment" solution="msdynce_LeadManagement (9.0.4.0066)" />
        <Dependent key="2" type="60" displayName="Information" parentDisplayName="Appointment" id="{75ec0e60-421b-4e71-8f5d-d8de7e0aa04e}" />
      </MissingDependency>
      <MissingDependency>
        <Required key="28" type="2" schemaName="mcs_providerurl" displayName="Provider Url" parentSchemaName="serviceappointment" parentDisplayName="Appointment" solution="Active" />
        <Dependent key="2" type="60" displayName="Information" parentDisplayName="Appointment" id="{75ec0e60-421b-4e71-8f5d-d8de7e0aa04e}" />
      </MissingDependency>
      <MissingDependency>
        <Required key="29" type="2" schemaName="mcs_miscdata" displayName="Misc Data" parentSchemaName="serviceappointment" parentDisplayName="Appointment" solution="Active" />
        <Dependent key="2" type="60" displayName="Information" parentDisplayName="Appointment" id="{75ec0e60-421b-4e71-8f5d-d8de7e0aa04e}" />
      </MissingDependency>
      <MissingDependency>
        <Required key="30" type="2" schemaName="mcs_meetingroomname" displayName="Meeting Room Name" parentSchemaName="serviceappointment" parentDisplayName="Appointment" solution="Active" />
        <Dependent key="2" type="60" displayName="Information" parentDisplayName="Appointment" id="{75ec0e60-421b-4e71-8f5d-d8de7e0aa04e}" />
      </MissingDependency>
      <MissingDependency>
        <Required key="31" type="2" schemaName="mcs_appointmentid" displayName="Appointment" parentSchemaName="serviceappointment" parentDisplayName="Appointment" solution="Active" />
        <Dependent key="2" type="60" displayName="Information" parentDisplayName="Appointment" id="{75ec0e60-421b-4e71-8f5d-d8de7e0aa04e}" />
      </MissingDependency>
      <MissingDependency>
        <Required key="32" type="2" schemaName="createdon" displayName="Created On" parentSchemaName="serviceappointment" parentDisplayName="Appointment" solution="msdynce_Service (9.0.5.56)" />
        <Dependent key="2" type="60" displayName="Information" parentDisplayName="Appointment" id="{75ec0e60-421b-4e71-8f5d-d8de7e0aa04e}" />
      </MissingDependency>
      <MissingDependency>
        <Required key="33" type="2" schemaName="cvt_proconsultien" displayName="Pro Consult Ien" parentSchemaName="serviceappointment" parentDisplayName="Appointment" solution="Active" />
        <Dependent key="2" type="60" displayName="Information" parentDisplayName="Appointment" id="{75ec0e60-421b-4e71-8f5d-d8de7e0aa04e}" />
      </MissingDependency>
      <MissingDependency>
        <Required key="34" type="2" schemaName="cvt_clinicallyindicateddate" displayName="Clinically Indicated Date" parentSchemaName="serviceappointment" parentDisplayName="Appointment" solution="Active" />
        <Dependent key="2" type="60" displayName="Information" parentDisplayName="Appointment" id="{75ec0e60-421b-4e71-8f5d-d8de7e0aa04e}" />
      </MissingDependency>
      <MissingDependency>
        <Required key="35" type="2" schemaName="mcs_patientpin" displayName="Patient Pin" parentSchemaName="serviceappointment" parentDisplayName="Appointment" solution="Active" />
        <Dependent key="2" type="60" displayName="Information" parentDisplayName="Appointment" id="{75ec0e60-421b-4e71-8f5d-d8de7e0aa04e}" />
      </MissingDependency>
      <MissingDependency>
        <Required key="36" type="2" schemaName="mcs_relatedsite" displayName="Patient Site" parentSchemaName="serviceappointment" parentDisplayName="Appointment" solution="Active" />
        <Dependent key="2" type="60" displayName="Information" parentDisplayName="Appointment" id="{75ec0e60-421b-4e71-8f5d-d8de7e0aa04e}" />
      </MissingDependency>
      <MissingDependency>
        <Required key="37" type="2" schemaName="mcs_servicetype" displayName="Specialty" parentSchemaName="serviceappointment" parentDisplayName="Appointment" solution="Active" />
        <Dependent key="2" type="60" displayName="Information" parentDisplayName="Appointment" id="{75ec0e60-421b-4e71-8f5d-d8de7e0aa04e}" />
      </MissingDependency>
      <MissingDependency>
        <Required key="38" type="2" schemaName="mcs_groupappointment" displayName="Group Appointment:" parentSchemaName="serviceappointment" parentDisplayName="Appointment" solution="Active" />
        <Dependent key="2" type="60" displayName="Information" parentDisplayName="Appointment" id="{75ec0e60-421b-4e71-8f5d-d8de7e0aa04e}" />
      </MissingDependency>
      <MissingDependency>
        <Required key="39" type="2" schemaName="cvt_prouserduz" displayName="ProUserDuz" parentSchemaName="serviceappointment" parentDisplayName="Appointment" solution="Active" />
        <Dependent key="2" type="60" displayName="Information" parentDisplayName="Appointment" id="{75ec0e60-421b-4e71-8f5d-d8de7e0aa04e}" />
      </MissingDependency>
      <MissingDependency>
        <Required key="40" type="2" schemaName="isalldayevent" displayName="All Day Event" parentSchemaName="serviceappointment" parentDisplayName="Appointment" solution="msdynce_Service (9.0.5.56)" />
        <Dependent key="2" type="60" displayName="Information" parentDisplayName="Appointment" id="{75ec0e60-421b-4e71-8f5d-d8de7e0aa04e}" />
      </MissingDependency>
      <MissingDependency>
        <Required key="41" type="2" schemaName="cvt_comments" displayName="Scheduling Comments" parentSchemaName="serviceappointment" parentDisplayName="Appointment" solution="Active" />
        <Dependent key="2" type="60" displayName="Information" parentDisplayName="Appointment" id="{75ec0e60-421b-4e71-8f5d-d8de7e0aa04e}" />
      </MissingDependency>
      <MissingDependency>
        <Required key="42" type="2" schemaName="mcs_providerpin" displayName="Provider Pin" parentSchemaName="serviceappointment" parentDisplayName="Appointment" solution="Active" />
        <Dependent key="2" type="60" displayName="Information" parentDisplayName="Appointment" id="{75ec0e60-421b-4e71-8f5d-d8de7e0aa04e}" />
      </MissingDependency>
      <MissingDependency>
        <Required key="43" type="2" schemaName="cvt_addresources" displayName="EnableResourceButtons" parentSchemaName="serviceappointment" parentDisplayName="Appointment" solution="Active" />
        <Dependent key="2" type="60" displayName="Information" parentDisplayName="Appointment" id="{75ec0e60-421b-4e71-8f5d-d8de7e0aa04e}" />
      </MissingDependency>
      <MissingDependency>
        <Required key="44" type="2" schemaName="ownerid" displayName="Owner" parentSchemaName="serviceappointment" parentDisplayName="Appointment" solution="msdynce_Service (9.0.5.56)" />
        <Dependent key="2" type="60" displayName="Information" parentDisplayName="Appointment" id="{75ec0e60-421b-4e71-8f5d-d8de7e0aa04e}" />
      </MissingDependency>
      <MissingDependency>
        <Required key="45" type="2" schemaName="cvt_recurringappointmentsmaster" displayName="Recurring Appointments Master" parentSchemaName="serviceappointment" parentDisplayName="Appointment" solution="Active" />
        <Dependent key="2" type="60" displayName="Information" parentDisplayName="Appointment" id="{75ec0e60-421b-4e71-8f5d-d8de7e0aa04e}" />
      </MissingDependency>
      <MissingDependency>
        <Required key="46" type="2" schemaName="mcs_relatedprovidersite" displayName="Related Provider Site" parentSchemaName="serviceappointment" parentDisplayName="Appointment" solution="Active" />
        <Dependent key="2" type="60" displayName="Information" parentDisplayName="Appointment" id="{75ec0e60-421b-4e71-8f5d-d8de7e0aa04e}" />
      </MissingDependency>
      <MissingDependency>
        <Required key="47" type="2" schemaName="statuscode" displayName="Status Reason" parentSchemaName="serviceappointment" parentDisplayName="Appointment" solution="msdynce_Service (9.0.5.56)" />
        <Dependent key="2" type="60" displayName="Information" parentDisplayName="Appointment" id="{75ec0e60-421b-4e71-8f5d-d8de7e0aa04e}" />
      </MissingDependency>
      <MissingDependency>
        <Required key="48" type="2" schemaName="cvt_patienttabletid" displayName="Patient Tablet" parentSchemaName="serviceappointment" parentDisplayName="Appointment" solution="Active" />
        <Dependent key="2" type="60" displayName="Information" parentDisplayName="Appointment" id="{75ec0e60-421b-4e71-8f5d-d8de7e0aa04e}" />
      </MissingDependency>
      <MissingDependency>
        <Required key="49" type="2" schemaName="resources" displayName="Resources" parentSchemaName="serviceappointment" parentDisplayName="Appointment" solution="msdynce_Service (9.0.5.56)" />
        <Dependent key="2" type="60" displayName="Information" parentDisplayName="Appointment" id="{75ec0e60-421b-4e71-8f5d-d8de7e0aa04e}" />
      </MissingDependency>
      <MissingDependency>
        <Required key="50" type="2" schemaName="cvt_samltoken" displayName="SAML Token" parentSchemaName="serviceappointment" parentDisplayName="Appointment" solution="Active" />
        <Dependent key="2" type="60" displayName="Information" parentDisplayName="Appointment" id="{75ec0e60-421b-4e71-8f5d-d8de7e0aa04e}" />
      </MissingDependency>
      <MissingDependency>
        <Required key="51" type="2" schemaName="customers" displayName="Patients" parentSchemaName="serviceappointment" parentDisplayName="Appointment" solution="msdynce_Service (9.0.5.56)" />
        <Dependent key="2" type="60" displayName="Information" parentDisplayName="Appointment" id="{75ec0e60-421b-4e71-8f5d-d8de7e0aa04e}" />
      </MissingDependency>
      <MissingDependency>
        <Required key="52" type="2" schemaName="mcs_dialingalias" displayName="Dialing Alias" parentSchemaName="serviceappointment" parentDisplayName="Appointment" solution="Active" />
        <Dependent key="2" type="60" displayName="Information" parentDisplayName="Appointment" id="{75ec0e60-421b-4e71-8f5d-d8de7e0aa04e}" />
      </MissingDependency>
      <MissingDependency>
        <Required key="53" type="2" schemaName="mcs_vistaprimarykey" displayName="Vista Primary Key" parentSchemaName="serviceappointment" parentDisplayName="Appointment" solution="Active" />
        <Dependent key="2" type="60" displayName="Information" parentDisplayName="Appointment" id="{75ec0e60-421b-4e71-8f5d-d8de7e0aa04e}" />
      </MissingDependency>
      <MissingDependency>
        <Required key="54" type="2" schemaName="mcs_patienturl" displayName="Patient Url" parentSchemaName="serviceappointment" parentDisplayName="Appointment" solution="Active" />
        <Dependent key="2" type="60" displayName="Information" parentDisplayName="Appointment" id="{75ec0e60-421b-4e71-8f5d-d8de7e0aa04e}" />
      </MissingDependency>
      <MissingDependency>
        <Required key="55" type="2" schemaName="serviceid" displayName="Service" parentSchemaName="serviceappointment" parentDisplayName="Appointment" solution="msdynce_Service (9.0.5.56)" />
        <Dependent key="2" type="60" displayName="Information" parentDisplayName="Appointment" id="{75ec0e60-421b-4e71-8f5d-d8de7e0aa04e}" />
      </MissingDependency>
      <MissingDependency>
        <Required key="56" type="2" schemaName="subcategory" displayName="Sub-Category" parentSchemaName="serviceappointment" parentDisplayName="Appointment" solution="msdynce_Service (9.0.5.56)" />
        <Dependent key="2" type="60" displayName="Information" parentDisplayName="Appointment" id="{75ec0e60-421b-4e71-8f5d-d8de7e0aa04e}" />
      </MissingDependency>
      <MissingDependency>
        <Required key="57" type="2" schemaName="cvt_relatedproviderid" displayName="Provider" parentSchemaName="serviceappointment" parentDisplayName="Appointment" solution="Active" />
        <Dependent key="2" type="60" displayName="Information" parentDisplayName="Appointment" id="{75ec0e60-421b-4e71-8f5d-d8de7e0aa04e}" />
      </MissingDependency>
      <MissingDependency>
        <Required key="58" type="2" schemaName="cvt_patientrooms" displayName="Patient Rooms" parentSchemaName="serviceappointment" parentDisplayName="Appointment" solution="Active" />
        <Dependent key="2" type="60" displayName="Information" parentDisplayName="Appointment" id="{75ec0e60-421b-4e71-8f5d-d8de7e0aa04e}" />
      </MissingDependency>
      <MissingDependency>
        <Required key="59" type="2" schemaName="cvt_recurrence" displayName="Recurrence" parentSchemaName="serviceappointment" parentDisplayName="Appointment" solution="Active" />
        <Dependent key="2" type="60" displayName="Information" parentDisplayName="Appointment" id="{75ec0e60-421b-4e71-8f5d-d8de7e0aa04e}" />
      </MissingDependency>
      <MissingDependency>
        <Required key="60" type="2" schemaName="category" displayName="Category" parentSchemaName="serviceappointment" parentDisplayName="Appointment" solution="msdynce_Service (9.0.5.56)" />
        <Dependent key="2" type="60" displayName="Information" parentDisplayName="Appointment" id="{75ec0e60-421b-4e71-8f5d-d8de7e0aa04e}" />
      </MissingDependency>
      <MissingDependency>
        <Required key="61" type="2" schemaName="cvt_type" displayName="Type" parentSchemaName="serviceappointment" parentDisplayName="Appointment" solution="Active" />
        <Dependent key="2" type="60" displayName="Information" parentDisplayName="Appointment" id="{75ec0e60-421b-4e71-8f5d-d8de7e0aa04e}" />
      </MissingDependency>
      <MissingDependency>
        <Required key="62" type="2" schemaName="scheduleddurationminutes" displayName="Scheduled Duration" parentSchemaName="serviceappointment" parentDisplayName="Appointment" solution="msdynce_Service (9.0.5.56)" />
        <Dependent key="2" type="60" displayName="Information" parentDisplayName="Appointment" id="{75ec0e60-421b-4e71-8f5d-d8de7e0aa04e}" />
      </MissingDependency>
      <MissingDependency>
        <Required key="63" type="10" schemaName="cvt_mcs_site_mcs_services_relatedprovidersiteid" displayName="cvt_mcs_site_mcs_services_relatedprovidersiteid" parentSchemaName="mcs_services" parentDisplayName="Archived Agreement" solution="Active" />
        <Dependent key="2" type="60" displayName="Information" parentDisplayName="Appointment" id="{75ec0e60-421b-4e71-8f5d-d8de7e0aa04e}" />
      </MissingDependency>
      <MissingDependency>
        <Required key="64" type="10" schemaName="cvt_serviceappointment_appointment_serviceactivityid" displayName="cvt_serviceappointment_appointment_serviceactivityid" parentSchemaName="appointment" parentDisplayName="Reserve Resource" solution="Active" />
        <Dependent key="2" type="60" displayName="Information" parentDisplayName="Appointment" id="{75ec0e60-421b-4e71-8f5d-d8de7e0aa04e}" />
      </MissingDependency>
      <MissingDependency>
        <Required key="65" type="10" schemaName="mcs_mcs_site_serviceappointment_relatedprovidersite" displayName="mcs_mcs_site_serviceappointment_relatedprovidersite" parentSchemaName="serviceappointment" parentDisplayName="Appointment" solution="Active" />
        <Dependent key="2" type="60" displayName="Information" parentDisplayName="Appointment" id="{75ec0e60-421b-4e71-8f5d-d8de7e0aa04e}" />
      </MissingDependency>
      <MissingDependency>
        <Required key="66" type="10" schemaName="mcs_appointment_serviceappointment_appointmentid" displayName="mcs_appointment_serviceappointment_appointmentid" parentSchemaName="serviceappointment" parentDisplayName="Appointment" solution="Active" />
        <Dependent key="2" type="60" displayName="Information" parentDisplayName="Appointment" id="{75ec0e60-421b-4e71-8f5d-d8de7e0aa04e}" />
      </MissingDependency>
      <MissingDependency>
        <Required key="67" type="10" schemaName="cvt_systemuser_serviceappointment_relatedproviderid" displayName="cvt_systemuser_serviceappointment_relatedproviderid" parentSchemaName="serviceappointment" parentDisplayName="Appointment" solution="Active" />
        <Dependent key="2" type="60" displayName="Information" parentDisplayName="Appointment" id="{75ec0e60-421b-4e71-8f5d-d8de7e0aa04e}" />
      </MissingDependency>
      <MissingDependency>
        <Required key="68" type="10" schemaName="cvt_recurringappointmentmaster_serviceappointment_recurringappointmentsmaster" displayName="cvt_recurringappointmentmaster_serviceappointment_recurringappointmentsmaster" parentSchemaName="serviceappointment" parentDisplayName="Appointment" solution="Active" />
        <Dependent key="2" type="60" displayName="Information" parentDisplayName="Appointment" id="{75ec0e60-421b-4e71-8f5d-d8de7e0aa04e}" />
      </MissingDependency>
      <MissingDependency>
        <Required key="69" type="10" schemaName="cvt_serviceappointment_cvt_nonvaemail_serviceappointment" displayName="cvt_serviceappointment_cvt_nonvaemail_serviceappointment" parentSchemaName="cvt_nonvaemail" parentDisplayName="Non-VA Email" solution="Active" />
        <Dependent key="2" type="60" displayName="Information" parentDisplayName="Appointment" id="{75ec0e60-421b-4e71-8f5d-d8de7e0aa04e}" />
      </MissingDependency>
      <MissingDependency>
        <Required key="70" type="10" schemaName="cvt_resourcepackage_serviceappointment" displayName="cvt_resourcepackage_serviceappointment" parentSchemaName="serviceappointment" parentDisplayName="Appointment" solution="Active" />
        <Dependent key="2" type="60" displayName="Information" parentDisplayName="Appointment" id="{75ec0e60-421b-4e71-8f5d-d8de7e0aa04e}" />
      </MissingDependency>
      <MissingDependency>
        <Required key="71" type="10" schemaName="cvt_serviceappointment_cvt_vistaintegrationresult_ServiceActivity" displayName="cvt_serviceappointment_cvt_vistaintegrationresult_ServiceActivity" parentSchemaName="cvt_vistaintegrationresult" parentDisplayName="Vista Integration Result" solution="Active" />
        <Dependent key="2" type="60" displayName="Information" parentDisplayName="Appointment" id="{75ec0e60-421b-4e71-8f5d-d8de7e0aa04e}" />
      </MissingDependency>
      <MissingDependency>
        <Required key="72" type="10" schemaName="cvt_mcs_resource_serviceappointment" displayName="cvt_mcs_resource_serviceappointment" parentSchemaName="serviceappointment" parentDisplayName="Appointment" solution="Active" />
        <Dependent key="2" type="60" displayName="Information" parentDisplayName="Appointment" id="{75ec0e60-421b-4e71-8f5d-d8de7e0aa04e}" />
      </MissingDependency>
      <MissingDependency>
        <Required key="73" type="10" schemaName="cvt_serviceappointment_cvt_grouppatient_relatedserviceactivityid" displayName="cvt_serviceappointment_cvt_grouppatient_relatedserviceactivityid" parentSchemaName="cvt_grouppatient" parentDisplayName="Group Patient" solution="Active" />
        <Dependent key="2" type="60" displayName="Information" parentDisplayName="Appointment" id="{75ec0e60-421b-4e71-8f5d-d8de7e0aa04e}" />
      </MissingDependency>
      <MissingDependency>
        <Required key="74" type="10" schemaName="mcs_mcs_site_serviceappointment_relatedsite" displayName="mcs_mcs_site_serviceappointment_relatedsite" parentSchemaName="serviceappointment" parentDisplayName="Appointment" solution="Active" />
        <Dependent key="2" type="60" displayName="Information" parentDisplayName="Appointment" id="{75ec0e60-421b-4e71-8f5d-d8de7e0aa04e}" />
      </MissingDependency>
      <MissingDependency>
        <Required key="75" type="10" schemaName="mcs_serviceappointment_mcs_integrationresult_serviceappointmentid" displayName="mcs_serviceappointment_mcs_integrationresult_serviceappointmentid" parentSchemaName="mcs_integrationresult" parentDisplayName="Integration Result" solution="Active" />
        <Dependent key="2" type="60" displayName="Information" parentDisplayName="Appointment" id="{75ec0e60-421b-4e71-8f5d-d8de7e0aa04e}" />
      </MissingDependency>
      <MissingDependency>
        <Required key="76" type="10" schemaName="cvt_mcs_site_mcs_services_relatedpatientsite" displayName="cvt_mcs_site_mcs_services_relatedpatientsite" parentSchemaName="mcs_services" parentDisplayName="Archived Agreement" solution="Active" />
        <Dependent key="2" type="60" displayName="Information" parentDisplayName="Appointment" id="{75ec0e60-421b-4e71-8f5d-d8de7e0aa04e}" />
      </MissingDependency>
      <MissingDependency>
        <Required key="77" type="10" schemaName="mcs_mcs_servicetype_serviceappointment_servicetype" displayName="mcs_mcs_servicetype_serviceappointment_servicetype" parentSchemaName="serviceappointment" parentDisplayName="Appointment" solution="Active" />
        <Dependent key="2" type="60" displayName="Information" parentDisplayName="Appointment" id="{75ec0e60-421b-4e71-8f5d-d8de7e0aa04e}" />
      </MissingDependency>
      <MissingDependency>
        <Required key="78" type="10" schemaName="mcs_mcs_servicesubtype_serviceappointment_servicesubtype" displayName="mcs_mcs_servicesubtype_serviceappointment_servicesubtype" parentSchemaName="serviceappointment" parentDisplayName="Appointment" solution="Active" />
        <Dependent key="2" type="60" displayName="Information" parentDisplayName="Appointment" id="{75ec0e60-421b-4e71-8f5d-d8de7e0aa04e}" />
      </MissingDependency>
      <MissingDependency>
        <Required key="79" type="10" schemaName="cvt_mcs_servicetype_mcs_servicesubtype" displayName="cvt_mcs_servicetype_mcs_servicesubtype" parentSchemaName="mcs_servicesubtype" parentDisplayName="Specialty Sub-Type" solution="Active" />
        <Dependent key="2" type="60" displayName="Information" parentDisplayName="Appointment" id="{75ec0e60-421b-4e71-8f5d-d8de7e0aa04e}" />
      </MissingDependency>
      <MissingDependency>
        <Required key="80" type="26" schemaName="Active Integration Results" displayName="Active Integration Results" parentSchemaName="mcs_integrationresult" parentDisplayName="Integration Result" solution="Active" id="{b07686b7-0053-40d3-b474-e4dc7df485f3}" />
        <Dependent key="2" type="60" displayName="Information" parentDisplayName="Appointment" id="{75ec0e60-421b-4e71-8f5d-d8de7e0aa04e}" />
      </MissingDependency>
      <MissingDependency>
        <Required key="81" type="26" schemaName="TMP Site Lookup View" displayName="TMP Site Lookup View" parentSchemaName="mcs_site" parentDisplayName="TMP Site" solution="Active" id="{8fc5cd0c-1ab8-444c-9eb5-7fe090c0dae3}" />
        <Dependent key="2" type="60" displayName="Information" parentDisplayName="Appointment" id="{75ec0e60-421b-4e71-8f5d-d8de7e0aa04e}" />
      </MissingDependency>
      <MissingDependency>
        <Required key="82" type="26" schemaName="Scheduling Package Lookup View" displayName="Scheduling Package Lookup View" parentSchemaName="cvt_resourcepackage" parentDisplayName="Scheduling Package" solution="Active" id="{832277c3-d1de-4564-b07e-8d16edce3b60}" />
        <Dependent key="2" type="60" displayName="Information" parentDisplayName="Appointment" id="{75ec0e60-421b-4e71-8f5d-d8de7e0aa04e}" />
      </MissingDependency>
      <MissingDependency>
        <Required key="83" type="26" schemaName="Active Vista Integration Results" displayName="Active Vista Integration Results" parentSchemaName="cvt_vistaintegrationresult" parentDisplayName="Vista Integration Result" solution="Active" id="{60fd513b-e3c4-42f2-bdf7-1f90108705df}" />
        <Dependent key="2" type="60" displayName="Information" parentDisplayName="Appointment" id="{75ec0e60-421b-4e71-8f5d-d8de7e0aa04e}" />
      </MissingDependency>
      <MissingDependency>
        <Required key="84" type="26" schemaName="Vista Books/Cancels Sub-Grid" displayName="Vista Books/Cancels Sub-Grid" parentSchemaName="cvt_vistaintegrationresult" parentDisplayName="Vista Integration Result" solution="Active" id="{1aceb3e8-cbc6-e611-80de-000d3a007bf6}" />
        <Dependent key="2" type="60" displayName="Information" parentDisplayName="Appointment" id="{75ec0e60-421b-4e71-8f5d-d8de7e0aa04e}" />
      </MissingDependency>
      <MissingDependency>
        <Required key="85" type="26" schemaName="Sites Lookup View" displayName="Sites Lookup View" parentSchemaName="site" parentDisplayName="Site" solution="msdynce_Service (9.0.5.56)" id="{c09b2072-b98f-42d2-a74a-47deaa29f205}" />
        <Dependent key="2" type="60" displayName="Information" parentDisplayName="Appointment" id="{75ec0e60-421b-4e71-8f5d-d8de7e0aa04e}" />
      </MissingDependency>
      <MissingDependency>
        <Required key="86" type="26" schemaName="Services Lookup View" displayName="Services Lookup View" parentSchemaName="service" parentDisplayName="Service" solution="msdynce_Service (9.0.5.56)" id="{b9b07f89-085a-4ac4-a66c-ac9a1cfed5aa}" />
        <Dependent key="2" type="60" displayName="Information" parentDisplayName="Appointment" id="{75ec0e60-421b-4e71-8f5d-d8de7e0aa04e}" />
      </MissingDependency>
      <MissingDependency>
        <Required key="87" type="26" schemaName="Specialty Lookup View" displayName="Specialty Lookup View" parentSchemaName="mcs_servicetype" parentDisplayName="Specialty" solution="Active" id="{0dae590b-3dba-4dd2-8b29-239cdea0d09d}" />
        <Dependent key="2" type="60" displayName="Information" parentDisplayName="Appointment" id="{75ec0e60-421b-4e71-8f5d-d8de7e0aa04e}" />
      </MissingDependency>
      <MissingDependency>
        <Required key="88" type="26" schemaName="Specialty Sub Type Lookup View" displayName="Specialty Sub Type Lookup View" parentSchemaName="mcs_servicesubtype" parentDisplayName="Specialty Sub-Type" solution="Active" id="{ec49af0a-75d0-41f3-9313-3f1e8e6409bd}" />
        <Dependent key="2" type="60" displayName="Information" parentDisplayName="Appointment" id="{75ec0e60-421b-4e71-8f5d-d8de7e0aa04e}" />
      </MissingDependency>
      <MissingDependency>
        <Required key="89" type="26" schemaName="Integration Result Sub-Grid" displayName="Integration Result Sub-Grid" parentSchemaName="mcs_integrationresult" parentDisplayName="Integration Result" solution="Active" id="{df3aecb7-cbc6-e611-80de-000d3a007bf6}" />
        <Dependent key="2" type="60" displayName="Information" parentDisplayName="Appointment" id="{75ec0e60-421b-4e71-8f5d-d8de7e0aa04e}" />
      </MissingDependency>
      <MissingDependency>
        <Required key="90" type="26" schemaName="Group Appt. Patients" displayName="Group Appt. Patients" parentSchemaName="cvt_grouppatient" parentDisplayName="Group Patient" solution="Active" id="{71a761e8-cb47-e311-8339-00155d144f1f}" />
        <Dependent key="2" type="60" displayName="Information" parentDisplayName="Appointment" id="{75ec0e60-421b-4e71-8f5d-d8de7e0aa04e}" />
      </MissingDependency>
      <MissingDependency>
        <Required key="91" type="26" schemaName="Active Non-VA Emails" displayName="Active Non-VA Emails" parentSchemaName="cvt_nonvaemail" parentDisplayName="Non-VA Email" solution="Active" id="{a2c2510e-4231-4fd4-a8eb-636d3607ca60}" />
        <Dependent key="2" type="60" displayName="Information" parentDisplayName="Appointment" id="{75ec0e60-421b-4e71-8f5d-d8de7e0aa04e}" />
      </MissingDependency>
      <MissingDependency>
        <Required key="92" type="26" schemaName="Sub-Reserve Resources" displayName="Sub-Reserve Resources" parentSchemaName="appointment" parentDisplayName="Reserve Resource" solution="Active" id="{e05d96db-a9cc-e411-a3ff-00155d006609}" />
        <Dependent key="2" type="60" displayName="Information" parentDisplayName="Appointment" id="{75ec0e60-421b-4e71-8f5d-d8de7e0aa04e}" />
      </MissingDependency>
      <MissingDependency>
        <Required key="93" type="26" schemaName="My VISN - TMP Sites" displayName="My VISN - TMP Sites" parentSchemaName="mcs_site" parentDisplayName="TMP Site" solution="Active" id="{65641117-d4ac-e211-8904-78e3b511a629}" />
        <Dependent key="2" type="60" displayName="Information" parentDisplayName="Appointment" id="{75ec0e60-421b-4e71-8f5d-d8de7e0aa04e}" />
      </MissingDependency>
      <MissingDependency>
        <Required key="94" type="26" schemaName="Type - CVT Patient Tablets" displayName="Type - CVT Patient Tablets" parentSchemaName="mcs_resource" parentDisplayName="TMP Resource" solution="Active" id="{2a514558-41ae-e411-bab7-00155d175d00}" />
        <Dependent key="2" type="60" displayName="Information" parentDisplayName="Appointment" id="{75ec0e60-421b-4e71-8f5d-d8de7e0aa04e}" />
      </MissingDependency>
      <MissingDependency>
        <Required key="2" type="60" displayName="Information" parentDisplayName="Appointment" solution="msdynce_Service (9.0.5.56)" id="{75ec0e60-421b-4e71-8f5d-d8de7e0aa04e}" />
        <Dependent key="2" type="60" displayName="Information" parentDisplayName="Appointment" id="{75ec0e60-421b-4e71-8f5d-d8de7e0aa04e}" />
      </MissingDependency>
      <MissingDependency>
        <Required key="95" type="61" schemaName="mcs_serviceactivity.min.js" displayName="mcs_serviceactivity.min.js" solution="Active" />
        <Dependent key="2" type="60" displayName="Information" parentDisplayName="Appointment" id="{75ec0e60-421b-4e71-8f5d-d8de7e0aa04e}" />
      </MissingDependency>
      <MissingDependency>
        <Required key="96" type="61" schemaName="cvt_VIALoginUI.html" displayName="cvt_VIALoginUI.html" solution="Active" />
        <Dependent key="2" type="60" displayName="Information" parentDisplayName="Appointment" id="{75ec0e60-421b-4e71-8f5d-d8de7e0aa04e}" />
      </MissingDependency>
      <MissingDependency>
        <Required key="97" type="61" schemaName="mcs_mvi_searchUI" displayName="mcs_mvi_searchUI" solution="Active" />
        <Dependent key="2" type="60" displayName="Information" parentDisplayName="Appointment" id="{75ec0e60-421b-4e71-8f5d-d8de7e0aa04e}" />
      </MissingDependency>
      <MissingDependency>
        <Required key="98" type="61" schemaName="cvt_cvt_GetConsultsForPatient.HTML" displayName="cvt_cvt_GetConsultsForPatient.HTML" solution="Active" />
        <Dependent key="2" type="60" displayName="Information" parentDisplayName="Appointment" id="{75ec0e60-421b-4e71-8f5d-d8de7e0aa04e}" />
      </MissingDependency>
    </MissingDependencies>
  </SolutionManifest>
</ImportExportXml>