<ImportExportXml xmlns:xsi="http://www.w3.org/2001/XMLSchema-instance">
  <Entities>
    <Entity>
      <Name LocalizedName="Integration Result" OriginalName="Integration Result">mcs_integrationresult</Name>
      <EntityInfo>
        <entity Name="mcs_integrationresult">
          <LocalizedNames>
            <LocalizedName description="Integration Result" languagecode="1033" />
          </LocalizedNames>
          <LocalizedCollectionNames>
            <LocalizedCollectionName description="Integration Results" languagecode="1033" />
          </LocalizedCollectionNames>
          <Descriptions>
            <Description description="" languagecode="1033" />
          </Descriptions>
          <attributes>
            <attribute PhysicalName="mcs_integrationrequest">
              <Type>ntext</Type>
              <Name>mcs_integrationrequest</Name>
              <LogicalName>mcs_integrationrequest</LogicalName>
              <RequiredLevel>none</RequiredLevel>
              <DisplayMask>ValidForAdvancedFind|ValidForForm|ValidForGrid</DisplayMask>
              <ImeMode>auto</ImeMode>
              <ValidForUpdateApi>1</ValidForUpdateApi>
              <ValidForReadApi>1</ValidForReadApi>
              <ValidForCreateApi>1</ValidForCreateApi>
              <IsCustomField>1</IsCustomField>
              <IsAuditEnabled>1</IsAuditEnabled>
              <IsSecured>0</IsSecured>
              <IntroducedVersion>2016.5.4.1</IntroducedVersion>
              <IsCustomizable>1</IsCustomizable>
              <IsRenameable>1</IsRenameable>
              <CanModifySearchSettings>1</CanModifySearchSettings>
              <CanModifyRequirementLevelSettings>1</CanModifyRequirementLevelSettings>
              <CanModifyAdditionalSettings>1</CanModifyAdditionalSettings>
              <SourceType>0</SourceType>
              <IsGlobalFilterEnabled>0</IsGlobalFilterEnabled>
              <IsSortableEnabled>0</IsSortableEnabled>
              <CanModifyGlobalFilterSettings>1</CanModifyGlobalFilterSettings>
              <CanModifyIsSortableSettings>1</CanModifyIsSortableSettings>
              <AutoNumberFormat></AutoNumberFormat>
              <IsSearchable>0</IsSearchable>
              <IsFilterable>0</IsFilterable>
              <IsRetrievable>0</IsRetrievable>
              <IsLocalizable>0</IsLocalizable>
              <Format></Format>
              <MaxLength>90000</MaxLength>
              <displaynames>
                <displayname description="Integration Request" languagecode="1033" />
              </displaynames>
              <Descriptions>
                <Description description="" languagecode="1033" />
              </Descriptions>
            </attribute>
          </attributes>
          <EntitySetName>mcs_integrationresults</EntitySetName>
          <IsDuplicateCheckSupported>0</IsDuplicateCheckSupported>
          <IsBusinessProcessEnabled>0</IsBusinessProcessEnabled>
          <IsRequiredOffline>0</IsRequiredOffline>
          <IsInteractionCentricEnabled>0</IsInteractionCentricEnabled>
          <IsCollaboration>0</IsCollaboration>
          <AutoRouteToOwnerQueue>0</AutoRouteToOwnerQueue>
          <IsConnectionsEnabled>0</IsConnectionsEnabled>
          <EntityColor>#800080</EntityColor>
          <IsDocumentManagementEnabled>0</IsDocumentManagementEnabled>
          <AutoCreateAccessTeams>0</AutoCreateAccessTeams>
          <IsOneNoteIntegrationEnabled>0</IsOneNoteIntegrationEnabled>
          <IsKnowledgeManagementEnabled>0</IsKnowledgeManagementEnabled>
          <IsSLAEnabled>0</IsSLAEnabled>
          <IsDocumentRecommendationsEnabled>0</IsDocumentRecommendationsEnabled>
          <IsBPFEntity>0</IsBPFEntity>
          <OwnershipTypeMask>UserOwned</OwnershipTypeMask>
          <IsAuditEnabled>1</IsAuditEnabled>
          <IsRetrieveAuditEnabled>0</IsRetrieveAuditEnabled>
          <IsRetrieveMultipleAuditEnabled>0</IsRetrieveMultipleAuditEnabled>
          <IsActivity>0</IsActivity>
          <ActivityTypeMask></ActivityTypeMask>
          <IsActivityParty>0</IsActivityParty>
          <IsReplicated>0</IsReplicated>
          <IsReplicationUserFiltered>0</IsReplicationUserFiltered>
          <IsMailMergeEnabled>0</IsMailMergeEnabled>
          <IsVisibleInMobile>0</IsVisibleInMobile>
          <IsVisibleInMobileClient>0</IsVisibleInMobileClient>
          <IsReadOnlyInMobileClient>0</IsReadOnlyInMobileClient>
          <IsOfflineInMobileClient>0</IsOfflineInMobileClient>
          <DaysSinceRecordLastModified>0</DaysSinceRecordLastModified>
          <MobileOfflineFilters></MobileOfflineFilters>
          <IsMapiGridEnabled>1</IsMapiGridEnabled>
          <IsReadingPaneEnabled>0</IsReadingPaneEnabled>
          <IsQuickCreateEnabled>0</IsQuickCreateEnabled>
          <SyncToExternalSearchIndex>0</SyncToExternalSearchIndex>
          <IntroducedVersion>2016.5.4.1</IntroducedVersion>
          <IsCustomizable>1</IsCustomizable>
          <IsRenameable>1</IsRenameable>
          <IsMappable>1</IsMappable>
          <CanModifyAuditSettings>1</CanModifyAuditSettings>
          <CanModifyMobileVisibility>1</CanModifyMobileVisibility>
          <CanModifyMobileClientVisibility>1</CanModifyMobileClientVisibility>
          <CanModifyMobileClientReadOnly>1</CanModifyMobileClientReadOnly>
          <CanModifyMobileClientOffline>1</CanModifyMobileClientOffline>
          <CanModifyConnectionSettings>1</CanModifyConnectionSettings>
          <CanModifyDuplicateDetectionSettings>1</CanModifyDuplicateDetectionSettings>
          <CanModifyMailMergeSettings>1</CanModifyMailMergeSettings>
          <CanModifyQueueSettings>1</CanModifyQueueSettings>
          <CanCreateAttributes>1</CanCreateAttributes>
          <CanCreateForms>1</CanCreateForms>
          <CanCreateCharts>1</CanCreateCharts>
          <CanCreateViews>1</CanCreateViews>
          <CanModifyAdditionalSettings>1</CanModifyAdditionalSettings>
          <CanEnableSyncToExternalSearchIndex>0</CanEnableSyncToExternalSearchIndex>
          <IconMediumName>cvt_network32</IconMediumName>
          <IconSmallName>cvt_network16</IconSmallName>
          <EnforceStateTransitions>0</EnforceStateTransitions>
          <CanChangeHierarchicalRelationship>1</CanChangeHierarchicalRelationship>
          <EntityHelpUrlEnabled>0</EntityHelpUrlEnabled>
          <ChangeTrackingEnabled>0</ChangeTrackingEnabled>
          <CanChangeTrackingBeEnabled>1</CanChangeTrackingBeEnabled>
          <IsEnabledForExternalChannels>0</IsEnabledForExternalChannels>
          <IsSolutionAware>0</IsSolutionAware>
        </entity>
      </EntityInfo>
      <RibbonDiffXml>
        <CustomActions />
        <Templates>
          <RibbonTemplates Id="Mscrm.Templates"></RibbonTemplates>
        </Templates>
        <CommandDefinitions>
          <CommandDefinition Id="cvt.SubGrid.mcs_integrationresult.MainTab.Management.RetryIntegration.Command">
            <EnableRules>
              <EnableRule Id="cvt.SubGrid.mcs_integrationresult.MainTab.Management.RetryIntegration.Command.EnableRule.SelectionCountRule" />
            </EnableRules>
            <DisplayRules />
            <Actions>
              <JavaScriptFunction FunctionName="Mscrm.GridRibbonActions.launchOnDemandWorkflow" Library="/_static/_common/scripts/RibbonActions.js">
                <CrmParameter Value="SelectedControl" />
                <CrmParameter Value="SelectedControlSelectedItemReferences" />
                <CrmParameter Value="SelectedEntityTypeCode" />
                <StringParameter Value="8B0FE7B2-5F98-4C52-B470-3DC4708FCDE5" />
              </JavaScriptFunction>
            </Actions>
          </CommandDefinition>
        </CommandDefinitions>
        <RuleDefinitions>
          <TabDisplayRules />
          <DisplayRules />
          <EnableRules>
            <EnableRule Id="cvt.SubGrid.mcs_integrationresult.MainTab.Management.RetryIntegration.Command.EnableRule.SelectionCountRule">
              <SelectionCountRule Minimum="1" />
            </EnableRule>
          </EnableRules>
        </RuleDefinitions>
        <LocLabels />
      </RibbonDiffXml>
    </Entity>
    <Entity>
      <Name LocalizedName="Job Control" OriginalName="Job Control">mcs_jobcontrol</Name>
      <EntityInfo>
        <entity Name="mcs_jobcontrol">
          <LocalizedNames>
            <LocalizedName description="Job Control" languagecode="1033" />
          </LocalizedNames>
          <LocalizedCollectionNames>
            <LocalizedCollectionName description="Jobs" languagecode="1033" />
          </LocalizedCollectionNames>
          <Descriptions>
            <Description description="" languagecode="1033" />
          </Descriptions>
          <attributes>
            <attribute PhysicalName="mcs_JobType">
              <Type>picklist</Type>
              <Name>mcs_jobtype</Name>
              <LogicalName>mcs_jobtype</LogicalName>
              <RequiredLevel>none</RequiredLevel>
              <DisplayMask>ValidForAdvancedFind|ValidForForm|ValidForGrid</DisplayMask>
              <ImeMode>auto</ImeMode>
              <ValidForUpdateApi>1</ValidForUpdateApi>
              <ValidForReadApi>1</ValidForReadApi>
              <ValidForCreateApi>1</ValidForCreateApi>
              <IsCustomField>1</IsCustomField>
              <IsAuditEnabled>1</IsAuditEnabled>
              <IsSecured>0</IsSecured>
              <IntroducedVersion>2022.12.14.1</IntroducedVersion>
              <IsCustomizable>1</IsCustomizable>
              <IsRenameable>1</IsRenameable>
              <CanModifySearchSettings>1</CanModifySearchSettings>
              <CanModifyRequirementLevelSettings>1</CanModifyRequirementLevelSettings>
              <CanModifyAdditionalSettings>1</CanModifyAdditionalSettings>
              <SourceType>0</SourceType>
              <IsGlobalFilterEnabled>0</IsGlobalFilterEnabled>
              <IsSortableEnabled>0</IsSortableEnabled>
              <CanModifyGlobalFilterSettings>1</CanModifyGlobalFilterSettings>
              <CanModifyIsSortableSettings>1</CanModifyIsSortableSettings>
              <IsDataSourceSecret>0</IsDataSourceSecret>
              <AutoNumberFormat></AutoNumberFormat>
              <IsSearchable>0</IsSearchable>
              <IsFilterable>0</IsFilterable>
              <IsRetrievable>0</IsRetrievable>
              <IsLocalizable>0</IsLocalizable>
              <AppDefaultValue>-1</AppDefaultValue>
              <optionset Name="mcs_jobcontrol_mcs_jobtype">
                <OptionSetType>picklist</OptionSetType>
                <IntroducedVersion>2022.12.14.1</IntroducedVersion>
                <IsCustomizable>1</IsCustomizable>
                <displaynames>
                  <displayname description="Job Type" languagecode="1033" />
                </displaynames>
                <Descriptions>
                  <Description description="" languagecode="1033" />
                </Descriptions>
                <options>
                  <option value="803750002" ExternalValue="" Color="#0000ff">
                    <labels>
                      <label description="1 - Remove Duplicates" languagecode="1033" />
                    </labels>
                  </option>
                  <option value="803750003" ExternalValue="" Color="#0000ff">
                    <labels>
                      <label description="2 - Process Locations" languagecode="1033" />
                    </labels>
                  </option>
                  <option value="803750000" ExternalValue="" Color="#0000ff">
                    <labels>
                      <label description="3 - Process Providers" languagecode="1033" />
                    </labels>
                  </option>
                  <option value="803750005" ExternalValue="" Color="#0000ff">
                    <labels>
                      <label description="4 - Process Rooms" languagecode="1033" />
                    </labels>
                  </option>
                  <option value="803750004" ExternalValue="" Color="#0000ff">
                    <labels>
                      <label description="5 - Process TCTs" languagecode="1033" />
                    </labels>
                  </option>
                  <option value="803750001" ExternalValue="" Color="#0000ff">
                    <labels>
                      <label description="6 - Process Telecarts" languagecode="1033" />
                    </labels>
                  </option>
                  <option value="803750006" ExternalValue="" Color="#0000ff">
                    <labels>
                      <label description="Process Resource Upload" languagecode="1033" />
                    </labels>
                  </option>
                  <option value="803750007" ExternalValue="" Color="#0000ff">
                    <labels>
                      <label description="Update TMP Resource Clinics" languagecode="1033" />
                    </labels>
                  </option>
                </options>
              </optionset>
              <displaynames>
                <displayname description="Job Type" languagecode="1033" />
              </displaynames>
              <Descriptions>
                <Description description="" languagecode="1033" />
              </Descriptions>
            </attribute>
          </attributes>
          <EntitySetName>mcs_jobcontrols</EntitySetName>
          <IsDuplicateCheckSupported>0</IsDuplicateCheckSupported>
          <IsBusinessProcessEnabled>0</IsBusinessProcessEnabled>
          <IsRequiredOffline>0</IsRequiredOffline>
          <IsInteractionCentricEnabled>0</IsInteractionCentricEnabled>
          <IsCollaboration>0</IsCollaboration>
          <AutoRouteToOwnerQueue>0</AutoRouteToOwnerQueue>
          <IsConnectionsEnabled>0</IsConnectionsEnabled>
          <EntityColor></EntityColor>
          <IsDocumentManagementEnabled>0</IsDocumentManagementEnabled>
          <AutoCreateAccessTeams>0</AutoCreateAccessTeams>
          <IsOneNoteIntegrationEnabled>0</IsOneNoteIntegrationEnabled>
          <IsKnowledgeManagementEnabled>0</IsKnowledgeManagementEnabled>
          <IsSLAEnabled>0</IsSLAEnabled>
          <IsDocumentRecommendationsEnabled>0</IsDocumentRecommendationsEnabled>
          <IsBPFEntity>0</IsBPFEntity>
          <OwnershipTypeMask>UserOwned</OwnershipTypeMask>
          <EntityMask>ActivityPointer</EntityMask>
          <IsAuditEnabled>0</IsAuditEnabled>
          <IsRetrieveAuditEnabled>0</IsRetrieveAuditEnabled>
          <IsRetrieveMultipleAuditEnabled>0</IsRetrieveMultipleAuditEnabled>
          <IsActivity>0</IsActivity>
          <ActivityTypeMask></ActivityTypeMask>
          <IsActivityParty>0</IsActivityParty>
          <IsReplicated>0</IsReplicated>
          <IsReplicationUserFiltered>0</IsReplicationUserFiltered>
          <IsMailMergeEnabled>0</IsMailMergeEnabled>
          <IsVisibleInMobile>0</IsVisibleInMobile>
          <IsVisibleInMobileClient>0</IsVisibleInMobileClient>
          <IsReadOnlyInMobileClient>0</IsReadOnlyInMobileClient>
          <IsOfflineInMobileClient>0</IsOfflineInMobileClient>
          <DaysSinceRecordLastModified>0</DaysSinceRecordLastModified>
          <MobileOfflineFilters></MobileOfflineFilters>
          <IsMapiGridEnabled>1</IsMapiGridEnabled>
          <IsReadingPaneEnabled>1</IsReadingPaneEnabled>
          <IsQuickCreateEnabled>0</IsQuickCreateEnabled>
          <SyncToExternalSearchIndex>0</SyncToExternalSearchIndex>
          <IntroducedVersion>2022.12.14.1</IntroducedVersion>
          <IsCustomizable>1</IsCustomizable>
          <IsRenameable>1</IsRenameable>
          <IsMappable>1</IsMappable>
          <CanModifyAuditSettings>1</CanModifyAuditSettings>
          <CanModifyMobileVisibility>1</CanModifyMobileVisibility>
          <CanModifyMobileClientVisibility>1</CanModifyMobileClientVisibility>
          <CanModifyMobileClientReadOnly>1</CanModifyMobileClientReadOnly>
          <CanModifyMobileClientOffline>1</CanModifyMobileClientOffline>
          <CanModifyConnectionSettings>1</CanModifyConnectionSettings>
          <CanModifyDuplicateDetectionSettings>1</CanModifyDuplicateDetectionSettings>
          <CanModifyMailMergeSettings>1</CanModifyMailMergeSettings>
          <CanModifyQueueSettings>1</CanModifyQueueSettings>
          <CanCreateAttributes>1</CanCreateAttributes>
          <CanCreateForms>1</CanCreateForms>
          <CanCreateCharts>1</CanCreateCharts>
          <CanCreateViews>1</CanCreateViews>
          <CanModifyAdditionalSettings>1</CanModifyAdditionalSettings>
          <CanEnableSyncToExternalSearchIndex>1</CanEnableSyncToExternalSearchIndex>
          <EnforceStateTransitions>0</EnforceStateTransitions>
          <CanChangeHierarchicalRelationship>1</CanChangeHierarchicalRelationship>
          <EntityHelpUrlEnabled>0</EntityHelpUrlEnabled>
          <EntityHelpUrl></EntityHelpUrl>
          <ChangeTrackingEnabled>0</ChangeTrackingEnabled>
          <CanChangeTrackingBeEnabled>1</CanChangeTrackingBeEnabled>
          <IsEnabledForExternalChannels>0</IsEnabledForExternalChannels>
          <IsSolutionAware>0</IsSolutionAware>
          <HasRelatedActivities>True</HasRelatedActivities>
        </entity>
      </EntityInfo>
      <RibbonDiffXml>
        <CustomActions />
        <Templates>
          <RibbonTemplates Id="Mscrm.Templates"></RibbonTemplates>
        </Templates>
        <CommandDefinitions />
        <RuleDefinitions>
          <TabDisplayRules />
          <DisplayRules />
          <EnableRules />
        </RuleDefinitions>
        <LocLabels />
      </RibbonDiffXml>
    </Entity>
    <Entity>
      <Name LocalizedName="Missing Resource" OriginalName="Missing Resource">mcs_missingresource</Name>
      <EntityInfo>
        <entity Name="mcs_missingresource">
          <LocalizedNames>
            <LocalizedName description="Missing Resource" languagecode="1033" />
          </LocalizedNames>
          <LocalizedCollectionNames>
            <LocalizedCollectionName description="Missing Resources" languagecode="1033" />
          </LocalizedCollectionNames>
          <Descriptions>
            <Description description="" languagecode="1033" />
          </Descriptions>
          <attributes>
            <attribute PhysicalName="mcs_EDIPI">
              <Type>nvarchar</Type>
              <Name>mcs_edipi</Name>
              <LogicalName>mcs_edipi</LogicalName>
              <RequiredLevel>none</RequiredLevel>
              <DisplayMask>ValidForAdvancedFind|ValidForForm|ValidForGrid</DisplayMask>
              <ImeMode>auto</ImeMode>
              <ValidForUpdateApi>1</ValidForUpdateApi>
              <ValidForReadApi>1</ValidForReadApi>
              <ValidForCreateApi>1</ValidForCreateApi>
              <IsCustomField>1</IsCustomField>
              <IsAuditEnabled>1</IsAuditEnabled>
              <IsSecured>0</IsSecured>
              <IntroducedVersion>5.0.0.1</IntroducedVersion>
              <IsCustomizable>1</IsCustomizable>
              <IsRenameable>1</IsRenameable>
              <CanModifySearchSettings>1</CanModifySearchSettings>
              <CanModifyRequirementLevelSettings>1</CanModifyRequirementLevelSettings>
              <CanModifyAdditionalSettings>1</CanModifyAdditionalSettings>
              <SourceType>0</SourceType>
              <IsGlobalFilterEnabled>0</IsGlobalFilterEnabled>
              <IsSortableEnabled>0</IsSortableEnabled>
              <CanModifyGlobalFilterSettings>1</CanModifyGlobalFilterSettings>
              <CanModifyIsSortableSettings>1</CanModifyIsSortableSettings>
              <IsDataSourceSecret>0</IsDataSourceSecret>
              <AutoNumberFormat></AutoNumberFormat>
              <IsSearchable>0</IsSearchable>
              <IsFilterable>0</IsFilterable>
              <IsRetrievable>0</IsRetrievable>
              <IsLocalizable>0</IsLocalizable>
              <Format>text</Format>
              <MaxLength>100</MaxLength>
              <Length>200</Length>
              <displaynames>
                <displayname description="EDIPI" languagecode="1033" />
              </displaynames>
              <Descriptions>
                <Description description="" languagecode="1033" />
              </Descriptions>
            </attribute>
          </attributes>
          <EntitySetName>mcs_missingresources</EntitySetName>
          <IsDuplicateCheckSupported>0</IsDuplicateCheckSupported>
          <IsBusinessProcessEnabled>0</IsBusinessProcessEnabled>
          <IsRequiredOffline>0</IsRequiredOffline>
          <IsInteractionCentricEnabled>0</IsInteractionCentricEnabled>
          <IsCollaboration>0</IsCollaboration>
          <AutoRouteToOwnerQueue>0</AutoRouteToOwnerQueue>
          <IsConnectionsEnabled>0</IsConnectionsEnabled>
          <EntityColor></EntityColor>
          <IsDocumentManagementEnabled>0</IsDocumentManagementEnabled>
          <AutoCreateAccessTeams>0</AutoCreateAccessTeams>
          <IsOneNoteIntegrationEnabled>0</IsOneNoteIntegrationEnabled>
          <IsKnowledgeManagementEnabled>0</IsKnowledgeManagementEnabled>
          <IsSLAEnabled>0</IsSLAEnabled>
          <IsDocumentRecommendationsEnabled>0</IsDocumentRecommendationsEnabled>
          <IsBPFEntity>0</IsBPFEntity>
          <OwnershipTypeMask>UserOwned</OwnershipTypeMask>
          <IsAuditEnabled>1</IsAuditEnabled>
          <IsRetrieveAuditEnabled>0</IsRetrieveAuditEnabled>
          <IsRetrieveMultipleAuditEnabled>0</IsRetrieveMultipleAuditEnabled>
          <IsActivity>0</IsActivity>
          <ActivityTypeMask></ActivityTypeMask>
          <IsActivityParty>0</IsActivityParty>
          <IsReplicated>0</IsReplicated>
          <IsReplicationUserFiltered>0</IsReplicationUserFiltered>
          <IsMailMergeEnabled>0</IsMailMergeEnabled>
          <IsVisibleInMobile>0</IsVisibleInMobile>
          <IsVisibleInMobileClient>0</IsVisibleInMobileClient>
          <IsReadOnlyInMobileClient>0</IsReadOnlyInMobileClient>
          <IsOfflineInMobileClient>0</IsOfflineInMobileClient>
          <DaysSinceRecordLastModified>0</DaysSinceRecordLastModified>
          <MobileOfflineFilters></MobileOfflineFilters>
          <IsMapiGridEnabled>1</IsMapiGridEnabled>
          <IsReadingPaneEnabled>1</IsReadingPaneEnabled>
          <IsQuickCreateEnabled>0</IsQuickCreateEnabled>
          <SyncToExternalSearchIndex>0</SyncToExternalSearchIndex>
          <IntroducedVersion>2022.10.14.1</IntroducedVersion>
          <IsCustomizable>1</IsCustomizable>
          <IsRenameable>1</IsRenameable>
          <IsMappable>1</IsMappable>
          <CanModifyAuditSettings>1</CanModifyAuditSettings>
          <CanModifyMobileVisibility>1</CanModifyMobileVisibility>
          <CanModifyMobileClientVisibility>1</CanModifyMobileClientVisibility>
          <CanModifyMobileClientReadOnly>1</CanModifyMobileClientReadOnly>
          <CanModifyMobileClientOffline>1</CanModifyMobileClientOffline>
          <CanModifyConnectionSettings>1</CanModifyConnectionSettings>
          <CanModifyDuplicateDetectionSettings>1</CanModifyDuplicateDetectionSettings>
          <CanModifyMailMergeSettings>1</CanModifyMailMergeSettings>
          <CanModifyQueueSettings>1</CanModifyQueueSettings>
          <CanCreateAttributes>1</CanCreateAttributes>
          <CanCreateForms>1</CanCreateForms>
          <CanCreateCharts>1</CanCreateCharts>
          <CanCreateViews>1</CanCreateViews>
          <CanModifyAdditionalSettings>1</CanModifyAdditionalSettings>
          <CanEnableSyncToExternalSearchIndex>1</CanEnableSyncToExternalSearchIndex>
          <EnforceStateTransitions>0</EnforceStateTransitions>
          <CanChangeHierarchicalRelationship>1</CanChangeHierarchicalRelationship>
          <EntityHelpUrlEnabled>0</EntityHelpUrlEnabled>
          <EntityHelpUrl></EntityHelpUrl>
          <ChangeTrackingEnabled>0</ChangeTrackingEnabled>
          <CanChangeTrackingBeEnabled>1</CanChangeTrackingBeEnabled>
          <IsEnabledForExternalChannels>0</IsEnabledForExternalChannels>
          <IsSolutionAware>0</IsSolutionAware>
        </entity>
      </EntityInfo>
      <FormXml>
        <forms type="main">
          <systemform>
            <formid>{c4885837-51d6-4a4f-b449-01c9a25f0bde}</formid>
            <IntroducedVersion>2022.10.14.1</IntroducedVersion>
            <FormPresentation>1</FormPresentation>
            <FormActivationState>1</FormActivationState>
            <form>
              <tabs>
                <tab verticallayout="true" id="{ac321b18-e1ba-4f34-81ad-bf3550298c11}" IsUserDefined="1">
                  <labels>
                    <label description="General" languagecode="1033" />
                  </labels>
                  <columns>
                    <column width="100%">
                      <sections>
                        <section showlabel="false" showbar="false" IsUserDefined="0" id="{d3955ed0-722f-41e2-a67b-4090a407dccb}">
                          <labels>
                            <label description="General" languagecode="1033" />
                          </labels>
                          <rows>
                            <row>
                              <cell id="{d14b0ee6-93b6-0176-d3b2-b4ca4e95ebde}" showlabel="true" locklevel="0">
                                <labels>
                                  <label description="TMP Site" languagecode="1033" />
                                </labels>
                                <control id="mcs_tmpsite" classid="{270BD3DB-D9AF-4782-9025-509E298DEC0A}" datafieldname="mcs_tmpsite" disabled="false" uniqueid="{53873bbd-c098-90d5-e038-c0c91751635d}">
                                  <parameters>
                                    <AutoResolve>true</AutoResolve>
                                    <DisableMru>false</DisableMru>
                                    <DisableQuickFind>false</DisableQuickFind>
                                    <DisableViewPicker>false</DisableViewPicker>
                                    <DefaultViewId>{8FC5CD0C-1AB8-444C-9EB5-7FE090C0DAE3}</DefaultViewId>
                                    <AllowFilterOff>false</AllowFilterOff>
                                  </parameters>
                                </control>
                              </cell>
                            </row>
                            <row>
                              <cell id="{bee89b09-e43c-4dbe-80af-8950accf375c}">
                                <labels>
                                  <label description="Name" languagecode="1033" />
                                </labels>
                                <control id="mcs_name" classid="{4273EDBD-AC1D-40d3-9FB2-095C621B552D}" datafieldname="mcs_name" />
                              </cell>
                            </row>
                            <row>
                              <cell id="{092a225a-ed0b-664a-9a3d-41c6129462b4}" showlabel="true" locklevel="0">
                                <labels>
                                  <label description="EDIPI" languagecode="1033" />
                                </labels>
                                <control id="mcs_edipi" classid="{4273EDBD-AC1D-40d3-9FB2-095C621B552D}" datafieldname="mcs_edipi" disabled="false" />
                              </cell>
                            </row>
                            <row>
                              <cell id="{2cc69a2b-3735-5216-53b6-a454cd90d590}" showlabel="true" locklevel="0">
                                <labels>
                                  <label description="Type" languagecode="1033" />
                                </labels>
                                <control id="mcs_type" classid="{3EF39988-22BB-4f0b-BBBE-64B5A3748AEE}" datafieldname="mcs_type" disabled="false" />
                              </cell>
                            </row>
                            <row>
                              <cell id="{dc602c8d-0752-4dcc-3b29-65618c29c7be}" showlabel="true" locklevel="0">
                                <labels>
                                  <label description="TMP Resource" languagecode="1033" />
                                </labels>
                                <control id="mcs_tmpreslource" classid="{270BD3DB-D9AF-4782-9025-509E298DEC0A}" datafieldname="mcs_tmpreslource" disabled="false" uniqueid="{b7240781-4012-6020-2206-c8000550380e}">
                                  <parameters>
                                    <AutoResolve>true</AutoResolve>
                                    <DisableMru>false</DisableMru>
                                    <DisableQuickFind>false</DisableQuickFind>
                                    <DisableViewPicker>false</DisableViewPicker>
                                    <DefaultViewId>{ACE71447-4A9E-40A7-AAD6-9E4295C2A9BA}</DefaultViewId>
                                    <AllowFilterOff>false</AllowFilterOff>
                                  </parameters>
                                </control>
                              </cell>
                            </row>
                            <row>
                              <cell id="{9151bdc5-b84b-ea2a-9955-c2b9c7927a2c}" showlabel="true" locklevel="0">
                                <labels>
                                  <label description="Provider" languagecode="1033" />
                                </labels>
                                <control id="mcs_user" classid="{270BD3DB-D9AF-4782-9025-509E298DEC0A}" datafieldname="mcs_user" disabled="false" uniqueid="{6064b961-a1d1-2e58-9c8e-1c2559110ec2}">
                                  <parameters>
                                    <AutoResolve>true</AutoResolve>
                                    <DisableMru>false</DisableMru>
                                    <DisableQuickFind>false</DisableQuickFind>
                                    <DisableViewPicker>false</DisableViewPicker>
                                    <DefaultViewId>{E88CA999-0B16-4AE9-B6A9-9EDC840D42D8}</DefaultViewId>
                                    <AllowFilterOff>false</AllowFilterOff>
                                  </parameters>
                                </control>
                              </cell>
                            </row>
                            <row>
                              <cell id="{9195b282-8b55-48cd-c2d2-6ee0d2304b26}" showlabel="true" locklevel="0">
                                <labels>
                                  <label description="Patient" languagecode="1033" />
                                </labels>
                                <control id="mcs_patient" classid="{270BD3DB-D9AF-4782-9025-509E298DEC0A}" datafieldname="mcs_patient" disabled="false" />
                              </cell>
                            </row>
                            <row>
                              <cell id="{0dae9a14-cf38-4d1e-86c8-a9b1a904c1ca}">
                                <labels>
                                  <label description="Owner" languagecode="1033" />
                                </labels>
                                <control id="ownerid" classid="{270BD3DB-D9AF-4782-9025-509E298DEC0A}" datafieldname="ownerid" />
                              </cell>
                            </row>
                          </rows>
                        </section>
                      </sections>
                    </column>
                  </columns>
                </tab>
                <tab name="tab_2" id="{57b7c5a7-6a14-ee16-0cb1-82a7b8357b6e}" IsUserDefined="0" locklevel="0" showlabel="true" expanded="true">
                  <labels>
                    <label description="Reserve Resources" languagecode="1033" />
                  </labels>
                  <columns>
                    <column width="100%">
                      <sections>
                        <section name="tab_2_section_1" showlabel="true" showbar="true" locklevel="0" id="{9494235e-20a7-08ca-282d-72e676e3479b}" IsUserDefined="0" layout="varwidth" columns="1" labelwidth="115" celllabelalignment="Left" celllabelposition="Left">
                          <labels>
                            <label description="To be Adjudicated" languagecode="1033" />
                          </labels>
                          <rows>
                            <row>
                              <cell id="{26ea7c0a-aa45-8e1e-3b73-cb8e4ddeb358}" showlabel="false" colspan="1" auto="false" rowspan="6">
                                <labels>
                                  <label description="Reserve Resources" languagecode="1033" />
                                </labels>
                                <control id="reserveresources" classid="{E7A81278-8635-4d9e-8D4D-59480B391C5B}" indicationOfSubgrid="true" uniqueid="{314e57ab-979a-1388-81a7-cc3067d7e060}">
                                  <parameters>
                                    <ViewId>{81C579F8-B080-4910-8E4A-4DB03FBF519C}</ViewId>
                                    <IsUserView>false</IsUserView>
                                    <RelationshipName>mcs_mcs_missingresource_mcs_reserveresourcemissingresource_MissingResource</RelationshipName>
                                    <TargetEntityType>mcs_reserveresourcemissingresource</TargetEntityType>
                                    <AutoExpand>Fixed</AutoExpand>
                                    <EnableQuickFind>false</EnableQuickFind>
                                    <EnableViewPicker>false</EnableViewPicker>
                                    <ViewIds>{81C579F8-B080-4910-8E4A-4DB03FBF519C}</ViewIds>
                                    <EnableJumpBar>false</EnableJumpBar>
                                    <ChartGridMode>All</ChartGridMode>
                                    <VisualizationId />
                                    <IsUserChart>false</IsUserChart>
                                    <EnableChartPicker>true</EnableChartPicker>
                                    <RecordsPerPage>4</RecordsPerPage>
                                    <HeaderColorCode>#F3F3F3</HeaderColorCode>
                                  </parameters>
                                </control>
                              </cell>
                            </row>
                            <row />
                            <row />
                            <row />
                            <row />
                            <row />
                          </rows>
                        </section>
                        <section name="tab_2_section_2" showlabel="true" showbar="true" locklevel="0" id="{54b81044-29dc-85dd-74a3-68abca25e114}" IsUserDefined="0" layout="varwidth" columns="1" labelwidth="115" celllabelalignment="Left" celllabelposition="Left">
                          <labels>
                            <label description="Adjudicated Reserve Resources" languagecode="1033" />
                          </labels>
                          <rows>
                            <row>
                              <cell id="{54934cc0-6e25-4dec-0936-a9c08c49e72d}" showlabel="false" colspan="1" auto="false" rowspan="6">
                                <labels>
                                  <label description="Reserve Resource/Missing Resources (Missing Resource)" languagecode="1033" />
                                </labels>
                                <control id="adjudicated" classid="{E7A81278-8635-4d9e-8D4D-59480B391C5B}" indicationOfSubgrid="true">
                                  <parameters>
                                    <ViewId>{116DEA05-5687-4822-8649-29154DF58506}</ViewId>
                                    <IsUserView>false</IsUserView>
                                    <RelationshipName>mcs_mcs_missingresource_mcs_reserveresourcemissingresource_MissingResource</RelationshipName>
                                    <TargetEntityType>mcs_reserveresourcemissingresource</TargetEntityType>
                                    <AutoExpand>Fixed</AutoExpand>
                                    <EnableQuickFind>false</EnableQuickFind>
                                    <EnableViewPicker>false</EnableViewPicker>
                                    <ViewIds />
                                    <EnableJumpBar>false</EnableJumpBar>
                                    <ChartGridMode>Grid</ChartGridMode>
                                    <VisualizationId />
                                    <IsUserChart>false</IsUserChart>
                                    <EnableChartPicker>false</EnableChartPicker>
                                    <RecordsPerPage>4</RecordsPerPage>
                                    <HeaderColorCode>#F5F6F8</HeaderColorCode>
                                  </parameters>
                                </control>
                              </cell>
                            </row>
                            <row />
                            <row />
                            <row />
                            <row />
                            <row />
                          </rows>
                        </section>
                      </sections>
                    </column>
                  </columns>
                </tab>
              </tabs>
              <Navigation>
                <NavBar></NavBar>
                <NavBarAreas>
                  <NavBarArea Id="Info">
                    <Titles>
                      <Title LCID="1033" Text="Common" />
                    </Titles>
                  </NavBarArea>
                  <NavBarArea Id="Sales">
                    <Titles>
                      <Title LCID="1033" Text="Sales" />
                    </Titles>
                  </NavBarArea>
                  <NavBarArea Id="Service">
                    <Titles>
                      <Title LCID="1033" Text="Service" />
                    </Titles>
                  </NavBarArea>
                  <NavBarArea Id="Marketing">
                    <Titles>
                      <Title LCID="1033" Text="Marketing" />
                    </Titles>
                  </NavBarArea>
                  <NavBarArea Id="ProcessCenter">
                    <Titles>
                      <Title LCID="1033" Text="Process Sessions" />
                    </Titles>
                  </NavBarArea>
                </NavBarAreas>
              </Navigation>
              <controlDescriptions />
            </form>
            <IsCustomizable>1</IsCustomizable>
            <CanBeDeleted>1</CanBeDeleted>
            <LocalizedNames>
              <LocalizedName description="Information" languagecode="1033" />
            </LocalizedNames>
            <Descriptions>
              <Description description="A form for this entity." languagecode="1033" />
            </Descriptions>
          </systemform>
        </forms>
      </FormXml>
      <SavedQueries>
        <savedqueries>
          <savedquery>
            <IsCustomizable>1</IsCustomizable>
            <CanBeDeleted>0</CanBeDeleted>
            <isquickfindquery>0</isquickfindquery>
            <isprivate>0</isprivate>
            <isdefault>1</isdefault>
            <savedqueryid>{0b601e47-fd94-484b-b0a3-bf845419dd56}</savedqueryid>
            <layoutxml>
              <grid name="resultset" jump="mcs_name" select="1" icon="1" preview="1">
                <row name="result" id="mcs_missingresourceid">
                  <cell name="mcs_name" width="150" imageproviderfunctionname="" imageproviderwebresource="$webresource:" />
                  <cell name="mcs_edipi" width="100" />
                  <cell name="mcs_email" width="125" imageproviderfunctionname="" imageproviderwebresource="$webresource:" />
                  <cell name="mcs_tmpsite" width="150" imageproviderfunctionname="" imageproviderwebresource="$webresource:" />
                  <cell name="mcs_type" width="100" imageproviderfunctionname="" imageproviderwebresource="$webresource:" />
                  <cell name="createdon" width="125" />
                </row>
              </grid>
            </layoutxml>
            <querytype>0</querytype>
            <fetchxml>
              <fetch version="1.0" mapping="logical">
                <entity name="mcs_missingresource">
                  <attribute name="mcs_name" />
                  <attribute name="createdon" />
                  <order attribute="createdon" descending="true" />
                  <filter type="and">
                    <condition attribute="statecode" operator="eq" value="0" />
                  </filter>
                  <attribute name="mcs_type" />
                  <attribute name="mcs_tmpsite" />
                  <attribute name="mcs_email" />
                  <attribute name="mcs_edipi" />
                  <attribute name="mcs_missingresourceid" />
                </entity>
              </fetch>
            </fetchxml>
            <IntroducedVersion>2022.10.14.1</IntroducedVersion>
            <LocalizedNames>
              <LocalizedName description="Active Missing Resources" languagecode="1033" />
            </LocalizedNames>
          </savedquery>
          <savedquery>
            <IsCustomizable>1</IsCustomizable>
            <CanBeDeleted>0</CanBeDeleted>
            <isquickfindquery>0</isquickfindquery>
            <isprivate>0</isprivate>
            <isdefault>0</isdefault>
            <savedqueryid>{e8204c42-1e01-4f24-9187-e206be7c529f}</savedqueryid>
            <layoutxml>
              <grid name="resultset" jump="mcs_name" select="1" icon="1" preview="1">
                <row name="result" id="mcs_missingresourceid">
                  <cell name="mcs_name" width="200" imageproviderfunctionname="" imageproviderwebresource="$webresource:" />
                  <cell name="mcs_edipi" width="100" />
                  <cell name="mcs_tmpsite" width="150" imageproviderfunctionname="" imageproviderwebresource="$webresource:" />
                  <cell name="mcs_type" width="150" imageproviderfunctionname="" imageproviderwebresource="$webresource:" />
                  <cell name="mcs_patient" width="150" imageproviderfunctionname="" imageproviderwebresource="$webresource:" />
                  <cell name="mcs_tmpreslource" width="200" imageproviderfunctionname="" imageproviderwebresource="$webresource:" />
                  <cell name="mcs_user" width="200" imageproviderfunctionname="" imageproviderwebresource="$webresource:" />
                  <cell name="createdon" width="125" />
                </row>
              </grid>
            </layoutxml>
            <querytype>0</querytype>
            <fetchxml>
              <fetch version="1.0" mapping="logical">
                <entity name="mcs_missingresource">
                  <attribute name="mcs_name" />
                  <attribute name="createdon" />
                  <order attribute="createdon" descending="true" />
                  <filter type="and">
                    <condition attribute="statecode" operator="eq" value="1" />
                  </filter>
                  <attribute name="mcs_type" />
                  <attribute name="mcs_tmpsite" />
                  <attribute name="mcs_tmpreslource" />
                  <attribute name="mcs_user" />
                  <attribute name="mcs_patient" />
                  <attribute name="mcs_edipi" />
                  <attribute name="mcs_missingresourceid" />
                </entity>
              </fetch>
            </fetchxml>
            <IntroducedVersion>2022.10.14.1</IntroducedVersion>
            <LocalizedNames>
              <LocalizedName description="Adjudicated Missing Resources" languagecode="1033" />
            </LocalizedNames>
          </savedquery>
        </savedqueries>
      </SavedQueries>
      <RibbonDiffXml>
        <CustomActions />
        <Templates>
          <RibbonTemplates Id="Mscrm.Templates"></RibbonTemplates>
        </Templates>
        <CommandDefinitions />
        <RuleDefinitions>
          <TabDisplayRules />
          <DisplayRules />
          <EnableRules />
        </RuleDefinitions>
        <LocLabels />
      </RibbonDiffXml>
    </Entity>
    <Entity>
      <Name LocalizedName="Reserve Resource/Missing Resource" OriginalName="Reserve Resource/Missing Resource">mcs_reserveresourcemissingresource</Name>
      <EntityInfo>
        <entity Name="mcs_reserveresourcemissingresource">
          <LocalizedNames>
            <LocalizedName description="Reserve Resource/Missing Resource" languagecode="1033" />
          </LocalizedNames>
          <LocalizedCollectionNames>
            <LocalizedCollectionName description="Reserve Resource/Missing Resources" languagecode="1033" />
          </LocalizedCollectionNames>
          <Descriptions>
            <Description description="" languagecode="1033" />
          </Descriptions>
          <attributes />
          <EntitySetName>mcs_reserveresourcemissingresources</EntitySetName>
          <IsDuplicateCheckSupported>0</IsDuplicateCheckSupported>
          <IsBusinessProcessEnabled>0</IsBusinessProcessEnabled>
          <IsRequiredOffline>0</IsRequiredOffline>
          <IsInteractionCentricEnabled>0</IsInteractionCentricEnabled>
          <IsCollaboration>0</IsCollaboration>
          <AutoRouteToOwnerQueue>0</AutoRouteToOwnerQueue>
          <IsConnectionsEnabled>0</IsConnectionsEnabled>
          <EntityColor></EntityColor>
          <IsDocumentManagementEnabled>0</IsDocumentManagementEnabled>
          <AutoCreateAccessTeams>0</AutoCreateAccessTeams>
          <IsOneNoteIntegrationEnabled>0</IsOneNoteIntegrationEnabled>
          <IsKnowledgeManagementEnabled>0</IsKnowledgeManagementEnabled>
          <IsSLAEnabled>0</IsSLAEnabled>
          <IsDocumentRecommendationsEnabled>0</IsDocumentRecommendationsEnabled>
          <IsBPFEntity>0</IsBPFEntity>
          <OwnershipTypeMask>UserOwned</OwnershipTypeMask>
          <IsAuditEnabled>0</IsAuditEnabled>
          <IsRetrieveAuditEnabled>0</IsRetrieveAuditEnabled>
          <IsRetrieveMultipleAuditEnabled>0</IsRetrieveMultipleAuditEnabled>
          <IsActivity>0</IsActivity>
          <ActivityTypeMask></ActivityTypeMask>
          <IsActivityParty>0</IsActivityParty>
          <IsReplicated>0</IsReplicated>
          <IsReplicationUserFiltered>0</IsReplicationUserFiltered>
          <IsMailMergeEnabled>0</IsMailMergeEnabled>
          <IsVisibleInMobile>0</IsVisibleInMobile>
          <IsVisibleInMobileClient>0</IsVisibleInMobileClient>
          <IsReadOnlyInMobileClient>0</IsReadOnlyInMobileClient>
          <IsOfflineInMobileClient>0</IsOfflineInMobileClient>
          <DaysSinceRecordLastModified>0</DaysSinceRecordLastModified>
          <MobileOfflineFilters></MobileOfflineFilters>
          <IsMapiGridEnabled>1</IsMapiGridEnabled>
          <IsReadingPaneEnabled>1</IsReadingPaneEnabled>
          <IsQuickCreateEnabled>0</IsQuickCreateEnabled>
          <SyncToExternalSearchIndex>0</SyncToExternalSearchIndex>
          <IntroducedVersion>2022.10.14.1</IntroducedVersion>
          <IsCustomizable>1</IsCustomizable>
          <IsRenameable>1</IsRenameable>
          <IsMappable>1</IsMappable>
          <CanModifyAuditSettings>1</CanModifyAuditSettings>
          <CanModifyMobileVisibility>1</CanModifyMobileVisibility>
          <CanModifyMobileClientVisibility>1</CanModifyMobileClientVisibility>
          <CanModifyMobileClientReadOnly>1</CanModifyMobileClientReadOnly>
          <CanModifyMobileClientOffline>1</CanModifyMobileClientOffline>
          <CanModifyConnectionSettings>1</CanModifyConnectionSettings>
          <CanModifyDuplicateDetectionSettings>1</CanModifyDuplicateDetectionSettings>
          <CanModifyMailMergeSettings>1</CanModifyMailMergeSettings>
          <CanModifyQueueSettings>1</CanModifyQueueSettings>
          <CanCreateAttributes>1</CanCreateAttributes>
          <CanCreateForms>1</CanCreateForms>
          <CanCreateCharts>1</CanCreateCharts>
          <CanCreateViews>1</CanCreateViews>
          <CanModifyAdditionalSettings>1</CanModifyAdditionalSettings>
          <CanEnableSyncToExternalSearchIndex>1</CanEnableSyncToExternalSearchIndex>
          <EnforceStateTransitions>0</EnforceStateTransitions>
          <CanChangeHierarchicalRelationship>1</CanChangeHierarchicalRelationship>
          <EntityHelpUrlEnabled>0</EntityHelpUrlEnabled>
          <EntityHelpUrl></EntityHelpUrl>
          <ChangeTrackingEnabled>0</ChangeTrackingEnabled>
          <CanChangeTrackingBeEnabled>1</CanChangeTrackingBeEnabled>
          <IsEnabledForExternalChannels>0</IsEnabledForExternalChannels>
          <IsSolutionAware>0</IsSolutionAware>
        </entity>
      </EntityInfo>
      <SavedQueries>
        <savedqueries>
          <savedquery>
            <IsCustomizable>1</IsCustomizable>
            <CanBeDeleted>0</CanBeDeleted>
            <isquickfindquery>0</isquickfindquery>
            <isprivate>0</isprivate>
            <isdefault>0</isdefault>
            <savedqueryid>{116dea05-5687-4822-8649-29154df58506}</savedqueryid>
            <layoutxml>
              <grid name="resultset" jump="mcs_name" select="1" icon="1" preview="1">
                <row name="result" id="mcs_reserveresourcemissingresourceid">
                  <cell name="mcs_missingresource" width="200" imageproviderfunctionname="" imageproviderwebresource="$webresource:" />
                  <cell name="mcs_reserveresource" width="200" imageproviderfunctionname="" imageproviderwebresource="$webresource:" />
                  <cell name="createdon" width="125" />
                </row>
              </grid>
            </layoutxml>
            <querytype>0</querytype>
            <fetchxml>
              <fetch version="1.0" mapping="logical">
                <entity name="mcs_reserveresourcemissingresource">
                  <attribute name="createdon" />
                  <order attribute="mcs_missingresource" descending="false" />
                  <filter type="and">
                    <condition attribute="statecode" operator="eq" value="1" />
                  </filter>
                  <attribute name="mcs_reserveresource" />
                  <attribute name="mcs_missingresource" />
                  <attribute name="mcs_reserveresourcemissingresourceid" />
                </entity>
              </fetch>
            </fetchxml>
            <IntroducedVersion>2022.10.14.1</IntroducedVersion>
            <LocalizedNames>
              <LocalizedName description="Adjudicated Reserve Resource/Missing Resources" languagecode="1033" />
            </LocalizedNames>
          </savedquery>
        </savedqueries>
      </SavedQueries>
      <RibbonDiffXml>
        <CustomActions />
        <Templates>
          <RibbonTemplates Id="Mscrm.Templates"></RibbonTemplates>
        </Templates>
        <CommandDefinitions />
        <RuleDefinitions>
          <TabDisplayRules />
          <DisplayRules />
          <EnableRules />
        </RuleDefinitions>
        <LocLabels />
      </RibbonDiffXml>
    </Entity>
    <Entity>
      <Name LocalizedName="Resource Conflict" OriginalName="Resource Conflict">mcs_resourceconflict</Name>
      <EntityInfo>
        <entity Name="mcs_resourceconflict">
          <LocalizedNames>
            <LocalizedName description="Resource Conflict" languagecode="1033" />
          </LocalizedNames>
          <LocalizedCollectionNames>
            <LocalizedCollectionName description="Resource Conflicts" languagecode="1033" />
          </LocalizedCollectionNames>
          <Descriptions>
            <Description description="" languagecode="1033" />
          </Descriptions>
          <attributes />
          <EntitySetName>mcs_resourceconflicts</EntitySetName>
          <IsDuplicateCheckSupported>0</IsDuplicateCheckSupported>
          <IsBusinessProcessEnabled>0</IsBusinessProcessEnabled>
          <IsRequiredOffline>0</IsRequiredOffline>
          <IsInteractionCentricEnabled>0</IsInteractionCentricEnabled>
          <IsCollaboration>0</IsCollaboration>
          <AutoRouteToOwnerQueue>0</AutoRouteToOwnerQueue>
          <IsConnectionsEnabled>0</IsConnectionsEnabled>
          <EntityColor></EntityColor>
          <IsDocumentManagementEnabled>0</IsDocumentManagementEnabled>
          <AutoCreateAccessTeams>0</AutoCreateAccessTeams>
          <IsOneNoteIntegrationEnabled>0</IsOneNoteIntegrationEnabled>
          <IsKnowledgeManagementEnabled>0</IsKnowledgeManagementEnabled>
          <IsSLAEnabled>0</IsSLAEnabled>
          <IsDocumentRecommendationsEnabled>0</IsDocumentRecommendationsEnabled>
          <IsBPFEntity>0</IsBPFEntity>
          <OwnershipTypeMask>UserOwned</OwnershipTypeMask>
          <IsAuditEnabled>0</IsAuditEnabled>
          <IsRetrieveAuditEnabled>0</IsRetrieveAuditEnabled>
          <IsRetrieveMultipleAuditEnabled>0</IsRetrieveMultipleAuditEnabled>
          <IsActivity>0</IsActivity>
          <ActivityTypeMask></ActivityTypeMask>
          <IsActivityParty>0</IsActivityParty>
          <IsReplicated>0</IsReplicated>
          <IsReplicationUserFiltered>0</IsReplicationUserFiltered>
          <IsMailMergeEnabled>0</IsMailMergeEnabled>
          <IsVisibleInMobile>0</IsVisibleInMobile>
          <IsVisibleInMobileClient>0</IsVisibleInMobileClient>
          <IsReadOnlyInMobileClient>0</IsReadOnlyInMobileClient>
          <IsOfflineInMobileClient>0</IsOfflineInMobileClient>
          <DaysSinceRecordLastModified>0</DaysSinceRecordLastModified>
          <MobileOfflineFilters></MobileOfflineFilters>
          <IsMapiGridEnabled>1</IsMapiGridEnabled>
          <IsReadingPaneEnabled>1</IsReadingPaneEnabled>
          <IsQuickCreateEnabled>0</IsQuickCreateEnabled>
          <SyncToExternalSearchIndex>0</SyncToExternalSearchIndex>
          <IntroducedVersion>2022.12.14.1</IntroducedVersion>
          <IsCustomizable>1</IsCustomizable>
          <IsRenameable>1</IsRenameable>
          <IsMappable>1</IsMappable>
          <CanModifyAuditSettings>1</CanModifyAuditSettings>
          <CanModifyMobileVisibility>1</CanModifyMobileVisibility>
          <CanModifyMobileClientVisibility>1</CanModifyMobileClientVisibility>
          <CanModifyMobileClientReadOnly>1</CanModifyMobileClientReadOnly>
          <CanModifyMobileClientOffline>1</CanModifyMobileClientOffline>
          <CanModifyConnectionSettings>1</CanModifyConnectionSettings>
          <CanModifyDuplicateDetectionSettings>1</CanModifyDuplicateDetectionSettings>
          <CanModifyMailMergeSettings>1</CanModifyMailMergeSettings>
          <CanModifyQueueSettings>1</CanModifyQueueSettings>
          <CanCreateAttributes>1</CanCreateAttributes>
          <CanCreateForms>1</CanCreateForms>
          <CanCreateCharts>1</CanCreateCharts>
          <CanCreateViews>1</CanCreateViews>
          <CanModifyAdditionalSettings>1</CanModifyAdditionalSettings>
          <CanEnableSyncToExternalSearchIndex>1</CanEnableSyncToExternalSearchIndex>
          <EnforceStateTransitions>0</EnforceStateTransitions>
          <CanChangeHierarchicalRelationship>1</CanChangeHierarchicalRelationship>
          <EntityHelpUrlEnabled>0</EntityHelpUrlEnabled>
          <ChangeTrackingEnabled>0</ChangeTrackingEnabled>
          <CanChangeTrackingBeEnabled>1</CanChangeTrackingBeEnabled>
          <IsEnabledForExternalChannels>0</IsEnabledForExternalChannels>
          <IsSolutionAware>0</IsSolutionAware>
        </entity>
      </EntityInfo>
      <SavedQueries>
        <savedqueries>
          <savedquery>
            <IsCustomizable>1</IsCustomizable>
            <CanBeDeleted>0</CanBeDeleted>
            <isquickfindquery>0</isquickfindquery>
            <isprivate>0</isprivate>
            <isdefault>1</isdefault>
            <savedqueryid>{bc1d165e-2dc6-4a79-a208-43f3e1bcedd9}</savedqueryid>
            <layoutxml>
              <grid name="resultset" jump="mcs_name" select="1" icon="1" preview="1">
                <row name="result" id="mcs_resourceconflictid">
                  <cell name="mcs_name" width="200" imageproviderfunctionname="" imageproviderwebresource="$webresource:" />
                  <cell name="mcs_reasonforconflict" width="200" imageproviderfunctionname="" imageproviderwebresource="$webresource:" />
                  <cell name="mcs_scheduledstart" width="200" imageproviderfunctionname="" imageproviderwebresource="$webresource:" />
                  <cell name="mcs_scheduledend" width="200" imageproviderfunctionname="" imageproviderwebresource="$webresource:" />
                  <cell name="mcs_totalcount" width="100" />
                  <cell name="mcs_totalappointments" width="150" imageproviderfunctionname="" imageproviderwebresource="$webresource:" />
                  <cell name="mcs_totalreserveresources" width="150" imageproviderfunctionname="" imageproviderwebresource="$webresource:" />
                  <cell name="mcs_totalschedulingpackages" width="200" imageproviderfunctionname="" imageproviderwebresource="$webresource:" />
                  <cell name="createdon" width="125" />
                </row>
              </grid>
            </layoutxml>
            <querytype>0</querytype>
            <fetchxml>
              <fetch version="1.0" mapping="logical">
                <entity name="mcs_resourceconflict">
                  <attribute name="mcs_name" />
                  <attribute name="createdon" />
                  <order attribute="createdon" descending="true" />
                  <filter type="and">
                    <condition attribute="statecode" operator="eq" value="0" />
                  </filter>
                  <attribute name="mcs_reasonforconflict" />
                  <attribute name="mcs_totalschedulingpackages" />
                  <attribute name="mcs_totalreserveresources" />
                  <attribute name="mcs_totalappointments" />
                  <attribute name="mcs_totalcount" />
                  <attribute name="mcs_scheduledstart" />
                  <attribute name="mcs_scheduledend" />
                  <attribute name="mcs_resourceconflictid" />
                </entity>
              </fetch>
            </fetchxml>
            <IntroducedVersion>2022.12.14.1</IntroducedVersion>
            <LocalizedNames>
              <LocalizedName description="Active Resource Conflicts" languagecode="1033" />
            </LocalizedNames>
          </savedquery>
        </savedqueries>
      </SavedQueries>
      <RibbonDiffXml>
        <CustomActions />
        <Templates>
          <RibbonTemplates Id="Mscrm.Templates"></RibbonTemplates>
        </Templates>
        <CommandDefinitions />
        <RuleDefinitions>
          <TabDisplayRules />
          <DisplayRules />
          <EnableRules />
        </RuleDefinitions>
        <LocLabels />
      </RibbonDiffXml>
    </Entity>
  </Entities>
  <Roles></Roles>
  <Workflows></Workflows>
  <FieldSecurityProfiles></FieldSecurityProfiles>
  <Templates />
  <EntityMaps />
  <EntityRelationships />
  <OrganizationSettings />
  <optionsets />
  <CustomControls />
  <SolutionPluginAssemblies>
    <PluginAssembly FullName="Cerner.TMP.Plugin, Version=1.0.0.0, Culture=neutral, PublicKeyToken=bc31f4cf092bf481" PluginAssemblyId="85b9195f-bb97-48fd-bbf8-9d39fb416e21" CustomizationLevel="1">
      <IsolationMode>2</IsolationMode>
      <SourceType>0</SourceType>
      <IntroducedVersion>1.0</IntroducedVersion>
      <FileName>/PluginAssemblies/CernerTMPPlugin-85B9195F-BB97-48FD-BBF8-9D39FB416E21/CernerTMPPlugin.dll</FileName>
      <PluginTypes>
        <PluginType AssemblyQualifiedName="Cerner.TMP.Plugin.AppointmentPostUpdate, Cerner.TMP.Plugin, Version=1.0.0.0, Culture=neutral, PublicKeyToken=bc31f4cf092bf481" PluginTypeId="810bee20-297c-44ca-8e12-1689be9585e3" Name="Cerner.TMP.Plugin.AppointmentPostUpdate">
          <FriendlyName>13f766d5-503c-4734-9efb-4d4998a2137b</FriendlyName>
        </PluginType>
        <PluginType AssemblyQualifiedName="Cerner.TMP.Plugin.AppointmentPreUpdate, Cerner.TMP.Plugin, Version=1.0.0.0, Culture=neutral, PublicKeyToken=bc31f4cf092bf481" PluginTypeId="7162d8af-b921-4fd6-bd93-f513fb80c3bf" Name="Cerner.TMP.Plugin.AppointmentPreUpdate">
          <FriendlyName>21d74755-4d85-4bbe-9a40-d7174dd4a867</FriendlyName>
        </PluginType>
        <PluginType AssemblyQualifiedName="Cerner.TMP.Plugin.JobControllerPostCreate, Cerner.TMP.Plugin, Version=1.0.0.0, Culture=neutral, PublicKeyToken=bc31f4cf092bf481" PluginTypeId="6a83e6f6-bb23-4de1-8894-cad0ecc2bfc2" Name="Cerner.TMP.Plugin.JobControllerPostCreate">
          <FriendlyName>0cdab9db-e8ed-4af7-b29e-70c780482eef</FriendlyName>
        </PluginType>
        <PluginType AssemblyQualifiedName="Cerner.TMP.Plugin.MissingResourceActionCreatePostStage, Cerner.TMP.Plugin, Version=1.0.0.0, Culture=neutral, PublicKeyToken=bc31f4cf092bf481" PluginTypeId="1620c8dd-ceed-405f-a528-080a84b35d75" Name="Cerner.TMP.Plugin.MissingResourceActionCreatePostStage">
          <FriendlyName>4861199f-2b62-4e48-a03e-a4b401d4e251</FriendlyName>
        </PluginType>
        <PluginType AssemblyQualifiedName="Cerner.TMP.Plugin.MissingResourceActionPostStage, Cerner.TMP.Plugin, Version=1.0.0.0, Culture=neutral, PublicKeyToken=bc31f4cf092bf481" PluginTypeId="11d494df-d0c3-4166-8fdb-f87914c4d235" Name="Cerner.TMP.Plugin.MissingResourceActionPostStage">
          <FriendlyName>9341f214-b2d7-4add-a3fd-7b6496438a02</FriendlyName>
        </PluginType>
        <PluginType AssemblyQualifiedName="Cerner.TMP.Plugin.PersonIdentifierPostCreate, Cerner.TMP.Plugin, Version=1.0.0.0, Culture=neutral, PublicKeyToken=bc31f4cf092bf481" PluginTypeId="db9b0bdc-0916-4b6b-9fca-833f1f21eb8f" Name="Cerner.TMP.Plugin.PersonIdentifierPostCreate">
          <FriendlyName>5ec8cb03-125a-4b69-95bd-e0b0d45d6398</FriendlyName>
        </PluginType>
        <PluginType AssemblyQualifiedName="Cerner.TMP.Plugin.PersonIdentifierPostUpdate, Cerner.TMP.Plugin, Version=1.0.0.0, Culture=neutral, PublicKeyToken=bc31f4cf092bf481" PluginTypeId="68a514bd-47d4-4c45-9f13-44cdfd5bd5c2" Name="Cerner.TMP.Plugin.PersonIdentifierPostUpdate">
          <FriendlyName>d471d147-95fd-4e2c-be48-36923e917c4c</FriendlyName>
        </PluginType>
        <PluginType AssemblyQualifiedName="Cerner.TMP.Plugin.ResourceConflictPostUpdate, Cerner.TMP.Plugin, Version=1.0.0.0, Culture=neutral, PublicKeyToken=bc31f4cf092bf481" PluginTypeId="5f9feec5-117f-42b9-9ded-229ba7d964fd" Name="Cerner.TMP.Plugin.ResourceConflictPostUpdate">
          <FriendlyName>2b66e7c0-7ede-4b33-91d1-9d4a87e2b9d4</FriendlyName>
        </PluginType>
        <PluginType AssemblyQualifiedName="Cerner.TMP.Plugin.ResourceSyncPostUpdate, Cerner.TMP.Plugin, Version=1.0.0.0, Culture=neutral, PublicKeyToken=bc31f4cf092bf481" PluginTypeId="867998df-51dd-441b-a1bf-4971f5384461" Name="Cerner.TMP.Plugin.ResourceSyncPostUpdate">
          <FriendlyName>5505d458-9d9e-4b4d-94b5-77b024c91b06</FriendlyName>
        </PluginType>
        <PluginType AssemblyQualifiedName="Cerner.TMP.Plugin.ServiceAppointmentPreCreate, Cerner.TMP.Plugin, Version=1.0.0.0, Culture=neutral, PublicKeyToken=bc31f4cf092bf481" PluginTypeId="2e306979-d282-42ac-ab78-be4d88ec7525" Name="Cerner.TMP.Plugin.ServiceAppointmentPreCreate">
          <FriendlyName>29998139-11e5-492b-8f76-a79a20dd3c73</FriendlyName>
        </PluginType>
        <PluginType AssemblyQualifiedName="Cerner.TMP.Plugin.TMPResourcePostCreate, Cerner.TMP.Plugin, Version=1.0.0.0, Culture=neutral, PublicKeyToken=bc31f4cf092bf481" PluginTypeId="0b13ee73-bc32-46e6-ad38-77b29e73607f" Name="Cerner.TMP.Plugin.TMPResourcePostCreate">
          <FriendlyName>5e652225-dc8e-43ff-95af-37baceee6896</FriendlyName>
        </PluginType>
        <PluginType AssemblyQualifiedName="Cerner.TMP.Plugin.TMPResourcePostUpdate, Cerner.TMP.Plugin, Version=1.0.0.0, Culture=neutral, PublicKeyToken=bc31f4cf092bf481" PluginTypeId="6a91a24a-7177-4ebb-be6c-a9cb6ba5e526" Name="Cerner.TMP.Plugin.TMPResourcePostUpdate">
          <FriendlyName>dc00c8cd-b0e8-4610-9972-458977068cf6</FriendlyName>
        </PluginType>
        <PluginType AssemblyQualifiedName="Cerner.TMP.Plugin.UserPostCreate, Cerner.TMP.Plugin, Version=1.0.0.0, Culture=neutral, PublicKeyToken=bc31f4cf092bf481" PluginTypeId="fc126ebd-9a77-4e91-a709-95c1bff236bc" Name="Cerner.TMP.Plugin.UserPostCreate">
          <FriendlyName>2b874a94-4a52-46e6-809b-18fa7ec46e44</FriendlyName>
        </PluginType>
        <PluginType AssemblyQualifiedName="Cerner.TMP.Plugin.UserPostUpdate, Cerner.TMP.Plugin, Version=1.0.0.0, Culture=neutral, PublicKeyToken=bc31f4cf092bf481" PluginTypeId="24d1f95a-9157-47f1-9a7b-ebb3590a4efd" Name="Cerner.TMP.Plugin.UserPostUpdate">
          <FriendlyName>913b3685-e7b2-4b06-a57b-3fbbcfb71bad</FriendlyName>
        </PluginType>
      </PluginTypes>
    </PluginAssembly>
    <PluginAssembly FullName="VA.TMP.Integration.Plugins, Version=1.0.0.0, Culture=neutral, PublicKeyToken=f9ed7db8a23d3ea1" PluginAssemblyId="69719429-31ad-4864-8a1f-c6597679e24b" CustomizationLevel="1">
      <IsolationMode>2</IsolationMode>
      <SourceType>0</SourceType>
      <IntroducedVersion>1.0</IntroducedVersion>
      <FileName>/PluginAssemblies/VATMPIntegrationPlugins-69719429-31AD-4864-8A1F-C6597679E24B/VATMPIntegrationPlugins.dll</FileName>
      <PluginTypes>
        <PluginType AssemblyQualifiedName="VA.TMP.Integration.Plugins.Appointment.AppointmentIntegrationOrchestratorUpdatePostStage, VA.TMP.Integration.Plugins, Version=1.0.0.0, Culture=neutral, PublicKeyToken=f9ed7db8a23d3ea1" PluginTypeId="65536fbe-52e0-e711-9482-0050568dd32b" Name="VA.TMP.Integration.Plugins.Appointment.AppointmentIntegrationOrchestratorUpdatePostStage">
          <FriendlyName>44ccc4f5-2204-4719-9f65-43b6411f6aa1</FriendlyName>
        </PluginType>
        <PluginType AssemblyQualifiedName="VA.TMP.Integration.Plugins.Appointment.AppointmentUpdatePostStage, VA.TMP.Integration.Plugins, Version=1.0.0.0, Culture=neutral, PublicKeyToken=f9ed7db8a23d3ea1" PluginTypeId="d42fa550-14a8-e611-9428-0050568df19d" Name="VA.TMP.Integration.Plugins.Appointment.AppointmentUpdatePostStage">
          <FriendlyName>e765f8b0-b832-4fa8-82fc-850b05c4d5bb</FriendlyName>
        </PluginType>
        <PluginType AssemblyQualifiedName="VA.TMP.Integration.Plugins.Appointment.AppointmentUpdateVistaPostStage, VA.TMP.Integration.Plugins, Version=1.0.0.0, Culture=neutral, PublicKeyToken=f9ed7db8a23d3ea1" PluginTypeId="66536fbe-52e0-e711-9482-0050568dd32b" Name="VA.TMP.Integration.Plugins.Appointment.AppointmentUpdateVistaPostStage">
          <FriendlyName>77cc96b4-2378-4f68-922c-2866e57d72c3</FriendlyName>
        </PluginType>
        <PluginType AssemblyQualifiedName="VA.TMP.Integration.Plugins.Appointment.AppointmentUpdateVVSPostStage, VA.TMP.Integration.Plugins, Version=1.0.0.0, Culture=neutral, PublicKeyToken=f9ed7db8a23d3ea1" PluginTypeId="b2732315-57f4-e611-9466-0050568dd32b" Name="VA.TMP.Integration.Plugins.Appointment.AppointmentUpdateVVSPostStage">
          <FriendlyName>e3c3f542-8305-4193-b088-b506c4696ec6</FriendlyName>
        </PluginType>
        <PluginType AssemblyQualifiedName="VA.TMP.Integration.Plugins.CrmePerson.CrmePersonRetrieveMultiplePostHealthShareGetConsults, VA.TMP.Integration.Plugins, Version=1.0.0.0, Culture=neutral, PublicKeyToken=f9ed7db8a23d3ea1" PluginTypeId="e52260d6-4dbb-e811-94a6-0050568dd32b" Name="VA.TMP.Integration.Plugins.CrmePerson.CrmePersonRetrieveMultiplePostHealthShareGetConsults">
          <FriendlyName>c69cb5a4-61f7-4b87-a92b-4aefe5ad5c2b</FriendlyName>
        </PluginType>
        <PluginType AssemblyQualifiedName="VA.TMP.Integration.Plugins.CrmePerson.CrmePersonRetrieveMultiplePostStage, VA.TMP.Integration.Plugins, Version=1.0.0.0, Culture=neutral, PublicKeyToken=f9ed7db8a23d3ea1" PluginTypeId="cd645a67-15a8-e611-9428-0050568df19d" Name="VA.TMP.Integration.Plugins.CrmePerson.CrmePersonRetrieveMultiplePostStage">
          <FriendlyName>3389ad8f-ec7e-4b01-96b9-7186d84e4451</FriendlyName>
        </PluginType>
        <PluginType AssemblyQualifiedName="VA.TMP.Integration.Plugins.CvtVod.CvtVodCreatePostStage, VA.TMP.Integration.Plugins, Version=1.0.0.0, Culture=neutral, PublicKeyToken=f9ed7db8a23d3ea1" PluginTypeId="9657ead9-f046-e711-9487-0050568d63d9" Name="VA.TMP.Integration.Plugins.CvtVod.CvtVodCreatePostStage">
          <FriendlyName>b238a91f-116b-4355-abcc-7dfe9747bf45</FriendlyName>
        </PluginType>
        <PluginType AssemblyQualifiedName="VA.TMP.Integration.Plugins.IntegrationResult.IntegrationResultUpdatePostStage, VA.TMP.Integration.Plugins, Version=1.0.0.0, Culture=neutral, PublicKeyToken=f9ed7db8a23d3ea1" PluginTypeId="6d443b42-96f3-4b9d-8ce8-7df3cf1cfee9" Name="VA.TMP.Integration.Plugins.IntegrationResult.IntegrationResultUpdatePostStage">
          <FriendlyName>f4917318-c19a-4b9f-bc48-e47e5194728e</FriendlyName>
        </PluginType>
        <PluginType AssemblyQualifiedName="VA.TMP.Integration.Plugins.Patient_DeviceInfo.PatientGetDeviceInfoPreStage, VA.TMP.Integration.Plugins, Version=1.0.0.0, Culture=neutral, PublicKeyToken=f9ed7db8a23d3ea1" PluginTypeId="920bb683-ede7-42dd-8a9a-0e20af543aa0" Name="VA.TMP.Integration.Plugins.Patient_DeviceInfo.PatientGetDeviceInfoPreStage">
          <FriendlyName>1cc2e465-f724-484d-9ba6-76574e214ab1</FriendlyName>
        </PluginType>
        <PluginType AssemblyQualifiedName="VA.TMP.Integration.Plugins.Patient_flag.PatientGetPatientFlagPreStage, VA.TMP.Integration.Plugins, Version=1.0.0.0, Culture=neutral, PublicKeyToken=f9ed7db8a23d3ea1" PluginTypeId="394a93e2-da16-480f-a5ea-bc6c8c67b3f7" Name="VA.TMP.Integration.Plugins.Patient_flag.PatientGetPatientFlagPreStage">
          <FriendlyName>9ab255c4-561e-4198-a7cd-21533e32fc0c</FriendlyName>
        </PluginType>
        <PluginType AssemblyQualifiedName="VA.TMP.Integration.Plugins.ServiceAppointment.ServiceAppointmentCancelPostStage, VA.TMP.Integration.Plugins, Version=1.0.0.0, Culture=neutral, PublicKeyToken=f9ed7db8a23d3ea1" PluginTypeId="0fb74183-10a8-e611-9427-0050568dd506" Name="VA.TMP.Integration.Plugins.ServiceAppointment.ServiceAppointmentCancelPostStage">
          <FriendlyName>553b304c-4d04-4cb5-a396-851bb8012029</FriendlyName>
        </PluginType>
        <PluginType AssemblyQualifiedName="VA.TMP.Integration.Plugins.ServiceAppointment.ServiceAppointmentCreatePostStage, VA.TMP.Integration.Plugins, Version=1.0.0.0, Culture=neutral, PublicKeyToken=f9ed7db8a23d3ea1" PluginTypeId="10b74183-10a8-e611-9427-0050568dd506" Name="VA.TMP.Integration.Plugins.ServiceAppointment.ServiceAppointmentCreatePostStage">
          <FriendlyName>2b28d1f2-42e5-4c61-aab2-e8c8942c53c3</FriendlyName>
        </PluginType>
        <PluginType AssemblyQualifiedName="VA.TMP.Integration.Plugins.ServiceAppointment.ServiceAppointmentIntegrationOrchestratorPostStage, VA.TMP.Integration.Plugins, Version=1.0.0.0, Culture=neutral, PublicKeyToken=f9ed7db8a23d3ea1" PluginTypeId="67536fbe-52e0-e711-9482-0050568dd32b" Name="VA.TMP.Integration.Plugins.ServiceAppointment.ServiceAppointmentIntegrationOrchestratorPostStage">
          <FriendlyName>0a0f3550-5ac1-43be-9cf9-ae4148ee3752</FriendlyName>
        </PluginType>
        <PluginType AssemblyQualifiedName="VA.TMP.Integration.Plugins.ServiceAppointment.ServiceAppointmentProxyAddUpdatePostStage, VA.TMP.Integration.Plugins, Version=1.0.0.0, Culture=neutral, PublicKeyToken=f9ed7db8a23d3ea1" PluginTypeId="ce87a60b-169b-e711-9477-0050568dd32b" Name="VA.TMP.Integration.Plugins.ServiceAppointment.ServiceAppointmentProxyAddUpdatePostStage">
          <FriendlyName>bd2d5e30-47ca-4ef9-9eba-1c3efd018b5a</FriendlyName>
        </PluginType>
        <PluginType AssemblyQualifiedName="VA.TMP.Integration.Plugins.ServiceAppointment.ServiceAppointmentVistaCancelPostStage, VA.TMP.Integration.Plugins, Version=1.0.0.0, Culture=neutral, PublicKeyToken=f9ed7db8a23d3ea1" PluginTypeId="68536fbe-52e0-e711-9482-0050568dd32b" Name="VA.TMP.Integration.Plugins.ServiceAppointment.ServiceAppointmentVistaCancelPostStage">
          <FriendlyName>e06cd39f-ed9f-43c1-81a4-c0640abb8392</FriendlyName>
        </PluginType>
        <PluginType AssemblyQualifiedName="VA.TMP.Integration.Plugins.ServiceAppointment.ServiceAppointmentVistaUpdatePostStage, VA.TMP.Integration.Plugins, Version=1.0.0.0, Culture=neutral, PublicKeyToken=f9ed7db8a23d3ea1" PluginTypeId="69536fbe-52e0-e711-9482-0050568dd32b" Name="VA.TMP.Integration.Plugins.ServiceAppointment.ServiceAppointmentVistaUpdatePostStage">
          <FriendlyName>6aba084f-548c-4c52-bac5-ad78409cb885</FriendlyName>
        </PluginType>
        <PluginType AssemblyQualifiedName="VA.TMP.Integration.Plugins.ServiceAppointment.ServiceAppointmentVmrCancelPostStage, VA.TMP.Integration.Plugins, Version=1.0.0.0, Culture=neutral, PublicKeyToken=f9ed7db8a23d3ea1" PluginTypeId="d775fd1c-bd57-e811-948f-0050568dd32b" Name="VA.TMP.Integration.Plugins.ServiceAppointment.ServiceAppointmentVmrCancelPostStage">
          <FriendlyName>44a46220-a4af-4cc9-80e7-7c8b886fadc7</FriendlyName>
        </PluginType>
        <PluginType AssemblyQualifiedName="VA.TMP.Integration.Plugins.ServiceAppointment.ServiceAppointmentVmrUpdatePostStage, VA.TMP.Integration.Plugins, Version=1.0.0.0, Culture=neutral, PublicKeyToken=f9ed7db8a23d3ea1" PluginTypeId="d52fa550-14a8-e611-9428-0050568df19d" Name="VA.TMP.Integration.Plugins.ServiceAppointment.ServiceAppointmentVmrUpdatePostStage">
          <FriendlyName>0c5980d6-1356-4beb-95f9-1b338b367db1</FriendlyName>
        </PluginType>
        <PluginType AssemblyQualifiedName="VA.TMP.Integration.Plugins.ServiceAppointment.ServiceAppointmentVvsUpdatePostStage, VA.TMP.Integration.Plugins, Version=1.0.0.0, Culture=neutral, PublicKeyToken=f9ed7db8a23d3ea1" PluginTypeId="d72fa550-14a8-e611-9428-0050568df19d" Name="VA.TMP.Integration.Plugins.ServiceAppointment.ServiceAppointmentVvsUpdatePostStage">
          <FriendlyName>aaa60a0f-e088-4bd9-a06a-ea78bf204e7c</FriendlyName>
        </PluginType>
        <PluginType AssemblyQualifiedName="VA.TMP.Integration.Plugins.VistaIntegrationResult.VistaIntegrationResultUpdatePostStage, VA.TMP.Integration.Plugins, Version=1.0.0.0, Culture=neutral, PublicKeyToken=f9ed7db8a23d3ea1" PluginTypeId="5b47aa52-7139-e711-946e-0050568dd32b" Name="VA.TMP.Integration.Plugins.VistaIntegrationResult.VistaIntegrationResultUpdatePostStage">
          <FriendlyName>95af30dc-4e5a-475d-b212-8158f343af2a</FriendlyName>
        </PluginType>
      </PluginTypes>
    </PluginAssembly>
  </SolutionPluginAssemblies>
  <SdkMessageProcessingSteps>
    <SdkMessageProcessingStep Name="Cerner.TMP.Plugin.AppointmentPreUpdate: Update of appointment" SdkMessageProcessingStepId="{2a9f0c75-fcb9-ed11-83fe-001dd8072448}">
      <SdkMessageId>20bebb1b-ea3e-db11-86a7-000a3a5473e8</SdkMessageId>
      <PluginTypeName>Cerner.TMP.Plugin.AppointmentPreUpdate, Cerner.TMP.Plugin, Version=1.0.0.0, Culture=neutral, PublicKeyToken=bc31f4cf092bf481</PluginTypeName>
      <PluginTypeId>7162d8af-b921-4fd6-bd93-f513fb80c3bf</PluginTypeId>
      <PrimaryEntity>appointment</PrimaryEntity>
      <AsyncAutoDelete>0</AsyncAutoDelete>
      <FilteringAttributes>optionalattendees</FilteringAttributes>
      <InvocationSource>1</InvocationSource>
      <Mode>0</Mode>
      <Rank>1</Rank>
      <EventHandlerTypeCode>4602</EventHandlerTypeCode>
      <Stage>20</Stage>
      <IsCustomizable>1</IsCustomizable>
      <IsHidden>0</IsHidden>
      <SupportedDeployment>0</SupportedDeployment>
      <IntroducedVersion>1.0</IntroducedVersion>
      <SdkMessageProcessingStepImages>
        <SdkMessageProcessingStepImage Name="pre">
          <SdkMessageProcessingStepImageId>{3b32fd80-fcb9-ed11-83fe-001dd8072448}</SdkMessageProcessingStepImageId>
          <Attributes>cvt_serviceactivityid</Attributes>
          <EntityAlias>pre</EntityAlias>
          <ImageType>0</ImageType>
          <MessagePropertyName>Target</MessagePropertyName>
          <IsCustomizable>1</IsCustomizable>
        </SdkMessageProcessingStepImage>
      </SdkMessageProcessingStepImages>
    </SdkMessageProcessingStep>
    <SdkMessageProcessingStep Name="Cerner.TMP.Plugin.MissingResourceActionCreatePostStage: Create of mcs_missingresource" SdkMessageProcessingStepId="{4954cc7e-8ab7-ed11-83fe-001dd8072455}">
      <SdkMessageId>9ebdbb1b-ea3e-db11-86a7-000a3a5473e8</SdkMessageId>
      <PluginTypeName>Cerner.TMP.Plugin.MissingResourceActionCreatePostStage, Cerner.TMP.Plugin, Version=1.0.0.0, Culture=neutral, PublicKeyToken=bc31f4cf092bf481</PluginTypeName>
      <PluginTypeId>1620c8dd-ceed-405f-a528-080a84b35d75</PluginTypeId>
      <PrimaryEntity>mcs_missingresource</PrimaryEntity>
      <AsyncAutoDelete>1</AsyncAutoDelete>
      <FilteringAttributes></FilteringAttributes>
      <InvocationSource>1</InvocationSource>
      <Mode>1</Mode>
      <Rank>1</Rank>
      <EventHandlerTypeCode>4602</EventHandlerTypeCode>
      <Stage>40</Stage>
      <IsCustomizable>1</IsCustomizable>
      <IsHidden>0</IsHidden>
      <SupportedDeployment>0</SupportedDeployment>
      <IntroducedVersion>1.0</IntroducedVersion>
      <SdkMessageProcessingStepImages />
    </SdkMessageProcessingStep>
    <SdkMessageProcessingStep Name="Cerner.TMP.Plugin.MissingResourceActionPostStage: Update of mcs_missingresource" SdkMessageProcessingStepId="{3802e4de-c091-ed11-aad1-001dd807086d}">
      <SdkMessageId>20bebb1b-ea3e-db11-86a7-000a3a5473e8</SdkMessageId>
      <PluginTypeName>Cerner.TMP.Plugin.MissingResourceActionPostStage, Cerner.TMP.Plugin, Version=1.0.0.0, Culture=neutral, PublicKeyToken=bc31f4cf092bf481</PluginTypeName>
      <PluginTypeId>11d494df-d0c3-4166-8fdb-f87914c4d235</PluginTypeId>
      <PrimaryEntity>mcs_missingresource</PrimaryEntity>
      <AsyncAutoDelete>1</AsyncAutoDelete>
      <FilteringAttributes>mcs_edipi,mcs_patient,mcs_tmpreslource,mcs_user</FilteringAttributes>
      <InvocationSource>1</InvocationSource>
      <Mode>1</Mode>
      <Rank>1</Rank>
      <EventHandlerTypeCode>4602</EventHandlerTypeCode>
      <Stage>40</Stage>
      <IsCustomizable>1</IsCustomizable>
      <IsHidden>0</IsHidden>
      <SupportedDeployment>0</SupportedDeployment>
      <IntroducedVersion>1.0</IntroducedVersion>
      <SdkMessageProcessingStepImages>
        <SdkMessageProcessingStepImage Name="pre">
          <SdkMessageProcessingStepImageId>{d022f68a-8ab7-ed11-83fe-001dd8072455}</SdkMessageProcessingStepImageId>
          <Attributes>mcs_edipi,mcs_name,mcs_type</Attributes>
          <EntityAlias>pre</EntityAlias>
          <ImageType>0</ImageType>
          <MessagePropertyName>Target</MessagePropertyName>
          <IsCustomizable>1</IsCustomizable>
        </SdkMessageProcessingStepImage>
        <SdkMessageProcessingStepImage Name="pre">
          <SdkMessageProcessingStepImageId>{367aad1c-68b7-ed11-83fe-001dd8072461}</SdkMessageProcessingStepImageId>
          <Attributes>mcs_name,mcs_type</Attributes>
          <EntityAlias>pre</EntityAlias>
          <ImageType>0</ImageType>
          <MessagePropertyName>Target</MessagePropertyName>
          <IsCustomizable>1</IsCustomizable>
        </SdkMessageProcessingStepImage>
      </SdkMessageProcessingStepImages>
    </SdkMessageProcessingStep>
    <SdkMessageProcessingStep Name="Cerner.TMP.Plugin.ServiceAppointmentPreCreate: Create of serviceappointment" SdkMessageProcessingStepId="{51ae5b01-edb9-ed11-83fe-001dd8072448}">
      <SdkMessageId>9ebdbb1b-ea3e-db11-86a7-000a3a5473e8</SdkMessageId>
      <PluginTypeName>Cerner.TMP.Plugin.ServiceAppointmentPreCreate, Cerner.TMP.Plugin, Version=1.0.0.0, Culture=neutral, PublicKeyToken=bc31f4cf092bf481</PluginTypeName>
      <PluginTypeId>2e306979-d282-42ac-ab78-be4d88ec7525</PluginTypeId>
      <PrimaryEntity>serviceappointment</PrimaryEntity>
      <AsyncAutoDelete>0</AsyncAutoDelete>
      <FilteringAttributes></FilteringAttributes>
      <InvocationSource>1</InvocationSource>
      <Mode>0</Mode>
      <Rank>1</Rank>
      <EventHandlerTypeCode>4602</EventHandlerTypeCode>
      <Stage>20</Stage>
      <IsCustomizable>1</IsCustomizable>
      <IsHidden>0</IsHidden>
      <SupportedDeployment>0</SupportedDeployment>
      <IntroducedVersion>1.0</IntroducedVersion>
      <SdkMessageProcessingStepImages />
    </SdkMessageProcessingStep>
    <SdkMessageProcessingStep Name="Cerner.TMP.Plugin.TMPResourcePostCreate: Create of mcs_resource" SdkMessageProcessingStepId="{b1cafb6c-03b2-ed11-83fe-001dd807086d}">
      <SdkMessageId>9ebdbb1b-ea3e-db11-86a7-000a3a5473e8</SdkMessageId>
      <PluginTypeName>Cerner.TMP.Plugin.TMPResourcePostCreate, Cerner.TMP.Plugin, Version=1.0.0.0, Culture=neutral, PublicKeyToken=bc31f4cf092bf481</PluginTypeName>
      <PluginTypeId>0b13ee73-bc32-46e6-ad38-77b29e73607f</PluginTypeId>
      <PrimaryEntity>mcs_resource</PrimaryEntity>
      <AsyncAutoDelete>1</AsyncAutoDelete>
      <FilteringAttributes></FilteringAttributes>
      <InvocationSource>1</InvocationSource>
      <Mode>1</Mode>
      <Rank>1</Rank>
      <EventHandlerTypeCode>4602</EventHandlerTypeCode>
      <Stage>40</Stage>
      <IsCustomizable>1</IsCustomizable>
      <IsHidden>0</IsHidden>
      <SupportedDeployment>0</SupportedDeployment>
      <IntroducedVersion>1.0</IntroducedVersion>
      <SdkMessageProcessingStepImages />
    </SdkMessageProcessingStep>
    <SdkMessageProcessingStep Name="Cerner.TMP.Plugin.TMPResourcePostUpdate: Update of mcs_resource" SdkMessageProcessingStepId="{549ace7f-03b2-ed11-83fe-001dd807086d}">
      <SdkMessageId>20bebb1b-ea3e-db11-86a7-000a3a5473e8</SdkMessageId>
      <PluginTypeName>Cerner.TMP.Plugin.TMPResourcePostUpdate, Cerner.TMP.Plugin, Version=1.0.0.0, Culture=neutral, PublicKeyToken=bc31f4cf092bf481</PluginTypeName>
      <PluginTypeId>6a91a24a-7177-4ebb-be6c-a9cb6ba5e526</PluginTypeId>
      <PrimaryEntity>mcs_resource</PrimaryEntity>
      <AsyncAutoDelete>1</AsyncAutoDelete>
      <FilteringAttributes>mcs_cerneruniqueid</FilteringAttributes>
      <InvocationSource>1</InvocationSource>
      <Mode>1</Mode>
      <Rank>1</Rank>
      <EventHandlerTypeCode>4602</EventHandlerTypeCode>
      <Stage>40</Stage>
      <IsCustomizable>1</IsCustomizable>
      <IsHidden>0</IsHidden>
      <SupportedDeployment>0</SupportedDeployment>
      <IntroducedVersion>1.0</IntroducedVersion>
      <SdkMessageProcessingStepImages />
    </SdkMessageProcessingStep>
  </SdkMessageProcessingSteps>
  <EntityDataProviders />
  <Languages>
    <Language>1033</Language>
  </Languages>
</ImportExportXml>