<ImportExportXml version="9.2.22123.206" SolutionPackageVersion="9.2" languagecode="1033" generatedBy="CrmLive" xmlns:xsi="http://www.w3.org/2001/XMLSchema-instance">
  <SolutionManifest>
    <UniqueName>TMPRelease5001</UniqueName>
    <LocalizedNames>
      <LocalizedName description="TMP Release 5.0.0.1" languagecode="1033" />
    </LocalizedNames>
    <Descriptions />
    <Version>5.0.0.1</Version>
    <Managed>0</Managed>
    <Publisher>
      <UniqueName>mcs</UniqueName>
      <LocalizedNames>
        <LocalizedName description="MCS" languagecode="1033" />
      </LocalizedNames>
      <Descriptions />
      <EMailAddress xsi:nil="true"></EMailAddress>
      <SupportingWebsiteUrl xsi:nil="true"></SupportingWebsiteUrl>
      <CustomizationPrefix>mcs</CustomizationPrefix>
      <CustomizationOptionValuePrefix>80375</CustomizationOptionValuePrefix>
      <Addresses>
        <Address>
          <AddressNumber>1</AddressNumber>
          <AddressTypeCode>1</AddressTypeCode>
          <City xsi:nil="true"></City>
          <County xsi:nil="true"></County>
          <Country xsi:nil="true"></Country>
          <Fax xsi:nil="true"></Fax>
          <FreightTermsCode xsi:nil="true"></FreightTermsCode>
          <ImportSequenceNumber xsi:nil="true"></ImportSequenceNumber>
          <Latitude xsi:nil="true"></Latitude>
          <Line1 xsi:nil="true"></Line1>
          <Line2 xsi:nil="true"></Line2>
          <Line3 xsi:nil="true"></Line3>
          <Longitude xsi:nil="true"></Longitude>
          <Name xsi:nil="true"></Name>
          <PostalCode xsi:nil="true"></PostalCode>
          <PostOfficeBox xsi:nil="true"></PostOfficeBox>
          <PrimaryContactName xsi:nil="true"></PrimaryContactName>
          <ShippingMethodCode>1</ShippingMethodCode>
          <StateOrProvince xsi:nil="true"></StateOrProvince>
          <Telephone1 xsi:nil="true"></Telephone1>
          <Telephone2 xsi:nil="true"></Telephone2>
          <Telephone3 xsi:nil="true"></Telephone3>
          <TimeZoneRuleVersionNumber xsi:nil="true"></TimeZoneRuleVersionNumber>
          <UPSZone xsi:nil="true"></UPSZone>
          <UTCOffset xsi:nil="true"></UTCOffset>
          <UTCConversionTimeZoneCode xsi:nil="true"></UTCConversionTimeZoneCode>
        </Address>
        <Address>
          <AddressNumber>2</AddressNumber>
          <AddressTypeCode>1</AddressTypeCode>
          <City xsi:nil="true"></City>
          <County xsi:nil="true"></County>
          <Country xsi:nil="true"></Country>
          <Fax xsi:nil="true"></Fax>
          <FreightTermsCode xsi:nil="true"></FreightTermsCode>
          <ImportSequenceNumber xsi:nil="true"></ImportSequenceNumber>
          <Latitude xsi:nil="true"></Latitude>
          <Line1 xsi:nil="true"></Line1>
          <Line2 xsi:nil="true"></Line2>
          <Line3 xsi:nil="true"></Line3>
          <Longitude xsi:nil="true"></Longitude>
          <Name xsi:nil="true"></Name>
          <PostalCode xsi:nil="true"></PostalCode>
          <PostOfficeBox xsi:nil="true"></PostOfficeBox>
          <PrimaryContactName xsi:nil="true"></PrimaryContactName>
          <ShippingMethodCode>1</ShippingMethodCode>
          <StateOrProvince xsi:nil="true"></StateOrProvince>
          <Telephone1 xsi:nil="true"></Telephone1>
          <Telephone2 xsi:nil="true"></Telephone2>
          <Telephone3 xsi:nil="true"></Telephone3>
          <TimeZoneRuleVersionNumber xsi:nil="true"></TimeZoneRuleVersionNumber>
          <UPSZone xsi:nil="true"></UPSZone>
          <UTCOffset xsi:nil="true"></UTCOffset>
          <UTCConversionTimeZoneCode xsi:nil="true"></UTCConversionTimeZoneCode>
        </Address>
      </Addresses>
    </Publisher>
    <RootComponents>
      <RootComponent type="1" schemaName="mcs_integrationresult" behavior="1" />
      <RootComponent type="1" schemaName="mcs_jobcontrol" behavior="1" />
      <RootComponent type="1" schemaName="mcs_missingresource" behavior="1" />
      <RootComponent type="1" schemaName="mcs_reserveresourcemissingresource" behavior="1" />
      <RootComponent type="1" schemaName="mcs_resourceconflict" behavior="1" />
      <RootComponent type="91" id="{85b9195f-bb97-48fd-bbf8-9d39fb416e21}" schemaName="Cerner.TMP.Plugin, Version=1.0.0.0, Culture=neutral, PublicKeyToken=bc31f4cf092bf481" behavior="0" />
      <RootComponent type="91" id="{69719429-31ad-4864-8a1f-c6597679e24b}" schemaName="VA.TMP.Integration.Plugins, Version=1.0.0.0, Culture=neutral, PublicKeyToken=f9ed7db8a23d3ea1" behavior="0" />
      <RootComponent type="92" id="{2a9f0c75-fcb9-ed11-83fe-001dd8072448}" behavior="0" />
      <RootComponent type="92" id="{3802e4de-c091-ed11-aad1-001dd807086d}" behavior="0" />
      <RootComponent type="92" id="{4954cc7e-8ab7-ed11-83fe-001dd8072455}" behavior="0" />
      <RootComponent type="92" id="{51ae5b01-edb9-ed11-83fe-001dd8072448}" behavior="0" />
      <RootComponent type="92" id="{549ace7f-03b2-ed11-83fe-001dd807086d}" behavior="0" />
      <RootComponent type="92" id="{b1cafb6c-03b2-ed11-83fe-001dd807086d}" behavior="0" />
    </RootComponents>
    <MissingDependencies>
      <MissingDependency>
        <Required type="1" schemaName="mcs_integrationresult" displayName="Integration Result" solution="Active" />
        <Dependent type="1" schemaName="mcs_integrationresult" displayName="Integration Result" />
      </MissingDependency>
      <MissingDependency>
        <Required type="1" schemaName="mcs_jobcontrol" displayName="Job Control" solution="Active" />
        <Dependent type="1" schemaName="mcs_jobcontrol" displayName="Job Control" />
      </MissingDependency>
      <MissingDependency>
        <Required type="1" schemaName="mcs_missingresource" displayName="Missing Resource" solution="Active" />
        <Dependent type="1" schemaName="mcs_missingresource" displayName="Missing Resource" />
      </MissingDependency>
      <MissingDependency>
        <Required type="1" schemaName="mcs_reserveresourcemissingresource" displayName="Reserve Resource/Missing Resource" solution="Active" />
        <Dependent type="1" schemaName="mcs_reserveresourcemissingresource" displayName="Reserve Resource/Missing Resource" />
      </MissingDependency>
      <MissingDependency>
        <Required type="1" schemaName="mcs_resource" displayName="TMP Resource" solution="Active" />
        <Dependent type="92" id="{549ace7f-03b2-ed11-83fe-001dd807086d}" />
      </MissingDependency>
      <MissingDependency>
        <Required type="1" schemaName="mcs_resource" displayName="TMP Resource" solution="Active" />
        <Dependent type="92" id="{b1cafb6c-03b2-ed11-83fe-001dd807086d}" />
      </MissingDependency>
      <MissingDependency>
        <Required type="1" schemaName="mcs_resourceconflict" displayName="Resource Conflict" solution="Active" />
        <Dependent type="1" schemaName="mcs_resourceconflict" displayName="Resource Conflict" />
      </MissingDependency>
      <MissingDependency>
        <Required type="1" schemaName="serviceappointment" displayName="Appointment" solution="msdynce_Service (9.0.5.56)">
          <package>msdynce_ServiceAnchor (9.0.22123.1015)</package>
        </Required>
        <Dependent type="92" id="{51ae5b01-edb9-ed11-83fe-001dd8072448}" />
      </MissingDependency>
      <MissingDependency>
        <Required type="10" schemaName="mcs_contact_mcs_missingresource_Patient" displayName="mcs_contact_mcs_missingresource_Patient" parentSchemaName="mcs_missingresource" parentDisplayName="Missing Resource" solution="Active" />
        <Dependent type="60" displayName="Information" parentDisplayName="Missing Resource" id="{c4885837-51d6-4a4f-b449-01c9a25f0bde}" />
      </MissingDependency>
      <MissingDependency>
        <Required type="10" schemaName="mcs_mcs_resource_mcs_missingresource_TMPReslource" displayName="mcs_mcs_resource_mcs_missingresource_TMPReslource" parentSchemaName="mcs_missingresource" parentDisplayName="Missing Resource" solution="Active" />
        <Dependent type="60" displayName="Information" parentDisplayName="Missing Resource" id="{c4885837-51d6-4a4f-b449-01c9a25f0bde}" />
      </MissingDependency>
      <MissingDependency>
        <Required type="10" schemaName="mcs_mcs_site_mcs_missingresource_TMPSite" displayName="mcs_mcs_site_mcs_missingresource_TMPSite" parentSchemaName="mcs_missingresource" parentDisplayName="Missing Resource" solution="Active" />
        <Dependent type="60" displayName="Information" parentDisplayName="Missing Resource" id="{c4885837-51d6-4a4f-b449-01c9a25f0bde}" />
      </MissingDependency>
      <MissingDependency>
        <Required type="10" schemaName="mcs_systemuser_mcs_missingresource_User" displayName="mcs_systemuser_mcs_missingresource_User" parentSchemaName="mcs_missingresource" parentDisplayName="Missing Resource" solution="Active" />
        <Dependent type="60" displayName="Information" parentDisplayName="Missing Resource" id="{c4885837-51d6-4a4f-b449-01c9a25f0bde}" />
      </MissingDependency>
      <MissingDependency>
        <Required type="10" schemaName="mcs_mcs_missingresource_mcs_reserveresourcemissingresource_MissingResource" displayName="mcs_mcs_missingresource_mcs_reserveresourcemissingresource_MissingResource" parentSchemaName="mcs_reserveresourcemissingresource" parentDisplayName="Reserve Resource/Missing Resource" solution="Active" />
        <Dependent type="60" displayName="Information" parentDisplayName="Missing Resource" id="{c4885837-51d6-4a4f-b449-01c9a25f0bde}" />
      </MissingDependency>
      <MissingDependency>
        <Required type="2" schemaName="cvt_serviceactivityid" displayName="Appointment" parentSchemaName="appointment" parentDisplayName="Reserve Resource" solution="Active" />
        <Dependent type="93" id="{3b32fd80-fcb9-ed11-83fe-001dd8072448}" />
      </MissingDependency>
      <MissingDependency>
        <Required type="2" schemaName="createdon" displayName="Created On" parentSchemaName="mcs_missingresource" parentDisplayName="Missing Resource" solution="Active" />
        <Dependent type="26" schemaName="Active Missing Resources" displayName="Active Missing Resources" parentSchemaName="mcs_missingresource" parentDisplayName="Missing Resource" id="{0b601e47-fd94-484b-b0a3-bf845419dd56}" />
      </MissingDependency>
      <MissingDependency>
        <Required type="2" schemaName="createdon" displayName="Created On" parentSchemaName="mcs_missingresource" parentDisplayName="Missing Resource" solution="Active" />
        <Dependent type="26" schemaName="Adjudicated Missing Resources" displayName="Adjudicated Missing Resources" parentSchemaName="mcs_missingresource" parentDisplayName="Missing Resource" id="{e8204c42-1e01-4f24-9187-e206be7c529f}" />
      </MissingDependency>
      <MissingDependency>
        <Required type="2" schemaName="mcs_email" displayName="Email" parentSchemaName="mcs_missingresource" parentDisplayName="Missing Resource" solution="Active" />
        <Dependent type="26" schemaName="Active Missing Resources" displayName="Active Missing Resources" parentSchemaName="mcs_missingresource" parentDisplayName="Missing Resource" id="{0b601e47-fd94-484b-b0a3-bf845419dd56}" />
      </MissingDependency>
      <MissingDependency>
        <Required type="2" schemaName="mcs_missingresourceid" displayName="Missing Resource" parentSchemaName="mcs_missingresource" parentDisplayName="Missing Resource" solution="Active" />
        <Dependent type="26" schemaName="Active Missing Resources" displayName="Active Missing Resources" parentSchemaName="mcs_missingresource" parentDisplayName="Missing Resource" id="{0b601e47-fd94-484b-b0a3-bf845419dd56}" />
      </MissingDependency>
      <MissingDependency>
        <Required type="2" schemaName="mcs_missingresourceid" displayName="Missing Resource" parentSchemaName="mcs_missingresource" parentDisplayName="Missing Resource" solution="Active" />
        <Dependent type="26" schemaName="Adjudicated Missing Resources" displayName="Adjudicated Missing Resources" parentSchemaName="mcs_missingresource" parentDisplayName="Missing Resource" id="{e8204c42-1e01-4f24-9187-e206be7c529f}" />
      </MissingDependency>
      <MissingDependency>
        <Required type="2" schemaName="mcs_name" displayName="Name" parentSchemaName="mcs_missingresource" parentDisplayName="Missing Resource" solution="Active" />
        <Dependent type="26" schemaName="Active Missing Resources" displayName="Active Missing Resources" parentSchemaName="mcs_missingresource" parentDisplayName="Missing Resource" id="{0b601e47-fd94-484b-b0a3-bf845419dd56}" />
      </MissingDependency>
      <MissingDependency>
        <Required type="2" schemaName="mcs_name" displayName="Name" parentSchemaName="mcs_missingresource" parentDisplayName="Missing Resource" solution="Active" />
        <Dependent type="26" schemaName="Adjudicated Missing Resources" displayName="Adjudicated Missing Resources" parentSchemaName="mcs_missingresource" parentDisplayName="Missing Resource" id="{e8204c42-1e01-4f24-9187-e206be7c529f}" />
      </MissingDependency>
      <MissingDependency>
        <Required type="2" schemaName="mcs_name" displayName="Name" parentSchemaName="mcs_missingresource" parentDisplayName="Missing Resource" solution="Active" />
        <Dependent type="60" displayName="Information" parentDisplayName="Missing Resource" id="{c4885837-51d6-4a4f-b449-01c9a25f0bde}" />
      </MissingDependency>
      <MissingDependency>
        <Required type="2" schemaName="mcs_name" displayName="Name" parentSchemaName="mcs_missingresource" parentDisplayName="Missing Resource" solution="Active" />
        <Dependent type="93" id="{367aad1c-68b7-ed11-83fe-001dd8072461}" />
      </MissingDependency>
      <MissingDependency>
        <Required type="2" schemaName="mcs_name" displayName="Name" parentSchemaName="mcs_missingresource" parentDisplayName="Missing Resource" solution="Active" />
        <Dependent type="93" id="{d022f68a-8ab7-ed11-83fe-001dd8072455}" />
      </MissingDependency>
      <MissingDependency>
        <Required type="2" schemaName="mcs_patient" displayName="Patient" parentSchemaName="mcs_missingresource" parentDisplayName="Missing Resource" solution="Active" />
        <Dependent type="26" schemaName="Adjudicated Missing Resources" displayName="Adjudicated Missing Resources" parentSchemaName="mcs_missingresource" parentDisplayName="Missing Resource" id="{e8204c42-1e01-4f24-9187-e206be7c529f}" />
      </MissingDependency>
      <MissingDependency>
        <Required type="2" schemaName="mcs_patient" displayName="Patient" parentSchemaName="mcs_missingresource" parentDisplayName="Missing Resource" solution="Active" />
        <Dependent type="60" displayName="Information" parentDisplayName="Missing Resource" id="{c4885837-51d6-4a4f-b449-01c9a25f0bde}" />
      </MissingDependency>
      <MissingDependency>
        <Required type="2" schemaName="mcs_patient" displayName="Patient" parentSchemaName="mcs_missingresource" parentDisplayName="Missing Resource" solution="Active" />
        <Dependent type="92" id="{3802e4de-c091-ed11-aad1-001dd807086d}" />
      </MissingDependency>
      <MissingDependency>
        <Required type="2" schemaName="mcs_tmpreslource" displayName="TMP Resource" parentSchemaName="mcs_missingresource" parentDisplayName="Missing Resource" solution="Active" />
        <Dependent type="26" schemaName="Adjudicated Missing Resources" displayName="Adjudicated Missing Resources" parentSchemaName="mcs_missingresource" parentDisplayName="Missing Resource" id="{e8204c42-1e01-4f24-9187-e206be7c529f}" />
      </MissingDependency>
      <MissingDependency>
        <Required type="2" schemaName="mcs_tmpreslource" displayName="TMP Resource" parentSchemaName="mcs_missingresource" parentDisplayName="Missing Resource" solution="Active" />
        <Dependent type="60" displayName="Information" parentDisplayName="Missing Resource" id="{c4885837-51d6-4a4f-b449-01c9a25f0bde}" />
      </MissingDependency>
      <MissingDependency>
        <Required type="2" schemaName="mcs_tmpreslource" displayName="TMP Resource" parentSchemaName="mcs_missingresource" parentDisplayName="Missing Resource" solution="Active" />
        <Dependent type="92" id="{3802e4de-c091-ed11-aad1-001dd807086d}" />
      </MissingDependency>
      <MissingDependency>
        <Required type="2" schemaName="mcs_tmpsite" displayName="TMP Site" parentSchemaName="mcs_missingresource" parentDisplayName="Missing Resource" solution="Active" />
        <Dependent type="26" schemaName="Active Missing Resources" displayName="Active Missing Resources" parentSchemaName="mcs_missingresource" parentDisplayName="Missing Resource" id="{0b601e47-fd94-484b-b0a3-bf845419dd56}" />
      </MissingDependency>
      <MissingDependency>
        <Required type="2" schemaName="mcs_tmpsite" displayName="TMP Site" parentSchemaName="mcs_missingresource" parentDisplayName="Missing Resource" solution="Active" />
        <Dependent type="26" schemaName="Adjudicated Missing Resources" displayName="Adjudicated Missing Resources" parentSchemaName="mcs_missingresource" parentDisplayName="Missing Resource" id="{e8204c42-1e01-4f24-9187-e206be7c529f}" />
      </MissingDependency>
      <MissingDependency>
        <Required type="2" schemaName="mcs_tmpsite" displayName="TMP Site" parentSchemaName="mcs_missingresource" parentDisplayName="Missing Resource" solution="Active" />
        <Dependent type="60" displayName="Information" parentDisplayName="Missing Resource" id="{c4885837-51d6-4a4f-b449-01c9a25f0bde}" />
      </MissingDependency>
      <MissingDependency>
        <Required type="2" schemaName="mcs_type" displayName="Type" parentSchemaName="mcs_missingresource" parentDisplayName="Missing Resource" solution="Active" />
        <Dependent type="26" schemaName="Active Missing Resources" displayName="Active Missing Resources" parentSchemaName="mcs_missingresource" parentDisplayName="Missing Resource" id="{0b601e47-fd94-484b-b0a3-bf845419dd56}" />
      </MissingDependency>
      <MissingDependency>
        <Required type="2" schemaName="mcs_type" displayName="Type" parentSchemaName="mcs_missingresource" parentDisplayName="Missing Resource" solution="Active" />
        <Dependent type="26" schemaName="Adjudicated Missing Resources" displayName="Adjudicated Missing Resources" parentSchemaName="mcs_missingresource" parentDisplayName="Missing Resource" id="{e8204c42-1e01-4f24-9187-e206be7c529f}" />
      </MissingDependency>
      <MissingDependency>
        <Required type="2" schemaName="mcs_type" displayName="Type" parentSchemaName="mcs_missingresource" parentDisplayName="Missing Resource" solution="Active" />
        <Dependent type="60" displayName="Information" parentDisplayName="Missing Resource" id="{c4885837-51d6-4a4f-b449-01c9a25f0bde}" />
      </MissingDependency>
      <MissingDependency>
        <Required type="2" schemaName="mcs_type" displayName="Type" parentSchemaName="mcs_missingresource" parentDisplayName="Missing Resource" solution="Active" />
        <Dependent type="93" id="{367aad1c-68b7-ed11-83fe-001dd8072461}" />
      </MissingDependency>
      <MissingDependency>
        <Required type="2" schemaName="mcs_type" displayName="Type" parentSchemaName="mcs_missingresource" parentDisplayName="Missing Resource" solution="Active" />
        <Dependent type="93" id="{d022f68a-8ab7-ed11-83fe-001dd8072455}" />
      </MissingDependency>
      <MissingDependency>
        <Required type="2" schemaName="mcs_user" displayName="Provider" parentSchemaName="mcs_missingresource" parentDisplayName="Missing Resource" solution="Active" />
        <Dependent type="26" schemaName="Adjudicated Missing Resources" displayName="Adjudicated Missing Resources" parentSchemaName="mcs_missingresource" parentDisplayName="Missing Resource" id="{e8204c42-1e01-4f24-9187-e206be7c529f}" />
      </MissingDependency>
      <MissingDependency>
        <Required type="2" schemaName="mcs_user" displayName="Provider" parentSchemaName="mcs_missingresource" parentDisplayName="Missing Resource" solution="Active" />
        <Dependent type="60" displayName="Information" parentDisplayName="Missing Resource" id="{c4885837-51d6-4a4f-b449-01c9a25f0bde}" />
      </MissingDependency>
      <MissingDependency>
        <Required type="2" schemaName="mcs_user" displayName="Provider" parentSchemaName="mcs_missingresource" parentDisplayName="Missing Resource" solution="Active" />
        <Dependent type="92" id="{3802e4de-c091-ed11-aad1-001dd807086d}" />
      </MissingDependency>
      <MissingDependency>
        <Required type="2" schemaName="ownerid" displayName="Owner" parentSchemaName="mcs_missingresource" parentDisplayName="Missing Resource" solution="Active" />
        <Dependent type="60" displayName="Information" parentDisplayName="Missing Resource" id="{c4885837-51d6-4a4f-b449-01c9a25f0bde}" />
      </MissingDependency>
      <MissingDependency>
        <Required type="2" schemaName="statecode" displayName="Status" parentSchemaName="mcs_missingresource" parentDisplayName="Missing Resource" solution="Active" />
        <Dependent type="26" schemaName="Active Missing Resources" displayName="Active Missing Resources" parentSchemaName="mcs_missingresource" parentDisplayName="Missing Resource" id="{0b601e47-fd94-484b-b0a3-bf845419dd56}" />
      </MissingDependency>
      <MissingDependency>
        <Required type="2" schemaName="statecode" displayName="Status" parentSchemaName="mcs_missingresource" parentDisplayName="Missing Resource" solution="Active" />
        <Dependent type="26" schemaName="Adjudicated Missing Resources" displayName="Adjudicated Missing Resources" parentSchemaName="mcs_missingresource" parentDisplayName="Missing Resource" id="{e8204c42-1e01-4f24-9187-e206be7c529f}" />
      </MissingDependency>
      <MissingDependency>
        <Required type="2" schemaName="createdon" displayName="Created On" parentSchemaName="mcs_reserveresourcemissingresource" parentDisplayName="Reserve Resource/Missing Resource" solution="Active" />
        <Dependent type="26" schemaName="Adjudicated Reserve Resource/Missing Resources" displayName="Adjudicated Reserve Resource/Missing Resources" parentSchemaName="mcs_reserveresourcemissingresource" parentDisplayName="Reserve Resource/Missing Resource" id="{116dea05-5687-4822-8649-29154df58506}" />
      </MissingDependency>
      <MissingDependency>
        <Required type="2" schemaName="mcs_missingresource" displayName="Missing Resource" parentSchemaName="mcs_reserveresourcemissingresource" parentDisplayName="Reserve Resource/Missing Resource" solution="Active" />
        <Dependent type="26" schemaName="Adjudicated Reserve Resource/Missing Resources" displayName="Adjudicated Reserve Resource/Missing Resources" parentSchemaName="mcs_reserveresourcemissingresource" parentDisplayName="Reserve Resource/Missing Resource" id="{116dea05-5687-4822-8649-29154df58506}" />
      </MissingDependency>
      <MissingDependency>
        <Required type="2" schemaName="mcs_reserveresource" displayName="Reserve Resource" parentSchemaName="mcs_reserveresourcemissingresource" parentDisplayName="Reserve Resource/Missing Resource" solution="Active" />
        <Dependent type="26" schemaName="Adjudicated Reserve Resource/Missing Resources" displayName="Adjudicated Reserve Resource/Missing Resources" parentSchemaName="mcs_reserveresourcemissingresource" parentDisplayName="Reserve Resource/Missing Resource" id="{116dea05-5687-4822-8649-29154df58506}" />
      </MissingDependency>
      <MissingDependency>
        <Required type="2" schemaName="mcs_reserveresourcemissingresourceid" displayName="Reserve Rource/Missing Resource" parentSchemaName="mcs_reserveresourcemissingresource" parentDisplayName="Reserve Resource/Missing Resource" solution="Active" />
        <Dependent type="26" schemaName="Adjudicated Reserve Resource/Missing Resources" displayName="Adjudicated Reserve Resource/Missing Resources" parentSchemaName="mcs_reserveresourcemissingresource" parentDisplayName="Reserve Resource/Missing Resource" id="{116dea05-5687-4822-8649-29154df58506}" />
      </MissingDependency>
      <MissingDependency>
        <Required type="2" schemaName="statecode" displayName="Status" parentSchemaName="mcs_reserveresourcemissingresource" parentDisplayName="Reserve Resource/Missing Resource" solution="Active" />
        <Dependent type="26" schemaName="Adjudicated Reserve Resource/Missing Resources" displayName="Adjudicated Reserve Resource/Missing Resources" parentSchemaName="mcs_reserveresourcemissingresource" parentDisplayName="Reserve Resource/Missing Resource" id="{116dea05-5687-4822-8649-29154df58506}" />
      </MissingDependency>
      <MissingDependency>
        <Required type="2" schemaName="mcs_cerneruniqueid" displayName="Cerner Unique ID" parentSchemaName="mcs_resource" parentDisplayName="TMP Resource" solution="Active" />
        <Dependent type="92" id="{549ace7f-03b2-ed11-83fe-001dd807086d}" />
      </MissingDependency>
      <MissingDependency>
        <Required type="2" schemaName="createdon" displayName="Created On" parentSchemaName="mcs_resourceconflict" parentDisplayName="Resource Conflict" solution="Active" />
        <Dependent type="26" schemaName="Active Resource Conflicts" displayName="Active Resource Conflicts" parentSchemaName="mcs_resourceconflict" parentDisplayName="Resource Conflict" id="{bc1d165e-2dc6-4a79-a208-43f3e1bcedd9}" />
      </MissingDependency>
      <MissingDependency>
        <Required type="2" schemaName="mcs_name" displayName="Name" parentSchemaName="mcs_resourceconflict" parentDisplayName="Resource Conflict" solution="Active" />
        <Dependent type="26" schemaName="Active Resource Conflicts" displayName="Active Resource Conflicts" parentSchemaName="mcs_resourceconflict" parentDisplayName="Resource Conflict" id="{bc1d165e-2dc6-4a79-a208-43f3e1bcedd9}" />
      </MissingDependency>
      <MissingDependency>
        <Required type="2" schemaName="mcs_reasonforconflict" displayName="Reason for Conflict" parentSchemaName="mcs_resourceconflict" parentDisplayName="Resource Conflict" solution="Active" />
        <Dependent type="26" schemaName="Active Resource Conflicts" displayName="Active Resource Conflicts" parentSchemaName="mcs_resourceconflict" parentDisplayName="Resource Conflict" id="{bc1d165e-2dc6-4a79-a208-43f3e1bcedd9}" />
      </MissingDependency>
      <MissingDependency>
        <Required type="2" schemaName="mcs_resourceconflictid" displayName="Resource Conflict" parentSchemaName="mcs_resourceconflict" parentDisplayName="Resource Conflict" solution="Active" />
        <Dependent type="26" schemaName="Active Resource Conflicts" displayName="Active Resource Conflicts" parentSchemaName="mcs_resourceconflict" parentDisplayName="Resource Conflict" id="{bc1d165e-2dc6-4a79-a208-43f3e1bcedd9}" />
      </MissingDependency>
      <MissingDependency>
        <Required type="2" schemaName="mcs_scheduledend" displayName="Scheduled End" parentSchemaName="mcs_resourceconflict" parentDisplayName="Resource Conflict" solution="Active" />
        <Dependent type="26" schemaName="Active Resource Conflicts" displayName="Active Resource Conflicts" parentSchemaName="mcs_resourceconflict" parentDisplayName="Resource Conflict" id="{bc1d165e-2dc6-4a79-a208-43f3e1bcedd9}" />
      </MissingDependency>
      <MissingDependency>
        <Required type="2" schemaName="mcs_scheduledstart" displayName="Scheduled Start" parentSchemaName="mcs_resourceconflict" parentDisplayName="Resource Conflict" solution="Active" />
        <Dependent type="26" schemaName="Active Resource Conflicts" displayName="Active Resource Conflicts" parentSchemaName="mcs_resourceconflict" parentDisplayName="Resource Conflict" id="{bc1d165e-2dc6-4a79-a208-43f3e1bcedd9}" />
      </MissingDependency>
      <MissingDependency>
        <Required type="2" schemaName="mcs_totalappointments" displayName="Total Appointments" parentSchemaName="mcs_resourceconflict" parentDisplayName="Resource Conflict" solution="Active" />
        <Dependent type="26" schemaName="Active Resource Conflicts" displayName="Active Resource Conflicts" parentSchemaName="mcs_resourceconflict" parentDisplayName="Resource Conflict" id="{bc1d165e-2dc6-4a79-a208-43f3e1bcedd9}" />
      </MissingDependency>
      <MissingDependency>
        <Required type="2" schemaName="mcs_totalcount" displayName="Total Count" parentSchemaName="mcs_resourceconflict" parentDisplayName="Resource Conflict" solution="Active" />
        <Dependent type="26" schemaName="Active Resource Conflicts" displayName="Active Resource Conflicts" parentSchemaName="mcs_resourceconflict" parentDisplayName="Resource Conflict" id="{bc1d165e-2dc6-4a79-a208-43f3e1bcedd9}" />
      </MissingDependency>
      <MissingDependency>
        <Required type="2" schemaName="mcs_totalreserveresources" displayName="Total Reserve Resources" parentSchemaName="mcs_resourceconflict" parentDisplayName="Resource Conflict" solution="Active" />
        <Dependent type="26" schemaName="Active Resource Conflicts" displayName="Active Resource Conflicts" parentSchemaName="mcs_resourceconflict" parentDisplayName="Resource Conflict" id="{bc1d165e-2dc6-4a79-a208-43f3e1bcedd9}" />
      </MissingDependency>
      <MissingDependency>
        <Required type="2" schemaName="mcs_totalschedulingpackages" displayName="Total Scheduling Packages" parentSchemaName="mcs_resourceconflict" parentDisplayName="Resource Conflict" solution="Active" />
        <Dependent type="26" schemaName="Active Resource Conflicts" displayName="Active Resource Conflicts" parentSchemaName="mcs_resourceconflict" parentDisplayName="Resource Conflict" id="{bc1d165e-2dc6-4a79-a208-43f3e1bcedd9}" />
      </MissingDependency>
      <MissingDependency>
        <Required type="2" schemaName="statecode" displayName="Status" parentSchemaName="mcs_resourceconflict" parentDisplayName="Resource Conflict" solution="Active" />
        <Dependent type="26" schemaName="Active Resource Conflicts" displayName="Active Resource Conflicts" parentSchemaName="mcs_resourceconflict" parentDisplayName="Resource Conflict" id="{bc1d165e-2dc6-4a79-a208-43f3e1bcedd9}" />
      </MissingDependency>
      <MissingDependency>
        <Required type="26" schemaName="Active Reserve Resource/Missing Resources" displayName="Active Reserve Resource/Missing Resources" parentSchemaName="mcs_reserveresourcemissingresource" parentDisplayName="Reserve Resource/Missing Resource" solution="Active" id="{81c579f8-b080-4910-8e4a-4db03fbf519c}" />
        <Dependent type="60" displayName="Information" parentDisplayName="Missing Resource" id="{c4885837-51d6-4a4f-b449-01c9a25f0bde}" />
      </MissingDependency>
      <MissingDependency>
        <Required type="26" schemaName="TMP Site Lookup View" displayName="TMP Site Lookup View" parentSchemaName="mcs_site" parentDisplayName="TMP Site" solution="Active" id="{8fc5cd0c-1ab8-444c-9eb5-7fe090c0dae3}" />
        <Dependent type="60" displayName="Information" parentDisplayName="Missing Resource" id="{c4885837-51d6-4a4f-b449-01c9a25f0bde}" />
      </MissingDependency>
      <MissingDependency>
        <Required type="26" schemaName="Resource Lookup View (My VISN)" displayName="Resource Lookup View (My VISN)" parentSchemaName="mcs_resource" parentDisplayName="TMP Resource" solution="Active" id="{ace71447-4a9e-40a7-aad6-9e4295c2a9ba}" />
        <Dependent type="60" displayName="Information" parentDisplayName="Missing Resource" id="{c4885837-51d6-4a4f-b449-01c9a25f0bde}" />
      </MissingDependency>
      <MissingDependency>
        <Required type="61" schemaName="cvt_network16" displayName="cvt_network16" solution="Active" />
        <Dependent type="1" schemaName="mcs_integrationresult" displayName="Integration Result" />
      </MissingDependency>
      <MissingDependency>
        <Required type="61" schemaName="cvt_network32" displayName="cvt_network32" solution="Active" />
        <Dependent type="1" schemaName="mcs_integrationresult" displayName="Integration Result" />
      </MissingDependency>
      <MissingDependency>
        <Required type="90" schemaName="VA.TMP.Integration.Plugins.ServiceAppointment.ServiceAppointmentCancelPostStage, VA.TMP.Integration.Plugins, Version=1.0.0.0, Culture=neutral, PublicKeyToken=f9ed7db8a23d3ea1" displayName="VA.TMP.Integration.Plugins.ServiceAppointment.ServiceAppointmentCancelPostStage" solution="cernerdevelopment (1.0.0.0)" id="{0fb74183-10a8-e611-9427-0050568dd506}" />
        <Dependent type="90" schemaName="VA.TMP.Integration.Plugins.ServiceAppointment.ServiceAppointmentCancelPostStage, VA.TMP.Integration.Plugins, Version=1.0.0.0, Culture=neutral, PublicKeyToken=f9ed7db8a23d3ea1" displayName="VA.TMP.Integration.Plugins.ServiceAppointment.ServiceAppointmentCancelPostStage" id="{0fb74183-10a8-e611-9427-0050568dd506}" />
      </MissingDependency>
      <MissingDependency>
        <Required type="90" schemaName="VA.TMP.Integration.Plugins.ServiceAppointment.ServiceAppointmentCreatePostStage, VA.TMP.Integration.Plugins, Version=1.0.0.0, Culture=neutral, PublicKeyToken=f9ed7db8a23d3ea1" displayName="VA.TMP.Integration.Plugins.ServiceAppointment.ServiceAppointmentCreatePostStage" solution="cernerdevelopment (1.0.0.0)" id="{10b74183-10a8-e611-9427-0050568dd506}" />
        <Dependent type="90" schemaName="VA.TMP.Integration.Plugins.ServiceAppointment.ServiceAppointmentCreatePostStage, VA.TMP.Integration.Plugins, Version=1.0.0.0, Culture=neutral, PublicKeyToken=f9ed7db8a23d3ea1" displayName="VA.TMP.Integration.Plugins.ServiceAppointment.ServiceAppointmentCreatePostStage" id="{10b74183-10a8-e611-9427-0050568dd506}" />
      </MissingDependency>
      <MissingDependency>
        <Required type="90" schemaName="VA.TMP.Integration.Plugins.VistaIntegrationResult.VistaIntegrationResultUpdatePostStage, VA.TMP.Integration.Plugins, Version=1.0.0.0, Culture=neutral, PublicKeyToken=f9ed7db8a23d3ea1" displayName="VA.TMP.Integration.Plugins.VistaIntegrationResult.VistaIntegrationResultUpdatePostStage" solution="cernerdevelopment (1.0.0.0)" id="{5b47aa52-7139-e711-946e-0050568dd32b}" />
        <Dependent type="90" schemaName="VA.TMP.Integration.Plugins.VistaIntegrationResult.VistaIntegrationResultUpdatePostStage, VA.TMP.Integration.Plugins, Version=1.0.0.0, Culture=neutral, PublicKeyToken=f9ed7db8a23d3ea1" displayName="VA.TMP.Integration.Plugins.VistaIntegrationResult.VistaIntegrationResultUpdatePostStage" id="{5b47aa52-7139-e711-946e-0050568dd32b}" />
      </MissingDependency>
      <MissingDependency>
        <Required type="90" schemaName="VA.TMP.Integration.Plugins.Appointment.AppointmentIntegrationOrchestratorUpdatePostStage, VA.TMP.Integration.Plugins, Version=1.0.0.0, Culture=neutral, PublicKeyToken=f9ed7db8a23d3ea1" displayName="VA.TMP.Integration.Plugins.Appointment.AppointmentIntegrationOrchestratorUpdatePostStage" solution="cernerdevelopment (1.0.0.0)" id="{65536fbe-52e0-e711-9482-0050568dd32b}" />
        <Dependent type="90" schemaName="VA.TMP.Integration.Plugins.Appointment.AppointmentIntegrationOrchestratorUpdatePostStage, VA.TMP.Integration.Plugins, Version=1.0.0.0, Culture=neutral, PublicKeyToken=f9ed7db8a23d3ea1" displayName="VA.TMP.Integration.Plugins.Appointment.AppointmentIntegrationOrchestratorUpdatePostStage" id="{65536fbe-52e0-e711-9482-0050568dd32b}" />
      </MissingDependency>
      <MissingDependency>
        <Required type="90" schemaName="VA.TMP.Integration.Plugins.Appointment.AppointmentUpdateVistaPostStage, VA.TMP.Integration.Plugins, Version=1.0.0.0, Culture=neutral, PublicKeyToken=f9ed7db8a23d3ea1" displayName="VA.TMP.Integration.Plugins.Appointment.AppointmentUpdateVistaPostStage" solution="cernerdevelopment (1.0.0.0)" id="{66536fbe-52e0-e711-9482-0050568dd32b}" />
        <Dependent type="90" schemaName="VA.TMP.Integration.Plugins.Appointment.AppointmentUpdateVistaPostStage, VA.TMP.Integration.Plugins, Version=1.0.0.0, Culture=neutral, PublicKeyToken=f9ed7db8a23d3ea1" displayName="VA.TMP.Integration.Plugins.Appointment.AppointmentUpdateVistaPostStage" id="{66536fbe-52e0-e711-9482-0050568dd32b}" />
      </MissingDependency>
      <MissingDependency>
        <Required type="90" schemaName="VA.TMP.Integration.Plugins.ServiceAppointment.ServiceAppointmentIntegrationOrchestratorPostStage, VA.TMP.Integration.Plugins, Version=1.0.0.0, Culture=neutral, PublicKeyToken=f9ed7db8a23d3ea1" displayName="VA.TMP.Integration.Plugins.ServiceAppointment.ServiceAppointmentIntegrationOrchestratorPostStage" solution="cernerdevelopment (1.0.0.0)" id="{67536fbe-52e0-e711-9482-0050568dd32b}" />
        <Dependent type="90" schemaName="VA.TMP.Integration.Plugins.ServiceAppointment.ServiceAppointmentIntegrationOrchestratorPostStage, VA.TMP.Integration.Plugins, Version=1.0.0.0, Culture=neutral, PublicKeyToken=f9ed7db8a23d3ea1" displayName="VA.TMP.Integration.Plugins.ServiceAppointment.ServiceAppointmentIntegrationOrchestratorPostStage" id="{67536fbe-52e0-e711-9482-0050568dd32b}" />
      </MissingDependency>
      <MissingDependency>
        <Required type="90" schemaName="VA.TMP.Integration.Plugins.ServiceAppointment.ServiceAppointmentVistaCancelPostStage, VA.TMP.Integration.Plugins, Version=1.0.0.0, Culture=neutral, PublicKeyToken=f9ed7db8a23d3ea1" displayName="VA.TMP.Integration.Plugins.ServiceAppointment.ServiceAppointmentVistaCancelPostStage" solution="cernerdevelopment (1.0.0.0)" id="{68536fbe-52e0-e711-9482-0050568dd32b}" />
        <Dependent type="90" schemaName="VA.TMP.Integration.Plugins.ServiceAppointment.ServiceAppointmentVistaCancelPostStage, VA.TMP.Integration.Plugins, Version=1.0.0.0, Culture=neutral, PublicKeyToken=f9ed7db8a23d3ea1" displayName="VA.TMP.Integration.Plugins.ServiceAppointment.ServiceAppointmentVistaCancelPostStage" id="{68536fbe-52e0-e711-9482-0050568dd32b}" />
      </MissingDependency>
      <MissingDependency>
        <Required type="90" schemaName="VA.TMP.Integration.Plugins.ServiceAppointment.ServiceAppointmentVistaUpdatePostStage, VA.TMP.Integration.Plugins, Version=1.0.0.0, Culture=neutral, PublicKeyToken=f9ed7db8a23d3ea1" displayName="VA.TMP.Integration.Plugins.ServiceAppointment.ServiceAppointmentVistaUpdatePostStage" solution="cernerdevelopment (1.0.0.0)" id="{69536fbe-52e0-e711-9482-0050568dd32b}" />
        <Dependent type="90" schemaName="VA.TMP.Integration.Plugins.ServiceAppointment.ServiceAppointmentVistaUpdatePostStage, VA.TMP.Integration.Plugins, Version=1.0.0.0, Culture=neutral, PublicKeyToken=f9ed7db8a23d3ea1" displayName="VA.TMP.Integration.Plugins.ServiceAppointment.ServiceAppointmentVistaUpdatePostStage" id="{69536fbe-52e0-e711-9482-0050568dd32b}" />
      </MissingDependency>
      <MissingDependency>
        <Required type="90" schemaName="VA.TMP.Integration.Plugins.CvtVod.CvtVodCreatePostStage, VA.TMP.Integration.Plugins, Version=1.0.0.0, Culture=neutral, PublicKeyToken=f9ed7db8a23d3ea1" displayName="VA.TMP.Integration.Plugins.CvtVod.CvtVodCreatePostStage" solution="cernerdevelopment (1.0.0.0)" id="{9657ead9-f046-e711-9487-0050568d63d9}" />
        <Dependent type="90" schemaName="VA.TMP.Integration.Plugins.CvtVod.CvtVodCreatePostStage, VA.TMP.Integration.Plugins, Version=1.0.0.0, Culture=neutral, PublicKeyToken=f9ed7db8a23d3ea1" displayName="VA.TMP.Integration.Plugins.CvtVod.CvtVodCreatePostStage" id="{9657ead9-f046-e711-9487-0050568d63d9}" />
      </MissingDependency>
      <MissingDependency>
        <Required type="90" schemaName="VA.TMP.Integration.Plugins.Appointment.AppointmentUpdateVVSPostStage, VA.TMP.Integration.Plugins, Version=1.0.0.0, Culture=neutral, PublicKeyToken=f9ed7db8a23d3ea1" displayName="VA.TMP.Integration.Plugins.Appointment.AppointmentUpdateVVSPostStage" solution="cernerdevelopment (1.0.0.0)" id="{b2732315-57f4-e611-9466-0050568dd32b}" />
        <Dependent type="90" schemaName="VA.TMP.Integration.Plugins.Appointment.AppointmentUpdateVVSPostStage, VA.TMP.Integration.Plugins, Version=1.0.0.0, Culture=neutral, PublicKeyToken=f9ed7db8a23d3ea1" displayName="VA.TMP.Integration.Plugins.Appointment.AppointmentUpdateVVSPostStage" id="{b2732315-57f4-e611-9466-0050568dd32b}" />
      </MissingDependency>
      <MissingDependency>
        <Required type="90" schemaName="VA.TMP.Integration.Plugins.CrmePerson.CrmePersonRetrieveMultiplePostStage, VA.TMP.Integration.Plugins, Version=1.0.0.0, Culture=neutral, PublicKeyToken=f9ed7db8a23d3ea1" displayName="VA.TMP.Integration.Plugins.CrmePerson.CrmePersonRetrieveMultiplePostStage" solution="cernerdevelopment (1.0.0.0)" id="{cd645a67-15a8-e611-9428-0050568df19d}" />
        <Dependent type="90" schemaName="VA.TMP.Integration.Plugins.CrmePerson.CrmePersonRetrieveMultiplePostStage, VA.TMP.Integration.Plugins, Version=1.0.0.0, Culture=neutral, PublicKeyToken=f9ed7db8a23d3ea1" displayName="VA.TMP.Integration.Plugins.CrmePerson.CrmePersonRetrieveMultiplePostStage" id="{cd645a67-15a8-e611-9428-0050568df19d}" />
      </MissingDependency>
      <MissingDependency>
        <Required type="90" schemaName="VA.TMP.Integration.Plugins.ServiceAppointment.ServiceAppointmentProxyAddUpdatePostStage, VA.TMP.Integration.Plugins, Version=1.0.0.0, Culture=neutral, PublicKeyToken=f9ed7db8a23d3ea1" displayName="VA.TMP.Integration.Plugins.ServiceAppointment.ServiceAppointmentProxyAddUpdatePostStage" solution="cernerdevelopment (1.0.0.0)" id="{ce87a60b-169b-e711-9477-0050568dd32b}" />
        <Dependent type="90" schemaName="VA.TMP.Integration.Plugins.ServiceAppointment.ServiceAppointmentProxyAddUpdatePostStage, VA.TMP.Integration.Plugins, Version=1.0.0.0, Culture=neutral, PublicKeyToken=f9ed7db8a23d3ea1" displayName="VA.TMP.Integration.Plugins.ServiceAppointment.ServiceAppointmentProxyAddUpdatePostStage" id="{ce87a60b-169b-e711-9477-0050568dd32b}" />
      </MissingDependency>
      <MissingDependency>
        <Required type="90" schemaName="VA.TMP.Integration.Plugins.Appointment.AppointmentUpdatePostStage, VA.TMP.Integration.Plugins, Version=1.0.0.0, Culture=neutral, PublicKeyToken=f9ed7db8a23d3ea1" displayName="VA.TMP.Integration.Plugins.Appointment.AppointmentUpdatePostStage" solution="cernerdevelopment (1.0.0.0)" id="{d42fa550-14a8-e611-9428-0050568df19d}" />
        <Dependent type="90" schemaName="VA.TMP.Integration.Plugins.Appointment.AppointmentUpdatePostStage, VA.TMP.Integration.Plugins, Version=1.0.0.0, Culture=neutral, PublicKeyToken=f9ed7db8a23d3ea1" displayName="VA.TMP.Integration.Plugins.Appointment.AppointmentUpdatePostStage" id="{d42fa550-14a8-e611-9428-0050568df19d}" />
      </MissingDependency>
      <MissingDependency>
        <Required type="90" schemaName="VA.TMP.Integration.Plugins.ServiceAppointment.ServiceAppointmentVmrUpdatePostStage, VA.TMP.Integration.Plugins, Version=1.0.0.0, Culture=neutral, PublicKeyToken=f9ed7db8a23d3ea1" displayName="VA.TMP.Integration.Plugins.ServiceAppointment.ServiceAppointmentVmrUpdatePostStage" solution="cernerdevelopment (1.0.0.0)" id="{d52fa550-14a8-e611-9428-0050568df19d}" />
        <Dependent type="90" schemaName="VA.TMP.Integration.Plugins.ServiceAppointment.ServiceAppointmentVmrUpdatePostStage, VA.TMP.Integration.Plugins, Version=1.0.0.0, Culture=neutral, PublicKeyToken=f9ed7db8a23d3ea1" displayName="VA.TMP.Integration.Plugins.ServiceAppointment.ServiceAppointmentVmrUpdatePostStage" id="{d52fa550-14a8-e611-9428-0050568df19d}" />
      </MissingDependency>
      <MissingDependency>
        <Required type="90" schemaName="VA.TMP.Integration.Plugins.ServiceAppointment.ServiceAppointmentVvsUpdatePostStage, VA.TMP.Integration.Plugins, Version=1.0.0.0, Culture=neutral, PublicKeyToken=f9ed7db8a23d3ea1" displayName="VA.TMP.Integration.Plugins.ServiceAppointment.ServiceAppointmentVvsUpdatePostStage" solution="cernerdevelopment (1.0.0.0)" id="{d72fa550-14a8-e611-9428-0050568df19d}" />
        <Dependent type="90" schemaName="VA.TMP.Integration.Plugins.ServiceAppointment.ServiceAppointmentVvsUpdatePostStage, VA.TMP.Integration.Plugins, Version=1.0.0.0, Culture=neutral, PublicKeyToken=f9ed7db8a23d3ea1" displayName="VA.TMP.Integration.Plugins.ServiceAppointment.ServiceAppointmentVvsUpdatePostStage" id="{d72fa550-14a8-e611-9428-0050568df19d}" />
      </MissingDependency>
      <MissingDependency>
        <Required type="90" schemaName="VA.TMP.Integration.Plugins.ServiceAppointment.ServiceAppointmentVmrCancelPostStage, VA.TMP.Integration.Plugins, Version=1.0.0.0, Culture=neutral, PublicKeyToken=f9ed7db8a23d3ea1" displayName="VA.TMP.Integration.Plugins.ServiceAppointment.ServiceAppointmentVmrCancelPostStage" solution="cernerdevelopment (1.0.0.0)" id="{d775fd1c-bd57-e811-948f-0050568dd32b}" />
        <Dependent type="90" schemaName="VA.TMP.Integration.Plugins.ServiceAppointment.ServiceAppointmentVmrCancelPostStage, VA.TMP.Integration.Plugins, Version=1.0.0.0, Culture=neutral, PublicKeyToken=f9ed7db8a23d3ea1" displayName="VA.TMP.Integration.Plugins.ServiceAppointment.ServiceAppointmentVmrCancelPostStage" id="{d775fd1c-bd57-e811-948f-0050568dd32b}" />
      </MissingDependency>
      <MissingDependency>
        <Required type="90" schemaName="VA.TMP.Integration.Plugins.CrmePerson.CrmePersonRetrieveMultiplePostHealthShareGetConsults, VA.TMP.Integration.Plugins, Version=1.0.0.0, Culture=neutral, PublicKeyToken=f9ed7db8a23d3ea1" displayName="VA.TMP.Integration.Plugins.CrmePerson.CrmePersonRetrieveMultiplePostHealthShareGetConsults" solution="cernerdevelopment (1.0.0.0)" id="{e52260d6-4dbb-e811-94a6-0050568dd32b}" />
        <Dependent type="90" schemaName="VA.TMP.Integration.Plugins.CrmePerson.CrmePersonRetrieveMultiplePostHealthShareGetConsults, VA.TMP.Integration.Plugins, Version=1.0.0.0, Culture=neutral, PublicKeyToken=f9ed7db8a23d3ea1" displayName="VA.TMP.Integration.Plugins.CrmePerson.CrmePersonRetrieveMultiplePostHealthShareGetConsults" id="{e52260d6-4dbb-e811-94a6-0050568dd32b}" />
      </MissingDependency>
      <MissingDependency>
        <Required type="91" schemaName="VA.TMP.Integration.Plugins, Version=1.0.0.0, Culture=neutral, PublicKeyToken=f9ed7db8a23d3ea1" displayName="VA.TMP.Integration.Plugins" solution="cernerdevelopment (1.0.0.0)" id="{69719429-31ad-4864-8a1f-c6597679e24b}" />
        <Dependent type="91" schemaName="VA.TMP.Integration.Plugins, Version=1.0.0.0, Culture=neutral, PublicKeyToken=f9ed7db8a23d3ea1" displayName="VA.TMP.Integration.Plugins" id="{69719429-31ad-4864-8a1f-c6597679e24b}" />
      </MissingDependency>
    </MissingDependencies>
  </SolutionManifest>
</ImportExportXml>