<ImportExportXml xmlns:xsi="http://www.w3.org/2001/XMLSchema-instance">
  <Entities></Entities>
  <Roles>
    <Role id="{735ded9e-6616-ec11-b6e6-001dd802ec34}" name="TEM Provider" isinherited="0">
      <IsCustomizable>1</IsCustomizable>
      <RolePrivileges>
        <RolePrivilege name="prvAddressBook" level="Global" />
        <RolePrivilege name="prvAppendActionCard" level="Basic" />
        <RolePrivilege name="prvAppendActivity" level="Deep" />
        <RolePrivilege name="prvAppendAsyncOperation" level="Basic" />
        <RolePrivilege name="prvAppendavailabletimes" level="Global" />
        <RolePrivilege name="prvAppendBusinessUnit" level="Global" />
        <RolePrivilege name="prvAppendCalendar" level="Global" />
        <RolePrivilege name="prvAppendcvt_carttype" level="Global" />
        <RolePrivilege name="prvAppendcvt_component" level="Deep" />
        <RolePrivilege name="prvAppendcvt_fieldmismatch" level="Deep" />
        <RolePrivilege name="prvAppendcvt_grouppatient" level="Basic" />
        <RolePrivilege name="prvAppendcvt_manufacturer" level="Global" />
        <RolePrivilege name="prvAppendcvt_mastertsa" level="Global" />
        <RolePrivilege name="prvAppendcvt_model" level="Global" />
        <RolePrivilege name="prvAppendcvt_patientresourcegroup" level="Global" />
        <RolePrivilege name="prvAppendcvt_providerresourcegroup" level="Global" />
        <RolePrivilege name="prvAppendcvt_resourcebooking" level="Global" />
        <RolePrivilege name="prvAppendcvt_stagingcomponent" level="Global" />
        <RolePrivilege name="prvAppendcvt_stagingresource" level="Global" />
        <RolePrivilege name="prvAppendcvt_vod" level="Basic" />
        <RolePrivilege name="prvAppendEmailTemplate" level="Local" />
        <RolePrivilege name="prvAppendEquipment" level="Deep" />
        <RolePrivilege name="prvAppendExpiredProcess" level="Global" />
        <RolePrivilege name="prvAppendImport" level="Basic" />
        <RolePrivilege name="prvAppendImportMap" level="Local" />
        <RolePrivilege name="prvAppendLeadToOpportunitySalesProcess" level="Global" />
        <RolePrivilege name="prvAppendMailMergeTemplate" level="Basic" />
        <RolePrivilege name="prvAppendmcs_facility" level="Global" />
        <RolePrivilege name="prvAppendmcs_feedback" level="Global" />
        <RolePrivilege name="prvAppendmcs_groupresource" level="Global" />
        <RolePrivilege name="prvAppendmcs_integrationresult" level="Basic" />
        <RolePrivilege name="prvAppendmcs_interface" level="Global" />
        <RolePrivilege name="prvAppendmcs_message" level="Global" />
        <RolePrivilege name="prvAppendmcs_messageaudit" level="Global" />
        <RolePrivilege name="prvAppendmcs_resource" level="Global" />
        <RolePrivilege name="prvAppendmcs_resourcegroup" level="Global" />
        <RolePrivilege name="prvAppendmcs_services" level="Global" />
        <RolePrivilege name="prvAppendmcs_servicesubtype" level="Global" />
        <RolePrivilege name="prvAppendmcs_servicetype" level="Global" />
        <RolePrivilege name="prvAppendmcs_site" level="Global" />
        <RolePrivilege name="prvAppendmsdyn_componentlayerdatasource" level="Global" />
        <RolePrivilege name="prvAppendNewProcess" level="Global" />
        <RolePrivilege name="prvAppendNote" level="Deep" />
        <RolePrivilege name="prvAppendOpportunitySalesProcess" level="Global" />
        <RolePrivilege name="prvAppendPhoneToCaseProcess" level="Global" />
        <RolePrivilege name="prvAppendPost" level="Global" />
        <RolePrivilege name="prvAppendQueue" level="Global" />
        <RolePrivilege name="prvAppendRole" level="Global" />
        <RolePrivilege name="prvAppendService" level="Global" />
        <RolePrivilege name="prvAppendTeam" level="Global" />
        <RolePrivilege name="prvAppendToActionCard" level="Global" />
        <RolePrivilege name="prvAppendToActivity" level="Deep" />
        <RolePrivilege name="prvAppendToavailabletimes" level="Global" />
        <RolePrivilege name="prvAppendToBusinessUnit" level="Global" />
        <RolePrivilege name="prvAppendToCalendar" level="Global" />
        <RolePrivilege name="prvAppendTocvt_carttype" level="Global" />
        <RolePrivilege name="prvAppendTocvt_component" level="Deep" />
        <RolePrivilege name="prvAppendTocvt_fieldmismatch" level="Deep" />
        <RolePrivilege name="prvAppendTocvt_manufacturer" level="Global" />
        <RolePrivilege name="prvAppendTocvt_mastertsa" level="Global" />
        <RolePrivilege name="prvAppendTocvt_model" level="Global" />
        <RolePrivilege name="prvAppendTocvt_patientresourcegroup" level="Global" />
        <RolePrivilege name="prvAppendTocvt_providerresourcegroup" level="Global" />
        <RolePrivilege name="prvAppendTocvt_resourcebooking" level="Global" />
        <RolePrivilege name="prvAppendTocvt_stagingcomponent" level="Global" />
        <RolePrivilege name="prvAppendTocvt_stagingresource" level="Global" />
        <RolePrivilege name="prvAppendTocvt_vod" level="Basic" />
        <RolePrivilege name="prvAppendToEquipment" level="Deep" />
        <RolePrivilege name="prvAppendToExpiredProcess" level="Global" />
        <RolePrivilege name="prvAppendToImport" level="Basic" />
        <RolePrivilege name="prvAppendToImportMap" level="Local" />
        <RolePrivilege name="prvAppendToLeadToOpportunitySalesProcess" level="Global" />
        <RolePrivilege name="prvAppendToMailMergeTemplate" level="Basic" />
        <RolePrivilege name="prvAppendTomcs_facility" level="Global" />
        <RolePrivilege name="prvAppendTomcs_feedback" level="Global" />
        <RolePrivilege name="prvAppendTomcs_groupresource" level="Global" />
        <RolePrivilege name="prvAppendTomcs_integrationresult" level="Basic" />
        <RolePrivilege name="prvAppendTomcs_interface" level="Global" />
        <RolePrivilege name="prvAppendTomcs_message" level="Global" />
        <RolePrivilege name="prvAppendTomcs_messageaudit" level="Global" />
        <RolePrivilege name="prvAppendTomcs_resource" level="Global" />
        <RolePrivilege name="prvAppendTomcs_resourcegroup" level="Global" />
        <RolePrivilege name="prvAppendTomcs_services" level="Global" />
        <RolePrivilege name="prvAppendTomcs_servicesubtype" level="Global" />
        <RolePrivilege name="prvAppendTomcs_servicetype" level="Global" />
        <RolePrivilege name="prvAppendTomcs_site" level="Global" />
        <RolePrivilege name="prvAppendTomsdyn_componentlayerdatasource" level="Global" />
        <RolePrivilege name="prvAppendToNewProcess" level="Global" />
        <RolePrivilege name="prvAppendToNote" level="Deep" />
        <RolePrivilege name="prvAppendToOpportunitySalesProcess" level="Global" />
        <RolePrivilege name="prvAppendToPhoneToCaseProcess" level="Global" />
        <RolePrivilege name="prvAppendToPost" level="Global" />
        <RolePrivilege name="prvAppendToQueue" level="Global" />
        <RolePrivilege name="prvAppendToRole" level="Global" />
        <RolePrivilege name="prvAppendToService" level="Global" />
        <RolePrivilege name="prvAppendToSite" level="Global" />
        <RolePrivilege name="prvAppendToSubject" level="Global" />
        <RolePrivilege name="prvAppendToTeam" level="Global" />
        <RolePrivilege name="prvAppendToTraceLog" level="Global" />
        <RolePrivilege name="prvAppendToTransactionCurrency" level="Global" />
        <RolePrivilege name="prvAppendToTranslationProcess" level="Global" />
        <RolePrivilege name="prvAppendToUser" level="Global" />
        <RolePrivilege name="prvAppendToUserSettings" level="Global" />
        <RolePrivilege name="prvAppendToWorkflow" level="Global" />
        <RolePrivilege name="prvAppendToWorkflowSession" level="Basic" />
        <RolePrivilege name="prvAppendTraceLog" level="Global" />
        <RolePrivilege name="prvAppendTransactionCurrency" level="Global" />
        <RolePrivilege name="prvAppendTranslationProcess" level="Global" />
        <RolePrivilege name="prvAppendUser" level="Global" />
        <RolePrivilege name="prvAppendWorkflow" level="Basic" />
        <RolePrivilege name="prvAppendWorkflowSession" level="Basic" />
        <RolePrivilege name="prvAssignActivity" level="Basic" />
        <RolePrivilege name="prvAssigncvt_component" level="Basic" />
        <RolePrivilege name="prvAssigncvt_fieldmismatch" level="Deep" />
        <RolePrivilege name="prvAssigncvt_patientresourcegroup" level="Basic" />
        <RolePrivilege name="prvAssigncvt_providerresourcegroup" level="Basic" />
        <RolePrivilege name="prvAssigncvt_stagingcomponent" level="Deep" />
        <RolePrivilege name="prvAssigncvt_stagingresource" level="Deep" />
        <RolePrivilege name="prvAssignEmailTemplate" level="Local" />
        <RolePrivilege name="prvAssignImport" level="Basic" />
        <RolePrivilege name="prvAssignImportMap" level="Local" />
        <RolePrivilege name="prvAssignMailMergeTemplate" level="Basic" />
        <RolePrivilege name="prvAssignmcs_facility" level="Basic" />
        <RolePrivilege name="prvAssignmcs_groupresource" level="Basic" />
        <RolePrivilege name="prvAssignmcs_resource" level="Global" />
        <RolePrivilege name="prvAssignmcs_resourcegroup" level="Basic" />
        <RolePrivilege name="prvAssignNote" level="Basic" />
        <RolePrivilege name="prvAssignUserEntityInstanceData" level="Basic" />
        <RolePrivilege name="prvAssignUserForm" level="Basic" />
        <RolePrivilege name="prvAssignUserQuery" level="Basic" />
        <RolePrivilege name="prvAssignUserQueryVisualizations" level="Basic" />
        <RolePrivilege name="prvBrowseAvailability" level="Global" />
        <RolePrivilege name="prvBulkEdit" level="Global" />
        <RolePrivilege name="prvCreateActionCard" level="Basic" />
        <RolePrivilege name="prvCreateActionCardUserSettings" level="Basic" />
        <RolePrivilege name="prvCreateActivity" level="Basic" />
        <RolePrivilege name="prvCreateCalendar" level="Global" />
        <RolePrivilege name="prvCreatecvt_component" level="Deep" />
        <RolePrivilege name="prvCreatecvt_fieldmismatch" level="Deep" />
        <RolePrivilege name="prvCreatecvt_patientresourcegroup" level="Deep" />
        <RolePrivilege name="prvCreatecvt_providerresourcegroup" level="Deep" />
        <RolePrivilege name="prvCreatecvt_resourcebooking" level="Global" />
        <RolePrivilege name="prvCreatecvt_vod" level="Basic" />
        <RolePrivilege name="prvCreateEmailTemplate" level="Basic" />
        <RolePrivilege name="prvCreateEquipment" level="Deep" />
        <RolePrivilege name="prvCreateExpiredProcess" level="Global" />
        <RolePrivilege name="prvCreateImport" level="Basic" />
        <RolePrivilege name="prvCreateImportMap" level="Basic" />
        <RolePrivilege name="prvCreateLeadToOpportunitySalesProcess" level="Global" />
        <RolePrivilege name="prvCreateMailMergeTemplate" level="Basic" />
        <RolePrivilege name="prvCreatemcs_feedback" level="Basic" />
        <RolePrivilege name="prvCreatemcs_groupresource" level="Deep" />
        <RolePrivilege name="prvCreatemcs_integrationresult" level="Basic" />
        <RolePrivilege name="prvCreatemcs_interface" level="Global" />
        <RolePrivilege name="prvCreatemcs_interfacemessagetype" level="Global" />
        <RolePrivilege name="prvCreatemcs_log" level="Global" />
        <RolePrivilege name="prvCreatemcs_message" level="Global" />
        <RolePrivilege name="prvCreatemcs_messageaudit" level="Global" />
        <RolePrivilege name="prvCreatemcs_resource" level="Global" />
        <RolePrivilege name="prvCreatemcs_resourcegroup" level="Deep" />
        <RolePrivilege name="prvCreateNewProcess" level="Global" />
        <RolePrivilege name="prvCreateNote" level="Basic" />
        <RolePrivilege name="prvCreateOpportunitySalesProcess" level="Global" />
        <RolePrivilege name="prvCreateOwnCalendar" level="Global" />
        <RolePrivilege name="prvCreatePhoneToCaseProcess" level="Global" />
        <RolePrivilege name="prvCreatePost" level="Global" />
        <RolePrivilege name="prvCreateService" level="Global" />
        <RolePrivilege name="prvCreateSharePointData" level="Global" />
        <RolePrivilege name="prvCreateTeam" level="Global" />
        <RolePrivilege name="prvCreateTraceLog" level="Global" />
        <RolePrivilege name="prvCreateTranslationProcess" level="Global" />
        <RolePrivilege name="prvCreateUserEntityInstanceData" level="Basic" />
        <RolePrivilege name="prvCreateUserEntityUISettings" level="Basic" />
        <RolePrivilege name="prvCreateUserForm" level="Basic" />
        <RolePrivilege name="prvCreateUserQuery" level="Basic" />
        <RolePrivilege name="prvCreateUserQueryVisualizations" level="Basic" />
        <RolePrivilege name="prvCreateUserSettings" level="Global" />
        <RolePrivilege name="prvCreateWorkflow" level="Basic" />
        <RolePrivilege name="prvCreateWorkflowSession" level="Basic" />
        <RolePrivilege name="prvDeleteActionCardUserSettings" level="Basic" />
        <RolePrivilege name="prvDeleteAnyPost" level="Global" />
        <RolePrivilege name="prvDeleteAsyncOperation" level="Basic" />
        <RolePrivilege name="prvDeleteCalendar" level="Global" />
        <RolePrivilege name="prvDeletecvt_component" level="Deep" />
        <RolePrivilege name="prvDeletecvt_fieldmismatch" level="Deep" />
        <RolePrivilege name="prvDeletecvt_patientresourcegroup" level="Deep" />
        <RolePrivilege name="prvDeletecvt_providerresourcegroup" level="Deep" />
        <RolePrivilege name="prvDeleteEmailTemplate" level="Basic" />
        <RolePrivilege name="prvDeleteEquipment" level="Deep" />
        <RolePrivilege name="prvDeleteExpiredProcess" level="Global" />
        <RolePrivilege name="prvDeleteImport" level="Basic" />
        <RolePrivilege name="prvDeleteImportMap" level="Basic" />
        <RolePrivilege name="prvDeleteLeadToOpportunitySalesProcess" level="Global" />
        <RolePrivilege name="prvDeleteMailMergeTemplate" level="Basic" />
        <RolePrivilege name="prvDeletemcs_groupresource" level="Deep" />
        <RolePrivilege name="prvDeletemcs_resource" level="Global" />
        <RolePrivilege name="prvDeletemcs_resourcegroup" level="Deep" />
        <RolePrivilege name="prvDeleteNewProcess" level="Global" />
        <RolePrivilege name="prvDeleteNote" level="Basic" />
        <RolePrivilege name="prvDeleteOpportunitySalesProcess" level="Global" />
        <RolePrivilege name="prvDeleteOwnCalendar" level="Global" />
        <RolePrivilege name="prvDeletePhoneToCaseProcess" level="Global" />
        <RolePrivilege name="prvDeleteService" level="Global" />
        <RolePrivilege name="prvDeleteTeam" level="Global" />
        <RolePrivilege name="prvDeleteTranslationProcess" level="Global" />
        <RolePrivilege name="prvDeleteUserEntityInstanceData" level="Basic" />
        <RolePrivilege name="prvDeleteUserEntityUISettings" level="Basic" />
        <RolePrivilege name="prvDeleteUserForm" level="Basic" />
        <RolePrivilege name="prvDeleteUserQuery" level="Basic" />
        <RolePrivilege name="prvDeleteUserQueryVisualizations" level="Basic" />
        <RolePrivilege name="prvDeleteUserSettings" level="Global" />
        <RolePrivilege name="prvDeleteWorkflow" level="Basic" />
        <RolePrivilege name="prvDeleteWorkflowSession" level="Basic" />
        <RolePrivilege name="prvDisableUser" level="Deep" />
        <RolePrivilege name="prvMerge" level="Global" />
        <RolePrivilege name="prvReadActionCard" level="Basic" />
        <RolePrivilege name="prvReadActionCardUserSettings" level="Basic" />
        <RolePrivilege name="prvReadActivity" level="Deep" />
        <RolePrivilege name="prvReadApplicationFile" level="Global" />
        <RolePrivilege name="prvReadAppModule" level="Global" />
        <RolePrivilege name="prvReadAsyncOperation" level="Basic" />
        <RolePrivilege name="prvReadAttribute" level="Global" />
        <RolePrivilege name="prvReadAttributeMap" level="Global" />
        <RolePrivilege name="prvReadavailabletimes" level="Global" />
        <RolePrivilege name="prvReadBusinessUnit" level="Global" />
        <RolePrivilege name="prvReadCalendar" level="Global" />
        <RolePrivilege name="prvReadComplexControl" level="Global" />
        <RolePrivilege name="prvReadcrme_countrylookup" level="Global" />
        <RolePrivilege name="prvReadcrme_person" level="Global" />
        <RolePrivilege name="prvReadcrme_personhistorysubtype" level="Global" />
        <RolePrivilege name="prvReadcrme_personhistorytype" level="Global" />
        <RolePrivilege name="prvReadcrme_postalcodelookup" level="Global" />
        <RolePrivilege name="prvReadcrme_stateorprovincelookup" level="Global" />
        <RolePrivilege name="prvReadCustomization" level="Global" />
        <RolePrivilege name="prvReadcvt_carttype" level="Global" />
        <RolePrivilege name="prvReadcvt_component" level="Global" />
        <RolePrivilege name="prvReadcvt_facilityapproval" level="Global" />
        <RolePrivilege name="prvReadcvt_fieldmismatch" level="Deep" />
        <RolePrivilege name="prvReadcvt_kpi" level="Global" />
        <RolePrivilege name="prvReadcvt_manufacturer" level="Global" />
        <RolePrivilege name="prvReadcvt_mastertsa" level="Global" />
        <RolePrivilege name="prvReadcvt_model" level="Global" />
        <RolePrivilege name="prvReadcvt_oncallentry" level="Global" />
        <RolePrivilege name="prvReadcvt_participatingsite" level="Global" />
        <RolePrivilege name="prvReadcvt_patientresourcegroup" level="Global" />
        <RolePrivilege name="prvReadcvt_providerresourcegroup" level="Global" />
        <RolePrivilege name="prvReadcvt_resourcebooking" level="Global" />
        <RolePrivilege name="prvReadcvt_resourcepackage" level="Global" />
        <RolePrivilege name="prvReadcvt_schedulingresource" level="Global" />
        <RolePrivilege name="prvReadcvt_stagingcomponent" level="Deep" />
        <RolePrivilege name="prvReadcvt_stagingresource" level="Deep" />
        <RolePrivilege name="prvReadcvt_tssprivileging" level="Global" />
        <RolePrivilege name="prvReadcvt_urldefinition" level="Global" />
        <RolePrivilege name="prvReadcvt_urlvariable" level="Global" />
        <RolePrivilege name="prvReadcvt_vod" level="Basic" />
        <RolePrivilege name="prvReadEmailTemplate" level="Global" />
        <RolePrivilege name="prvReadEntity" level="Global" />
        <RolePrivilege name="prvReadEntityMap" level="Global" />
        <RolePrivilege name="prvReadEquipment" level="Global" />
        <RolePrivilege name="prvReadExpiredProcess" level="Global" />
        <RolePrivilege name="prvReadGoalRollupQuery" level="Global" />
        <RolePrivilege name="prvReadImport" level="Basic" />
        <RolePrivilege name="prvReadImportMap" level="Global" />
        <RolePrivilege name="prvReadLeadToOpportunitySalesProcess" level="Global" />
        <RolePrivilege name="prvReadLicense" level="Global" />
        <RolePrivilege name="prvReadMailbox" level="Basic" />
        <RolePrivilege name="prvReadMailMergeTemplate" level="Basic" />
        <RolePrivilege name="prvReadmcs_endpoint" level="Global" />
        <RolePrivilege name="prvReadmcs_facility" level="Global" />
        <RolePrivilege name="prvReadmcs_feedback" level="Global" />
        <RolePrivilege name="prvReadmcs_groupresource" level="Global" />
        <RolePrivilege name="prvReadmcs_integrationresult" level="Basic" />
        <RolePrivilege name="prvReadmcs_integrationsetting" level="Global" />
        <RolePrivilege name="prvReadmcs_integrationsystemjob" level="Global" />
        <RolePrivilege name="prvReadmcs_interface" level="Global" />
        <RolePrivilege name="prvReadmcs_interfacemessagedirection" level="Global" />
        <RolePrivilege name="prvReadmcs_interfacemessagetype" level="Global" />
        <RolePrivilege name="prvReadmcs_interfacesetting" level="Global" />
        <RolePrivilege name="prvReadmcs_log" level="Global" />
        <RolePrivilege name="prvReadmcs_mapping" level="Global" />
        <RolePrivilege name="prvReadmcs_message" level="Global" />
        <RolePrivilege name="prvReadmcs_messageaudit" level="Global" />
        <RolePrivilege name="prvReadmcs_messagetomessagemapping" level="Global" />
        <RolePrivilege name="prvReadmcs_messagetypemapping" level="Global" />
        <RolePrivilege name="prvReadmcs_personidentifiers" level="Global" />
        <RolePrivilege name="prvReadmcs_resource" level="Global" />
        <RolePrivilege name="prvReadmcs_resourcegroup" level="Global" />
        <RolePrivilege name="prvReadmcs_services" level="Global" />
        <RolePrivilege name="prvReadmcs_servicesubtype" level="Global" />
        <RolePrivilege name="prvReadmcs_servicetype" level="Global" />
        <RolePrivilege name="prvReadmcs_setting" level="Global" />
        <RolePrivilege name="prvReadmcs_site" level="Global" />
        <RolePrivilege name="prvReadmsdyn_componentlayerdatasource" level="Global" />
        <RolePrivilege name="prvReadmsdyn_pminferredtask" level="Basic" />
        <RolePrivilege name="prvReadNewProcess" level="Global" />
        <RolePrivilege name="prvReadNote" level="Global" />
        <RolePrivilege name="prvReadOpportunitySalesProcess" level="Global" />
        <RolePrivilege name="prvReadOptionSet" level="Global" />
        <RolePrivilege name="prvReadOrganization" level="Global" />
        <RolePrivilege name="prvReadOwnCalendar" level="Global" />
        <RolePrivilege name="prvReadPhoneToCaseProcess" level="Global" />
        <RolePrivilege name="prvReadPluginAssembly" level="Global" />
        <RolePrivilege name="prvReadPluginType" level="Global" />
        <RolePrivilege name="prvReadPost" level="Global" />
        <RolePrivilege name="prvReadQuery" level="Global" />
        <RolePrivilege name="prvReadQueue" level="Global" />
        <RolePrivilege name="prvReadRecordAuditHistory" level="Global" />
        <RolePrivilege name="prvReadRelationship" level="Global" />
        <RolePrivilege name="prvReadReport" level="Global" />
        <RolePrivilege name="prvReadRole" level="Global" />
        <RolePrivilege name="prvReadSavedQueryVisualizations" level="Global" />
        <RolePrivilege name="prvReadSdkMessage" level="Global" />
        <RolePrivilege name="prvReadSdkMessageProcessingStep" level="Global" />
        <RolePrivilege name="prvReadSdkMessageProcessingStepImage" level="Global" />
        <RolePrivilege name="prvReadService" level="Global" />
        <RolePrivilege name="prvReadSharePointData" level="Global" />
        <RolePrivilege name="prvReadSharePointDocument" level="Global" />
        <RolePrivilege name="prvReadSite" level="Global" />
        <RolePrivilege name="prvReadSubject" level="Global" />
        <RolePrivilege name="prvReadSystemForm" level="Global" />
        <RolePrivilege name="prvReadTeam" level="Global" />
        <RolePrivilege name="prvReadTraceLog" level="Global" />
        <RolePrivilege name="prvReadTransactionCurrency" level="Global" />
        <RolePrivilege name="prvReadTranslationProcess" level="Global" />
        <RolePrivilege name="prvReadUser" level="Global" />
        <RolePrivilege name="prvReadUserEntityInstanceData" level="Basic" />
        <RolePrivilege name="prvReadUserEntityUISettings" level="Basic" />
        <RolePrivilege name="prvReadUserForm" level="Basic" />
        <RolePrivilege name="prvReadUserQuery" level="Basic" />
        <RolePrivilege name="prvReadUserQueryVisualizations" level="Basic" />
        <RolePrivilege name="prvReadUserSettings" level="Global" />
        <RolePrivilege name="prvReadWebResource" level="Global" />
        <RolePrivilege name="prvReadWebWizard" level="Global" />
        <RolePrivilege name="prvReadWizardAccessPrivilege" level="Global" />
        <RolePrivilege name="prvReadWizardPage" level="Global" />
        <RolePrivilege name="prvReadWorkflow" level="Global" />
        <RolePrivilege name="prvReadWorkflowSession" level="Global" />
        <RolePrivilege name="prvSearchAvailability" level="Global" />
        <RolePrivilege name="prvSendAsUser" level="Global" />
        <RolePrivilege name="prvShareActionCardUserSettings" level="Basic" />
        <RolePrivilege name="prvShareActivity" level="Basic" />
        <RolePrivilege name="prvSharecvt_fieldmismatch" level="Deep" />
        <RolePrivilege name="prvSharecvt_stagingcomponent" level="Deep" />
        <RolePrivilege name="prvSharecvt_stagingresource" level="Deep" />
        <RolePrivilege name="prvShareEmailTemplate" level="Local" />
        <RolePrivilege name="prvShareImport" level="Basic" />
        <RolePrivilege name="prvShareImportMap" level="Global" />
        <RolePrivilege name="prvShareMailMergeTemplate" level="Global" />
        <RolePrivilege name="prvShareNote" level="Global" />
        <RolePrivilege name="prvShareUserEntityInstanceData" level="Basic" />
        <RolePrivilege name="prvShareUserEntityUISettings" level="Basic" />
        <RolePrivilege name="prvShareUserForm" level="Basic" />
        <RolePrivilege name="prvShareUserQuery" level="Basic" />
        <RolePrivilege name="prvShareUserQueryVisualizations" level="Basic" />
        <RolePrivilege name="prvShareWorkflow" level="Deep" />
        <RolePrivilege name="prvWebMailMerge" level="Global" />
        <RolePrivilege name="prvWorkflowExecution" level="Global" />
        <RolePrivilege name="prvWriteActionCard" level="Basic" />
        <RolePrivilege name="prvWriteActionCardUserSettings" level="Basic" />
        <RolePrivilege name="prvWriteActivity" level="Deep" />
        <RolePrivilege name="prvWriteCalendar" level="Global" />
        <RolePrivilege name="prvWritecvt_component" level="Deep" />
        <RolePrivilege name="prvWritecvt_fieldmismatch" level="Deep" />
        <RolePrivilege name="prvWritecvt_mastertsa" level="Global" />
        <RolePrivilege name="prvWritecvt_patientresourcegroup" level="Deep" />
        <RolePrivilege name="prvWritecvt_providerresourcegroup" level="Deep" />
        <RolePrivilege name="prvWritecvt_resourcebooking" level="Global" />
        <RolePrivilege name="prvWritecvt_stagingcomponent" level="Deep" />
        <RolePrivilege name="prvWritecvt_stagingresource" level="Deep" />
        <RolePrivilege name="prvWritecvt_vod" level="Basic" />
        <RolePrivilege name="prvWriteEmailTemplate" level="Basic" />
        <RolePrivilege name="prvWriteEquipment" level="Deep" />
        <RolePrivilege name="prvWriteExpiredProcess" level="Global" />
        <RolePrivilege name="prvWriteImport" level="Basic" />
        <RolePrivilege name="prvWriteImportMap" level="Basic" />
        <RolePrivilege name="prvWriteLeadToOpportunitySalesProcess" level="Global" />
        <RolePrivilege name="prvWriteMailMergeTemplate" level="Basic" />
        <RolePrivilege name="prvWritemcs_feedback" level="Basic" />
        <RolePrivilege name="prvWritemcs_groupresource" level="Deep" />
        <RolePrivilege name="prvWritemcs_integrationresult" level="Basic" />
        <RolePrivilege name="prvWritemcs_interface" level="Global" />
        <RolePrivilege name="prvWritemcs_interfacemessagetype" level="Global" />
        <RolePrivilege name="prvWritemcs_message" level="Global" />
        <RolePrivilege name="prvWritemcs_messageaudit" level="Global" />
        <RolePrivilege name="prvWritemcs_resource" level="Global" />
        <RolePrivilege name="prvWritemcs_resourcegroup" level="Deep" />
        <RolePrivilege name="prvWritemcs_services" level="Global" />
        <RolePrivilege name="prvWriteNewProcess" level="Global" />
        <RolePrivilege name="prvWriteNote" level="Basic" />
        <RolePrivilege name="prvWriteOpportunitySalesProcess" level="Global" />
        <RolePrivilege name="prvWriteOwnCalendar" level="Global" />
        <RolePrivilege name="prvWritePhoneToCaseProcess" level="Global" />
        <RolePrivilege name="prvWriteService" level="Global" />
        <RolePrivilege name="prvWriteSharePointData" level="Global" />
        <RolePrivilege name="prvWriteTeam" level="Global" />
        <RolePrivilege name="prvWriteTranslationProcess" level="Global" />
        <RolePrivilege name="prvWriteUserEntityInstanceData" level="Basic" />
        <RolePrivilege name="prvWriteUserEntityUISettings" level="Basic" />
        <RolePrivilege name="prvWriteUserForm" level="Basic" />
        <RolePrivilege name="prvWriteUserQuery" level="Basic" />
        <RolePrivilege name="prvWriteUserQueryVisualizations" level="Basic" />
        <RolePrivilege name="prvWriteUserSettings" level="Global" />
        <RolePrivilege name="prvWriteWorkflow" level="Basic" />
        <RolePrivilege name="prvWriteWorkflowSession" level="Basic" />
      </RolePrivileges>
    </Role>
  </Roles>
  <Workflows></Workflows>
  <FieldSecurityProfiles></FieldSecurityProfiles>
  <Templates />
  <EntityMaps />
  <EntityRelationships />
  <OrganizationSettings />
  <optionsets />
  <CustomControls />
  <AppModuleSiteMaps>
    <AppModuleSiteMap>
      <SiteMapUniqueName>new_TEMPROVIDER</SiteMapUniqueName>
      <EnableCollapsibleGroups>False</EnableCollapsibleGroups>
      <ShowHome>True</ShowHome>
      <ShowPinned>True</ShowPinned>
      <ShowRecents>True</ShowRecents>
      <SiteMap IntroducedVersion="7.0.0.0">
        <Area Id="New_Area" ResourceId="SitemapDesigner.NewArea" DescriptionResourceId="SitemapDesigner.NewArea" ShowGroups="true" IntroducedVersion="7.0.0.0">
          <Titles>
            <Title LCID="1033" Title="TEM PROVIDER" />
          </Titles>
          <Group Id="New_Group" ResourceId="SitemapDesigner.NewGroup" DescriptionResourceId="SitemapDesigner.NewGroup" IntroducedVersion="7.0.0.0" IsProfile="false" ToolTipResourseId="SitemapDesigner.Unknown">
            <Titles>
              <Title LCID="1033" Title="TEM Provider" />
            </Titles>
            <SubArea Id="SubArea_OnCallEntry" Icon="/_imgs/imagestrips/transparent_spacer.gif" Entity="cvt_oncallentry" Client="All,Outlook,OutlookLaptopClient,OutlookWorkstationClient,Web" AvailableOffline="true" PassParams="false" Sku="All,OnPremise,Live,SPLA">
              <Titles>
                <Title LCID="1033" Title="TEM Volunteer Pool" />
              </Titles>
            </SubArea>
            <SubArea Id="SubArea_TMPSite" Icon="/_imgs/imagestrips/transparent_spacer.gif" Entity="mcs_site" Client="All,Outlook,OutlookLaptopClient,OutlookWorkstationClient,Web" AvailableOffline="true" PassParams="false" Sku="All,OnPremise,Live,SPLA">
              <Titles>
                <Title LCID="1033" Title="TEM Static Links" />
              </Titles>
            </SubArea>
            <SubArea Id="msdyn_scheduleboard" ResourceId="SitemapDesigner.NewSubArea" VectorIcon="/WebResources/msdynce_CustomerServiceHub/_imgs/Sitemap/ServiceCalendar.svg" Icon="/WebResources/msdynce_CustomerServiceHub/_imgs/Sitemap/ServiceCalendar.svg" Url="$webresource:Service/ServiceCalendar/index.html" Client="All,Outlook,OutlookLaptopClient,OutlookWorkstationClient,Web" AvailableOffline="true" PassParams="false" Sku="All,OnPremise,Live,SPLA">
              <Titles>
                <Title LCID="1033" Title="TEM Call Schedule" />
              </Titles>
            </SubArea>
          </Group>
          <Group Id="Group_TEMExternalLinks" ResourceId="SitemapDesigner.NewGroup" IsProfile="false" ToolTipResourseId="SitemapDesigner.Unknown">
            <Titles>
              <Title LCID="1033" Title="External Links" />
            </Titles>
            <SubArea Id="SubArea_LEAF_EmergencyResponse" ResourceId="SitemapDesigner.NewSubArea" Url="https://leaf.va.gov/NATIONAL/EmergencyResponse/Emergency_Response/" Client="All,Outlook,OutlookLaptopClient,OutlookWorkstationClient,Web" AvailableOffline="true" PassParams="false" Sku="All,OnPremise,Live,SPLA">
              <Titles>
                <Title LCID="1033" Title="LEAF (Emergency Response)" />
              </Titles>
            </SubArea>
            <SubArea Id="SubArea_VVC_Now" ResourceId="SitemapDesigner.NewSubArea" Url="https://staff.apps.va.gov/vvc-now/" Client="All,Outlook,OutlookLaptopClient,OutlookWorkstationClient,Web" AvailableOffline="true" PassParams="false" Sku="All,OnPremise,Live,SPLA">
              <Titles>
                <Title LCID="1033" Title="VVC Now" />
              </Titles>
            </SubArea>
            <SubArea Id="SubArea_VirtualCareManager" ResourceId="SitemapDesigner.NewSubArea" Url="https://staff.mobile.va.gov/vvc-manager/#staff-video-visits-new" Client="All,Outlook,OutlookLaptopClient,OutlookWorkstationClient,Web" AvailableOffline="true" PassParams="false" Sku="All,OnPremise,Live,SPLA">
              <Titles>
                <Title LCID="1033" Title="Virtual Care Manager" />
              </Titles>
            </SubArea>
            <SubArea Id="SubArea_WebVRAM" ResourceId="SitemapDesigner.NewSubArea" Url="https://webvram.va.gov/#!/termsAndConditions" Client="All,Outlook,OutlookLaptopClient,OutlookWorkstationClient,Web" AvailableOffline="true" PassParams="false" Sku="All,OnPremise,Live,SPLA">
              <Titles>
                <Title LCID="1033" Title="WebVRAM" />
              </Titles>
            </SubArea>
          </Group>
        </Area>
        <Area Id="NewArea_46484c34" ResourceId="SitemapDesigner.NewArea" ShowGroups="false">
          <Titles>
            <Title LCID="1033" Title="Training &amp; Support" />
          </Titles>
          <Group Id="NewGroup_d4312bab" ResourceId="SitemapDesigner.NewGroup" IsProfile="false" ToolTipResourseId="SitemapDesigner.Unknown">
            <SubArea Id="NewSubArea_a1e71971" ResourceId="SitemapDesigner.NewSubArea" Url="$webresource:tmp_aboutpage" Client="All,Outlook,OutlookLaptopClient,OutlookWorkstationClient,Web" AvailableOffline="true" PassParams="false" Sku="All,OnPremise,Live,SPLA">
              <Titles>
                <Title LCID="1033" Title="About" />
              </Titles>
            </SubArea>
          </Group>
          <Group Id="NewGroup_98304bcb" ResourceId="SitemapDesigner.NewGroup" IsProfile="false" ToolTipResourseId="SitemapDesigner.Unknown">
            <Titles>
              <Title LCID="1033" Title="VHA Telehealth" />
            </Titles>
            <SubArea Id="SubArea_VHATHServices" ResourceId="SitemapDesigner.NewSubArea" Url="http://vaww.telehealth.va.gov/" Client="All,Outlook,OutlookLaptopClient,OutlookWorkstationClient,Web" AvailableOffline="true" PassParams="false" Sku="All,OnPremise,Live,SPLA">
              <Titles>
                <Title LCID="1033" Title="VHA TH Services" />
              </Titles>
            </SubArea>
            <SubArea Id="SubArea_TMPCommunity" ResourceId="SitemapDesigner.NewSubArea" Url="https://vaots.blackboard.com/webapps/blackboard/execute/modulepage/view?course_id=_2463_1&amp;cmp_tab_id=_3171_1&amp;mode=view" Client="All,Outlook,OutlookLaptopClient,OutlookWorkstationClient,Web" AvailableOffline="true" PassParams="false" Sku="All,OnPremise,Live,SPLA">
              <Titles>
                <Title LCID="1033" Title="TMP Community" />
              </Titles>
            </SubArea>
          </Group>
          <Group Id="Group_OCC" ResourceId="SitemapDesigner.NewGroup" IsProfile="false" ToolTipResourseId="SitemapDesigner.Unknown">
            <Titles>
              <Title LCID="1033" Title="Office of Connected Care" />
            </Titles>
            <SubArea Id="SubArea_OCCHDPortal" ResourceId="SitemapDesigner.NewSubArea" Url="https://occhdsupport.ironbow.com/dva" Client="All,Outlook,OutlookLaptopClient,OutlookWorkstationClient,Web" AvailableOffline="true" PassParams="false" Sku="All,OnPremise,Live,SPLA">
              <Titles>
                <Title LCID="1033" Title="OCCHD Portal" />
              </Titles>
            </SubArea>
            <SubArea Id="SubArea_OCCSStatus" ResourceId="SitemapDesigner.NewSubArea" Url="https://status.occhdsupport.ironbow.com/" Client="All,Outlook,OutlookLaptopClient,OutlookWorkstationClient,Web" AvailableOffline="true" PassParams="false" Sku="All,OnPremise,Live,SPLA">
              <Titles>
                <Title LCID="1033" Title="OCCS Status" />
              </Titles>
            </SubArea>
          </Group>
          <Group Id="Group_Support" ResourceId="SitemapDesigner.NewGroup" IsProfile="false" ToolTipResourseId="SitemapDesigner.Unknown">
            <Titles>
              <Title LCID="1033" Title="Support" />
            </Titles>
            <SubArea Id="SubArea_TMPUserRequests" ResourceId="SitemapDesigner.NewSubArea" Url="http://vaww.infoshare.va.gov/sites/telehelpdesk/TSS Roll-Out/default.aspx" Client="All,Outlook,OutlookLaptopClient,OutlookWorkstationClient,Web" AvailableOffline="true" PassParams="false" Sku="All,OnPremise,Live,SPLA">
              <Titles>
                <Title LCID="1033" Title="TMP User Requests" />
              </Titles>
            </SubArea>
          </Group>
          <Group Id="Group_Microsoft" ResourceId="SitemapDesigner.NewGroup" IsProfile="false" ToolTipResourseId="SitemapDesigner.Unknown">
            <Titles>
              <Title LCID="1033" Title="Microsoft" />
            </Titles>
            <SubArea Id="SubArea_HelpCenter" ResourceId="SitemapDesigner.NewSubArea" Url="https://go.microsoft.com/fwlink/p/?linkid=846388" Client="All,Outlook,OutlookLaptopClient,OutlookWorkstationClient,Web" AvailableOffline="true" PassParams="false" Sku="All,OnPremise,Live,SPLA">
              <Titles>
                <Title LCID="1033" Title="Help Center" />
              </Titles>
            </SubArea>
          </Group>
        </Area>
      </SiteMap>
      <LocalizedNames>
        <LocalizedName description="TEM PROVIDER" languagecode="1033" />
      </LocalizedNames>
    </AppModuleSiteMap>
  </AppModuleSiteMaps>
  <AppModules>
    <AppModule>
      <UniqueName>new_TEMPROVIDER</UniqueName>
      <IntroducedVersion>1.0</IntroducedVersion>
      <WebResourceId>aae615f7-0ccb-e711-80e5-000d3a007bf6</WebResourceId>
      <OptimizedFor></OptimizedFor>
      <statecode>0</statecode>
      <statuscode>1</statuscode>
      <FormFactor>1</FormFactor>
      <ClientType>4</ClientType>
      <NavigationType>0</NavigationType>
      <AppModuleComponents>
        <AppModuleComponent type="62" schemaName="new_TEMPROVIDER" />
        <AppModuleComponent type="1" schemaName="mcs_feedback" />
        <AppModuleComponent type="1" schemaName="lead" />
        <AppModuleComponent type="1" schemaName="cvt_oncallentry" />
        <AppModuleComponent type="1" schemaName="opportunity" />
        <AppModuleComponent type="1" schemaName="msdyn_serviceconfiguration" />
        <AppModuleComponent type="1" schemaName="mcs_site" />
      </AppModuleComponents>
      <AppModuleRoleMaps>
        <Role id="{627090ff-40a3-4053-8790-584edc5be201}" />
        <Role id="{119f245c-3cc8-4b62-b31c-d1a046ced15d}" />
        <Role id="{735ded9e-6616-ec11-b6e6-001dd802ec34}" />
      </AppModuleRoleMaps>
      <LocalizedNames>
        <LocalizedName description="TEM PROVIDER" languagecode="1033" />
      </LocalizedNames>
      <Descriptions>
        <Description description="This app is for Telehealth Emergency Management Providers with the Security Role of TEM Provider." languagecode="1033" />
      </Descriptions>
    </AppModule>
  </AppModules>
  <EntityDataProviders />
  <Languages>
    <Language>1033</Language>
  </Languages>
</ImportExportXml>