<ImportExportXml xmlns:xsi="http://www.w3.org/2001/XMLSchema-instance">
  <Entities>
    <Entity>
      <Name LocalizedName="Patient" OriginalName="Contact">Contact</Name>
      <EntityInfo>
        <entity Name="Contact">
          <attributes>
            <attribute PhysicalName="cvt_TabletType">
              <Type>picklist</Type>
              <Name>cvt_tablettype</Name>
              <LogicalName>cvt_tablettype</LogicalName>
              <RequiredLevel>none</RequiredLevel>
              <DisplayMask>ValidForAdvancedFind|ValidForForm|ValidForGrid</DisplayMask>
              <ImeMode>auto</ImeMode>
              <ValidForUpdateApi>1</ValidForUpdateApi>
              <ValidForReadApi>1</ValidForReadApi>
              <ValidForCreateApi>1</ValidForCreateApi>
              <IsCustomField>1</IsCustomField>
              <IsAuditEnabled>1</IsAuditEnabled>
              <IsSecured>0</IsSecured>
              <IntroducedVersion>2016.11.7.1</IntroducedVersion>
              <IsCustomizable>1</IsCustomizable>
              <IsRenameable>1</IsRenameable>
              <CanModifySearchSettings>1</CanModifySearchSettings>
              <CanModifyRequirementLevelSettings>1</CanModifyRequirementLevelSettings>
              <CanModifyAdditionalSettings>1</CanModifyAdditionalSettings>
              <SourceType>0</SourceType>
              <IsGlobalFilterEnabled>0</IsGlobalFilterEnabled>
              <IsSortableEnabled>0</IsSortableEnabled>
              <CanModifyGlobalFilterSettings>1</CanModifyGlobalFilterSettings>
              <CanModifyIsSortableSettings>1</CanModifyIsSortableSettings>
              <AutoNumberFormat></AutoNumberFormat>
              <IsSearchable>0</IsSearchable>
              <IsFilterable>0</IsFilterable>
              <IsRetrievable>0</IsRetrievable>
              <IsLocalizable>0</IsLocalizable>
              <AppDefaultValue>-1</AppDefaultValue>
              <optionset Name="cvt_contact_cvt_tablettype">
                <OptionSetType>picklist</OptionSetType>
                <IntroducedVersion>2016.11.9.2</IntroducedVersion>
                <IsCustomizable>1</IsCustomizable>
                <displaynames>
                  <displayname description="Tablet Type" languagecode="1033" />
                </displaynames>
                <Descriptions>
                  <Description description="" languagecode="1033" />
                </Descriptions>
                <options>
                  <option value="917290003" ExternalValue="" Color="">
                    <labels>
                      <label description="Personal Device" languagecode="1033" />
                    </labels>
                  </option>
                  <option value="917290002" ExternalValue="" Color="">
                    <labels>
                      <label description="VA Issued Device" languagecode="1033" />
                    </labels>
                  </option>
                  <option value="100000000" ExternalValue="" Color="#0000ff">
                    <labels>
                      <label description="SIP Device" languagecode="1033" />
                    </labels>
                  </option>
                </options>
              </optionset>
              <displaynames>
                <displayname description="Technology Type" languagecode="1033" />
              </displaynames>
              <Descriptions>
                <Description description="" languagecode="1033" />
              </Descriptions>
            </attribute>
          </attributes>
        </entity>
      </EntityInfo>
      <FormXml>
        <forms type="main">
          <systemform>
            <formid>{894cc46a-b0cb-4ab0-8bf6-200544e46a2d}</formid>
            <IntroducedVersion>1.0</IntroducedVersion>
            <FormPresentation>0</FormPresentation>
            <FormActivationState>1</FormActivationState>
            <form showImage="true" shownavigationbar="true" maxWidth="1900" headerdensity="HighWithControls" solutionaction="Modified">
              <tabs>
                <tab name="general" verticallayout="true" id="{9748ec98-3746-40cc-83bf-d15c7363166f}" IsUserDefined="0" ordinalvalue="0">
                  <columns>
                    <column width="100%" id="0">
                      <sections>
                        <section name="name" showlabel="false" showbar="false" id="{90b0776f-2977-4695-9cd4-73bb6c820f88}" IsUserDefined="0" ordinalvalue="0">
                          <rows>
                            <row>
                              <cell id="{888e8138-d8ba-3741-c295-24de4685ee7d}" showlabel="false" ordinalvalue="20005" solutionaction="Removed" />
                            </row>
                            <row>
                              <cell id="{bcacb28b-c322-b39a-d520-a2b211b736bb}" showlabel="false" ordinalvalue="20005" solutionaction="Added">
                                <labels>
                                  <label description="" languagecode="1033" />
                                </labels>
                              </cell>
                            </row>
                          </rows>
                        </section>
                      </sections>
                    </column>
                  </columns>
                </tab>
                <tab id="{bb24da24-a7c8-953e-3a14-9c57a01d7be2}" name="tab_5" IsUserDefined="0" showlabel="true" locklevel="0" expanded="true" ordinalvalue="1">
                  <columns>
                    <column width="100%" id="0">
                      <sections>
                        <section id="{ed8abcc6-e22d-1176-6632-364bde0bd428}" name="general_section_5" IsUserDefined="0" columns="11" showlabel="true" showbar="true" locklevel="0" layout="varwidth" labelwidth="115" celllabelalignment="Left" celllabelposition="Left" ordinalvalue="0">
                          <rows>
                            <row>
                              <cell id="{5be83576-2c7b-ae31-d990-62e3bc2ab12b}" showlabel="true" locklevel="0" ordinalvalue="20007">
                                <control disabled="false" id="emailaddress1" datafieldname="emailaddress1" classid="{ADA2203E-B4CD-49be-9DDF-234642B43B52}" uniqueid="{2a2a2d6c-a159-d481-323a-e543821eeb8b}" solutionaction="Modified" />
                              </cell>
                            </row>
                            <row>
                              <cell id="{a1679d11-20da-2c32-3ba5-ad668d5627b5}" showlabel="true" locklevel="0" ordinalvalue="20011" solutionaction="Modified">
                                <control id="cvt_staticvmrlink" classid="{4273EDBD-AC1D-40d3-9FB2-095C621B552D}" datafieldname="cvt_staticvmrlink" disabled="false" uniqueid="{1b13ea68-cbdb-0541-503d-51d435ea589b}" solutionaction="Modified" />
                              </cell>
                            </row>
                            <row>
                              <cell id="{01d1c87b-5594-5dab-539b-2ddc26e4637c}" showlabel="true" locklevel="1" visible="false" ordinalvalue="20009" solutionaction="Added">
                                <labels>
                                  <label description="Device Serial Number" languagecode="1033" />
                                </labels>
                                <control id="tmp_deviceserialnumber" classid="{4273EDBD-AC1D-40d3-9FB2-095C621B552D}" datafieldname="tmp_deviceserialnumber" disabled="true" uniqueid="{3e1ab338-c3c6-7e3d-1ed9-e532a0de01a9}" />
                              </cell>
                            </row>
                            <row>
                              <cell id="{157e20e5-bd7e-65ce-4e69-91e52c06b9a1}" showlabel="false" ordinalvalue="10010" solutionaction="Added">
                                <labels>
                                  <label description="" languagecode="1033" />
                                </labels>
                              </cell>
                            </row>
                          </rows>
                        </section>
                      </sections>
                    </column>
                  </columns>
                </tab>
                <tab id="{A6C643C6-E98F-4738-812F-0B7F7FFC80F7}" name="notes and activities" IsUserDefined="0" showlabel="true" locklevel="0" expanded="true" visible="false" ordinalvalue="3">
                  <columns>
                    <column width="100%" id="0">
                      <sections>
                        <section name="activities" showlabel="true" showbar="true" id="{f5e95813-3c0a-4385-b2a8-5d88c9edfaf9}" IsUserDefined="0" height="auto" ordinalvalue="0">
                          <rows />
                        </section>
                      </sections>
                    </column>
                  </columns>
                </tab>
              </tabs>
              <Navigation>
                <NavBar />
              </Navigation>
              <formLibraries>
                <Library name="cvt_jquery.1.7.1.js" libraryUniqueId="{71a03684-0126-0c89-e666-10c22b041ccd}" solutionaction="Added" />
              </formLibraries>
              <events>
                <event name="onload" application="false" active="false">
                  <Handlers>
                    <Handler functionName="MCS.Patient.StaticVmrLinkValidate" libraryName="cvt_Patient.js" handlerUniqueId="{37493683-7614-0a00-c481-6183892de128}" enabled="true" parameters="" passExecutionContext="true" ordinalvalue="2" solutionaction="Added" />
                    <Handler functionName="MCS.Patient.RemoveOptionFromTechnololgyType" libraryName="cvt_Patient.js" handlerUniqueId="{1d8cad8c-db00-28b6-356b-ad0ed913b7a4}" enabled="false" parameters="" passExecutionContext="true" ordinalvalue="3" solutionaction="Added" />
                    <Handler functionName="MCS.Patient.RemoveOptionFromTechnololgyType" libraryName="cvt_Patient.js" handlerUniqueId="{b26c0273-d898-aa86-eacc-5dbe2c21a8eb}" enabled="false" parameters="" passExecutionContext="true" ordinalvalue="4" solutionaction="Added" />
                  </Handlers>
                </event>
                <event name="onchange" application="false" active="false" attribute="cvt_staticvmrlink" solutionaction="Added">
                  <Handlers>
                    <Handler functionName="MCS.Patient.StaticVmrLinkValidate" libraryName="cvt_Patient.js" handlerUniqueId="{275606a1-c1ab-a701-187b-9b9ac9394cab}" enabled="true" parameters="" passExecutionContext="true" ordinalvalue="0" />
                  </Handlers>
                </event>
                <event name="onsave" application="false" active="false" solutionaction="Added">
                  <Handlers>
                    <Handler functionName="MCS.Patient.StaticVmrLinkValidate" libraryName="cvt_Patient.js" handlerUniqueId="{823e705c-40e2-162e-a53c-861c2342c067}" enabled="true" parameters="" passExecutionContext="true" ordinalvalue="0" />
                  </Handlers>
                </event>
                <event name="onchange" application="false" active="false" attribute="cvt_tablettype" solutionaction="Added">
                  <Handlers>
                    <Handler functionName="MCS.Patient.EmailRequiredCheck" libraryName="cvt_Patient.js" handlerUniqueId="{bd4e5834-3b02-b299-ada6-9be566a27abc}" enabled="true" parameters="" passExecutionContext="true" ordinalvalue="0" />
                  </Handlers>
                </event>
                <event name="onchange" application="false" active="false" attribute="donotemail" solutionaction="Added">
                  <Handlers>
                    <Handler functionName="MCS.Patient.EmailRequiredCheck" libraryName="cvt_Patient.js" handlerUniqueId="{69085481-0189-e605-8dbb-60dd0117e343}" enabled="true" parameters="" passExecutionContext="true" ordinalvalue="0" />
                  </Handlers>
                </event>
                <event name="onchange" application="false" active="false" attribute="tmp_deviceserialnumber" solutionaction="Added">
                  <Handlers>
                    <Handler functionName="MCS.Patient.RemoveOptionFromTechnololgyType" libraryName="cvt_Patient.js" handlerUniqueId="{6c8cab38-c501-3bc3-25b0-814d5ea28c34}" enabled="false" parameters="" passExecutionContext="true" ordinalvalue="0" />
                  </Handlers>
                </event>
              </events>
              <footer id="{dc36862a-cb84-4f75-bc30-41c9c72637f8}" celllabelposition="Top" columns="111" labelwidth="115" celllabelalignment="Left" solutionaction="Added">
                <rows>
                  <row>
                    <cell id="{b2031b15-14eb-41d4-aca6-bcd33d84b822}" showlabel="false" ordinalvalue="10000">
                      <labels>
                        <label description="" languagecode="1033" />
                      </labels>
                    </cell>
                    <cell id="{3367f627-3f5f-4289-8913-412ea206af67}" showlabel="false" ordinalvalue="20001">
                      <labels>
                        <label description="" languagecode="1033" />
                      </labels>
                    </cell>
                    <cell id="{d0232975-dee3-431d-b970-bac403aece4b}" showlabel="false" ordinalvalue="30002">
                      <labels>
                        <label description="" languagecode="1033" />
                      </labels>
                    </cell>
                  </row>
                </rows>
              </footer>
            </form>
            <LocalizedNames>
              <LocalizedName description="Information" languagecode="1033" />
            </LocalizedNames>
            <Descriptions>
              <Description description="A form for this entity." languagecode="1033" />
            </Descriptions>
          </systemform>
        </forms>
      </FormXml>
      <RibbonDiffXml>
        <CustomActions>
          <CustomAction Id="tmp.contact.ScheduleTestCall.Button.CustomAction" Location="Mscrm.Form.contact.MainTab.Save.Controls._children" Sequence="66">
            <CommandUIDefinition>
              <Button Alt="$LocLabels:tmp.contact.ScheduleTestCall.Button.Alt" Command="tmp.contact.ScheduleTestCall.Command" Id="tmp.contact.ScheduleTestCall.Button" LabelText="$LocLabels:tmp.contact.ScheduleTestCall.Button.LabelText" Sequence="66" TemplateAlias="o2" ToolTipTitle="$LocLabels:tmp.contact.ScheduleTestCall.Button.ToolTipTitle" ToolTipDescription="$LocLabels:tmp.contact.ScheduleTestCall.Button.ToolTipDescription" />
            </CommandUIDefinition>
          </CustomAction>
          <CustomAction Id="tmp.mcs.contact.ScheduleAppointment.Button.CustomAction" Location="Mscrm.Form.contact.MainTab.Save.Controls._children" Sequence="65">
            <CommandUIDefinition>
              <Button Alt="$LocLabels:mcs.contact.ScheduleAppointment.Button.Alt" Command="mcs.contact.ScheduleAppointment.Command" Id="mcs.contact.ScheduleAppointment.Button" Image32by32="/_imgs/ribbon/AddServiceActivity_32.png" Image16by16="/_imgs/ribbon/AddServiceActivity_16.png" LabelText="$LocLabels:mcs.contact.ScheduleAppointment.Button.LabelText" Sequence="65" TemplateAlias="o2" ToolTipTitle="$LocLabels:mcs.contact.ScheduleAppointment.Button.ToolTipTitle" ToolTipDescription="$LocLabels:mcs.contact.ScheduleAppointment.Button.ToolTipDescription" />
            </CommandUIDefinition>
          </CustomAction>
          <CustomAction Id="tmp.mcs.Form.contact.MainTab.Actions.AddServiceActivity.CustomAction" Location="Mscrm.Form.contact.MainTab.Actions.Controls._children" Sequence="29">
            <CommandUIDefinition>
              <Button Alt="$LocLabels:mcs.Form.contact.MainTab.Actions.AddServiceActivity.Alt" Command="mcs.Form.contact.MainTab.Actions.AddServiceActivity.Command" Description="Schedule Appointment" Id="mcs.Form.contact.MainTab.Actions.AddServiceActivity" Image32by32="/_imgs/ribbon/AddServiceActivity_32.png" Image16by16="/_imgs/ribbon/AddServiceActivity_16.png" LabelText="$LocLabels:mcs.Form.contact.MainTab.Actions.AddServiceActivity.LabelText" Sequence="29" TemplateAlias="isv" ToolTipTitle="$LocLabels:mcs.Form.contact.MainTab.Actions.AddServiceActivity.ToolTipTitle" ToolTipDescription="$LocLabels:mcs.Form.contact.MainTab.Actions.AddServiceActivity.ToolTipDescription" />
            </CommandUIDefinition>
          </CustomAction>
          <CustomAction Id="tmp.mcs.HomepageGrid.contact.MainTab.Actions.AddServiceActivity.CustomAction" Location="Mscrm.HomepageGrid.contact.MainTab.Actions.Controls._children" Sequence="20">
            <CommandUIDefinition>
              <Button Alt="$LocLabels:mcs.HomepageGrid.contact.MainTab.Actions.AddServiceActivity.Alt" Command="mcs.HomepageGrid.contact.MainTab.Actions.AddServiceActivity.Command" Description="Schedule Appointment" Id="mcs.HomepageGrid.contact.MainTab.Actions.AddServiceActivity" Image32by32="/_imgs/ribbon/AddServiceActivity_32.png" Image16by16="/_imgs/ribbon/AddServiceActivity_16.png" LabelText="$LocLabels:mcs.HomepageGrid.contact.MainTab.Actions.AddServiceActivity.LabelText" Sequence="20" TemplateAlias="isv" ToolTipTitle="$LocLabels:mcs.HomepageGrid.contact.MainTab.Actions.AddServiceActivity.ToolTipTitle" ToolTipDescription="$LocLabels:mcs.HomepageGrid.contact.MainTab.Actions.AddServiceActivity.ToolTipDescription" />
            </CommandUIDefinition>
          </CustomAction>
          <CustomAction Id="tmp.Mscrm.Form.contact.Delete.CustomAction" Location="Mscrm.Form.contact.MainTab.Save.Controls._children" Sequence="73">
            <CommandUIDefinition>
              <Button Alt="$Resources:Ribbon.HomepageGrid.MainTab.Management.Delete" Command="Mscrm.DeletePrimaryRecord" Id="Mscrm.Form.contact.Delete" Image32by32="/_imgs/Workplace/remove_32.png" Image16by16="/_imgs/ribbon/delete16.png" LabelText="$Resources:Ribbon.HomepageGrid.MainTab.Management.Delete" Sequence="73" TemplateAlias="o2" ToolTipTitle="$Resources:Mscrm_Form_Other_MainTab_Management_Delete_ToolTipTitle" ToolTipDescription="$Resources(EntityPluralDisplayName):Ribbon.Tooltip.Delete" ModernImage="Remove" />
            </CommandUIDefinition>
          </CustomAction>
          <HideCustomAction HideActionId="tmp.Mscrm.Form.contact.NewRecord.Hide" Location="Mscrm.Form.contact.NewRecord" />
          <HideCustomAction HideActionId="tmp.Mscrm.Form.contact.NewRecordForBPFEntity.Hide" Location="Mscrm.Form.contact.NewRecordForBPFEntity" />
          <HideCustomAction HideActionId="tmp.Mscrm.HomepageGrid.contact.NewRecord.Hide" Location="Mscrm.HomepageGrid.contact.NewRecord" />
          <HideCustomAction HideActionId="tmp.Mscrm.HomepageGrid.contact.NewRecordForBPFEntity.Hide" Location="Mscrm.HomepageGrid.contact.NewRecordForBPFEntity" />
          <HideCustomAction HideActionId="tmp.Mscrm.SubGrid.contact.NewRecord.Hide" Location="Mscrm.SubGrid.contact.NewRecord" />
        </CustomActions>
        <Templates>
          <RibbonTemplates Id="Mscrm.Templates"></RibbonTemplates>
        </Templates>
        <CommandDefinitions>
          <CommandDefinition Id="mcs.contact.ScheduleAppointment.Command">
            <EnableRules />
            <DisplayRules />
            <Actions>
              <JavaScriptFunction FunctionName="MCS.Patient.NewSchedulingAppointment" Library="$webresource:cvt_Patient.js">
                <CrmParameter Value="PrimaryControl" />
                <BoolParameter Value="false" />
              </JavaScriptFunction>
            </Actions>
          </CommandDefinition>
          <CommandDefinition Id="mcs.Form.contact.MainTab.Actions.AddServiceActivity.Command">
            <EnableRules />
            <DisplayRules>
              <DisplayRule Id="mcs.Form.contact.MainTab.Actions.AddServiceActivity.Command.DisplayRule.OrRule" />
            </DisplayRules>
            <Actions>
              <JavaScriptFunction FunctionName="XrmCore.Commands.Add.AddActivityOnForm" Library="$webresource:Main_system_library.js">
                <IntParameter Value="4214" />
                <CrmParameter Value="SelectedControlSelectedItemReferences" />
                <StringParameter />
              </JavaScriptFunction>
            </Actions>
          </CommandDefinition>
          <CommandDefinition Id="mcs.HomepageGrid.contact.MainTab.Actions.AddServiceActivity.Command">
            <EnableRules>
              <EnableRule Id="mcs.HomepageGrid.contact.MainTab.Actions.AddServiceActivity.Command.EnableRule.SelectionCountRule" />
            </EnableRules>
            <DisplayRules />
            <Actions>
              <JavaScriptFunction FunctionName="MCS.Patient.NewSchedulingAppointmentOnHome" Library="$webresource:cvt_Patient.js">
                <CrmParameter Value="SelectedControlSelectedItemReferences" />
              </JavaScriptFunction>
            </Actions>
          </CommandDefinition>
          <CommandDefinition Id="tmp.contact.ScheduleTestCall.Command">
            <EnableRules>
              <EnableRule Id="tmp.contact.EnableRule2.hideButton" />
            </EnableRules>
            <DisplayRules />
            <Actions>
              <JavaScriptFunction FunctionName="MCS.Patient.NewSchedulingAppointment" Library="$webresource:cvt_Patient.js">
                <CrmParameter Value="PrimaryControl" />
                <BoolParameter Value="true" />
              </JavaScriptFunction>
            </Actions>
          </CommandDefinition>
        </CommandDefinitions>
        <RuleDefinitions>
          <TabDisplayRules />
          <DisplayRules>
            <DisplayRule Id="mcs.Form.contact.MainTab.Actions.AddServiceActivity.Command.DisplayRule.OrRule">
              <OrRule>
                <Or>
                  <FormStateRule State="Disabled" />
                </Or>
                <Or>
                  <FormStateRule State="Disabled" />
                </Or>
              </OrRule>
            </DisplayRule>
          </DisplayRules>
          <EnableRules>
            <EnableRule Id="mcs.HomepageGrid.contact.MainTab.Actions.AddServiceActivity.Command.EnableRule.SelectionCountRule">
              <SelectionCountRule AppliesTo="SelectedEntity" Minimum="1" Maximum="1" />
            </EnableRule>
            <EnableRule Id="tmp.contact.EnableRule1.ScheduleAppointment">
              <SelectionCountRule Minimum="1" />
            </EnableRule>
            <EnableRule Id="tmp.contact.EnableRule2.hideButton">
              <CustomRule FunctionName="MCS.Patient.FeatureSwitchRibbonButton" Library="$webresource:cvt_Patient.js" Default="true" InvertResult="false" />
              <ValueRule Field="cvt_tablettype" Value="917290002" Default="true" InvertResult="false" />
              <ValueRule Field="cvt_tablettype" Value="" Default="false" InvertResult="true" />
            </EnableRule>
          </EnableRules>
        </RuleDefinitions>
        <LocLabels>
          <LocLabel Id="mcs.contact.ScheduleAppointment.Button.Alt">
            <Titles>
              <Title description="Schedule Appointment" languagecode="1033" />
            </Titles>
          </LocLabel>
          <LocLabel Id="mcs.contact.ScheduleAppointment.Button.LabelText">
            <Titles>
              <Title description="Schedule Appointment" languagecode="1033" />
            </Titles>
          </LocLabel>
          <LocLabel Id="mcs.contact.ScheduleAppointment.Button.ToolTipDescription">
            <Titles>
              <Title description="Schedule Appointment" languagecode="1033" />
            </Titles>
          </LocLabel>
          <LocLabel Id="mcs.contact.ScheduleAppointment.Button.ToolTipTitle">
            <Titles>
              <Title description="Schedule Appointment" languagecode="1033" />
            </Titles>
          </LocLabel>
          <LocLabel Id="mcs.Form.contact.MainTab.Actions.AddServiceActivity.Alt">
            <Titles>
              <Title description="Schedule Appointment" languagecode="1033" />
            </Titles>
          </LocLabel>
          <LocLabel Id="mcs.Form.contact.MainTab.Actions.AddServiceActivity.LabelText">
            <Titles>
              <Title description="Schedule Appointment" languagecode="1033" />
            </Titles>
          </LocLabel>
          <LocLabel Id="mcs.Form.contact.MainTab.Actions.AddServiceActivity.ToolTipDescription">
            <Titles>
              <Title description="Schedule Appointment" languagecode="1033" />
            </Titles>
          </LocLabel>
          <LocLabel Id="mcs.Form.contact.MainTab.Actions.AddServiceActivity.ToolTipTitle">
            <Titles>
              <Title description="Schedule Appointment" languagecode="1033" />
            </Titles>
          </LocLabel>
          <LocLabel Id="mcs.HomepageGrid.contact.MainTab.Actions.AddServiceActivity.Alt">
            <Titles>
              <Title description="Schedule Appointment" languagecode="1033" />
            </Titles>
          </LocLabel>
          <LocLabel Id="mcs.HomepageGrid.contact.MainTab.Actions.AddServiceActivity.LabelText">
            <Titles>
              <Title description="Schedule Appointment" languagecode="1033" />
            </Titles>
          </LocLabel>
          <LocLabel Id="mcs.HomepageGrid.contact.MainTab.Actions.AddServiceActivity.ToolTipDescription">
            <Titles>
              <Title description="Schedule Appointment" languagecode="1033" />
            </Titles>
          </LocLabel>
          <LocLabel Id="mcs.HomepageGrid.contact.MainTab.Actions.AddServiceActivity.ToolTipTitle">
            <Titles>
              <Title description="Schedule Appointment" languagecode="1033" />
            </Titles>
          </LocLabel>
          <LocLabel Id="tmp.contact.ScheduleTestCall.Button.Alt">
            <Titles>
              <Title description="Schedule Test Call" languagecode="1033" />
            </Titles>
          </LocLabel>
          <LocLabel Id="tmp.contact.ScheduleTestCall.Button.LabelText">
            <Titles>
              <Title description="Schedule Test Call" languagecode="1033" />
            </Titles>
          </LocLabel>
          <LocLabel Id="tmp.contact.ScheduleTestCall.Button.ToolTipDescription">
            <Titles>
              <Title description="Schedule Test Call" languagecode="1033" />
            </Titles>
          </LocLabel>
          <LocLabel Id="tmp.contact.ScheduleTestCall.Button.ToolTipTitle">
            <Titles>
              <Title description="Schedule Test Call" languagecode="1033" />
            </Titles>
          </LocLabel>
        </LocLabels>
      </RibbonDiffXml>
      <CustomControlDefaultConfigs>
        <CustomControlDefaultConfig>
          <ControlDescriptionXML><controlDescriptions><controlDescription><customControl id="{E7A81278-8635-4d9e-8D4D-59480B391C5B}"><parameters /></customControl><customControl formFactor="0" name="MscrmControls.Grid.PCFGridControl"><parameters><data-set name="Items" /><ColumnResizing static="true" type="Enum">Enable</ColumnResizing><ColumnMoving static="true" type="Enum">Enable</ColumnMoving><ColumnPinning static="true" type="Enum">Disable</ColumnPinning><RowStyle static="true" type="Enum">Flat</RowStyle><RowSelection static="true" type="Enum">Multiple</RowSelection><SelectionColumn static="true" type="Enum">Enable</SelectionColumn><JumpBar static="true" type="Enum">Enable</JumpBar><Footer static="true" type="Enum">Enable</Footer><ReflowBehavior static="true" type="Enum">Reflow</ReflowBehavior><EnableFiltering static="true" type="Enum">Enable</EnableFiltering><EnableRangeSelection static="true" type="Enum">yes</EnableRangeSelection><NavigationTypesAllowed static="true" type="Enum">all</NavigationTypesAllowed><RowHeight static="true" type="Whole.None">42</RowHeight><RowHeightMobile static="true" type="Whole.None">72</RowHeightMobile><HeaderHeight static="true" type="Whole.None">42</HeaderHeight><GridInnerLeftPadding static="true" type="Whole.None">32</GridInnerLeftPadding><GridInnerRightPadding static="true" type="Whole.None">32</GridInnerRightPadding></parameters></customControl><customControl formFactor="1" name="MscrmControls.Grid.PCFGridControl"><parameters><data-set name="Items" /><ColumnResizing static="true" type="Enum">Enable</ColumnResizing><ColumnMoving static="true" type="Enum">Enable</ColumnMoving><ColumnPinning static="true" type="Enum">Disable</ColumnPinning><RowStyle static="true" type="Enum">Flat</RowStyle><RowSelection static="true" type="Enum">Multiple</RowSelection><SelectionColumn static="true" type="Enum">Enable</SelectionColumn><JumpBar static="true" type="Enum">Enable</JumpBar><Footer static="true" type="Enum">Enable</Footer><ReflowBehavior static="true" type="Enum">Reflow</ReflowBehavior><EnableFiltering static="true" type="Enum">Enable</EnableFiltering><EnableRangeSelection static="true" type="Enum">yes</EnableRangeSelection><NavigationTypesAllowed static="true" type="Enum">all</NavigationTypesAllowed><RowHeight static="true" type="Whole.None">42</RowHeight><RowHeightMobile static="true" type="Whole.None">72</RowHeightMobile><HeaderHeight static="true" type="Whole.None">42</HeaderHeight><GridInnerLeftPadding static="true" type="Whole.None">32</GridInnerLeftPadding><GridInnerRightPadding static="true" type="Whole.None">32</GridInnerRightPadding></parameters></customControl><customControl formFactor="2" name="MscrmControls.Grid.PCFGridControl"><parameters><data-set name="Items" /><ColumnResizing static="true" type="Enum">Enable</ColumnResizing><ColumnMoving static="true" type="Enum">Enable</ColumnMoving><ColumnPinning static="true" type="Enum">Disable</ColumnPinning><RowStyle static="true" type="Enum">Flat</RowStyle><RowSelection static="true" type="Enum">Multiple</RowSelection><SelectionColumn static="true" type="Enum">Enable</SelectionColumn><JumpBar static="true" type="Enum">Enable</JumpBar><Footer static="true" type="Enum">Enable</Footer><ReflowBehavior static="true" type="Enum">Reflow</ReflowBehavior><EnableFiltering static="true" type="Enum">Enable</EnableFiltering><EnableRangeSelection static="true" type="Enum">yes</EnableRangeSelection><NavigationTypesAllowed static="true" type="Enum">all</NavigationTypesAllowed><RowHeight static="true" type="Whole.None">42</RowHeight><RowHeightMobile static="true" type="Whole.None">72</RowHeightMobile><HeaderHeight static="true" type="Whole.None">42</HeaderHeight><GridInnerLeftPadding static="true" type="Whole.None">32</GridInnerLeftPadding><GridInnerRightPadding static="true" type="Whole.None">32</GridInnerRightPadding></parameters></customControl></controlDescription></controlDescriptions></ControlDescriptionXML>
          <IntroducedVersion>5.0</IntroducedVersion>
        </CustomControlDefaultConfig>
      </CustomControlDefaultConfigs>
    </Entity>
  </Entities>
  <Roles></Roles>
  <Workflows></Workflows>
  <FieldSecurityProfiles></FieldSecurityProfiles>
  <Templates />
  <EntityMaps />
  <EntityRelationships />
  <OrganizationSettings />
  <optionsets />
  <WebResources>
    <WebResource>
      <WebResourceId>{da07b2ba-568f-e611-80dc-000d3a007bf6}</WebResourceId>
      <Name>mcs_serviceactivity.min.js</Name>
      <DisplayName>Service Activity javascript library</DisplayName>
      <LanguageCode>1033</LanguageCode>
      <WebResourceType>3</WebResourceType>
      <IntroducedVersion>1.0.0.0</IntroducedVersion>
      <IsEnabledForMobileClient>0</IsEnabledForMobileClient>
      <IsAvailableForMobileOffline>0</IsAvailableForMobileOffline>
      <DependencyXml>&lt;Dependencies&gt;&lt;Dependency componentType="WebResource"/&gt;&lt;/Dependencies&gt;</DependencyXml>
      <FileName>/WebResources/mcs_serviceactivityminjsDA07B2BA-568F-E611-80DC-000D3A007BF6</FileName>
    </WebResource>
    <WebResource>
      <WebResourceId>{14a8cd20-cae8-e611-80df-000d3a007bf6}</WebResourceId>
      <Name>cvt_mvi_search.js</Name>
      <DisplayName>cvt_mvi_search.js</DisplayName>
      <LanguageCode>1033</LanguageCode>
      <WebResourceType>3</WebResourceType>
      <IntroducedVersion>2017.02.01.1</IntroducedVersion>
      <IsEnabledForMobileClient>0</IsEnabledForMobileClient>
      <IsAvailableForMobileOffline>0</IsAvailableForMobileOffline>
      <DependencyXml>&lt;Dependencies&gt;&lt;Dependency componentType="WebResource"/&gt;&lt;/Dependencies&gt;</DependencyXml>
      <IsCustomizable>1</IsCustomizable>
      <CanBeDeleted>1</CanBeDeleted>
      <IsHidden>0</IsHidden>
      <FileName>/WebResources/cvt_mvi_searchjs14A8CD20-CAE8-E611-80DF-000D3A007BF6</FileName>
    </WebResource>
  </WebResources>
  <CustomControls />
  <EntityDataProviders />
  <Languages>
    <Language>1033</Language>
  </Languages>
</ImportExportXml>