<ImportExportXml version="9.2.23032.196" SolutionPackageVersion="9.2" languagecode="1033" generatedBy="CrmLive" xmlns:xsi="http://www.w3.org/2001/XMLSchema-instance">
  <SolutionManifest>
    <UniqueName>TMP501Patientformchanges</UniqueName>
    <LocalizedNames>
      <LocalizedName description="TMP5.0.1 Patient form changes" languagecode="1033" />
    </LocalizedNames>
    <Descriptions>
      <Description description="Additional Patient form changes that need to be done before repackaging." languagecode="1033" />
    </Descriptions>
    <Version>1.0.0.2</Version>
    <Managed>0</Managed>
    <Publisher>
      <UniqueName>tmpdefaultpublisher</UniqueName>
      <LocalizedNames>
        <LocalizedName description="TMP Default Publisher" languagecode="1033" />
      </LocalizedNames>
      <Descriptions />
      <EMailAddress xsi:nil="true"></EMailAddress>
      <SupportingWebsiteUrl xsi:nil="true"></SupportingWebsiteUrl>
      <CustomizationPrefix>tmp</CustomizationPrefix>
      <CustomizationOptionValuePrefix>17897</CustomizationOptionValuePrefix>
      <Addresses>
        <Address>
          <AddressNumber>1</AddressNumber>
          <AddressTypeCode>1</AddressTypeCode>
          <City xsi:nil="true"></City>
          <County xsi:nil="true"></County>
          <Country xsi:nil="true"></Country>
          <Fax xsi:nil="true"></Fax>
          <FreightTermsCode xsi:nil="true"></FreightTermsCode>
          <ImportSequenceNumber xsi:nil="true"></ImportSequenceNumber>
          <Latitude xsi:nil="true"></Latitude>
          <Line1 xsi:nil="true"></Line1>
          <Line2 xsi:nil="true"></Line2>
          <Line3 xsi:nil="true"></Line3>
          <Longitude xsi:nil="true"></Longitude>
          <Name xsi:nil="true"></Name>
          <PostalCode xsi:nil="true"></PostalCode>
          <PostOfficeBox xsi:nil="true"></PostOfficeBox>
          <PrimaryContactName xsi:nil="true"></PrimaryContactName>
          <ShippingMethodCode>1</ShippingMethodCode>
          <StateOrProvince xsi:nil="true"></StateOrProvince>
          <Telephone1 xsi:nil="true"></Telephone1>
          <Telephone2 xsi:nil="true"></Telephone2>
          <Telephone3 xsi:nil="true"></Telephone3>
          <TimeZoneRuleVersionNumber xsi:nil="true"></TimeZoneRuleVersionNumber>
          <UPSZone xsi:nil="true"></UPSZone>
          <UTCOffset xsi:nil="true"></UTCOffset>
          <UTCConversionTimeZoneCode xsi:nil="true"></UTCConversionTimeZoneCode>
        </Address>
        <Address>
          <AddressNumber>2</AddressNumber>
          <AddressTypeCode>1</AddressTypeCode>
          <City xsi:nil="true"></City>
          <County xsi:nil="true"></County>
          <Country xsi:nil="true"></Country>
          <Fax xsi:nil="true"></Fax>
          <FreightTermsCode xsi:nil="true"></FreightTermsCode>
          <ImportSequenceNumber xsi:nil="true"></ImportSequenceNumber>
          <Latitude xsi:nil="true"></Latitude>
          <Line1 xsi:nil="true"></Line1>
          <Line2 xsi:nil="true"></Line2>
          <Line3 xsi:nil="true"></Line3>
          <Longitude xsi:nil="true"></Longitude>
          <Name xsi:nil="true"></Name>
          <PostalCode xsi:nil="true"></PostalCode>
          <PostOfficeBox xsi:nil="true"></PostOfficeBox>
          <PrimaryContactName xsi:nil="true"></PrimaryContactName>
          <ShippingMethodCode>1</ShippingMethodCode>
          <StateOrProvince xsi:nil="true"></StateOrProvince>
          <Telephone1 xsi:nil="true"></Telephone1>
          <Telephone2 xsi:nil="true"></Telephone2>
          <Telephone3 xsi:nil="true"></Telephone3>
          <TimeZoneRuleVersionNumber xsi:nil="true"></TimeZoneRuleVersionNumber>
          <UPSZone xsi:nil="true"></UPSZone>
          <UTCOffset xsi:nil="true"></UTCOffset>
          <UTCConversionTimeZoneCode xsi:nil="true"></UTCConversionTimeZoneCode>
        </Address>
      </Addresses>
    </Publisher>
    <RootComponents>
      <RootComponent type="1" schemaName="contact" behavior="2" />
      <RootComponent type="61" schemaName="cvt_mvi_search.js" behavior="0" />
      <RootComponent type="61" schemaName="mcs_serviceactivity.min.js" behavior="0" />
    </RootComponents>
    <MissingDependencies>
      <MissingDependency>
        <Required type="1" schemaName="cvt_vistaintegrationresult" displayName="Vista Integration Result" solution="Active" />
        <Dependent type="60" displayName="Information" parentDisplayName="Patient" id="{894cc46a-b0cb-4ab0-8bf6-200544e46a2d}" />
      </MissingDependency>
      <MissingDependency>
        <Required type="1" schemaName="mcs_personidentifiers" displayName="Person Identifiers" solution="Active" />
        <Dependent type="60" displayName="Information" parentDisplayName="Patient" id="{894cc46a-b0cb-4ab0-8bf6-200544e46a2d}" />
      </MissingDependency>
      <MissingDependency>
        <Required type="10" schemaName="cvt_contact_cvt_vistaintegrationresult_Veteran" displayName="cvt_contact_cvt_vistaintegrationresult_Veteran" parentSchemaName="cvt_vistaintegrationresult" parentDisplayName="Vista Integration Result" solution="Active" />
        <Dependent type="60" displayName="Information" parentDisplayName="Patient" id="{894cc46a-b0cb-4ab0-8bf6-200544e46a2d}" />
      </MissingDependency>
      <MissingDependency>
        <Required type="10" schemaName="mcs_contact_mcs_personidentifiers_patient" displayName="mcs_contact_mcs_personidentifiers_patient" parentSchemaName="mcs_personidentifiers" parentDisplayName="Person Identifiers" solution="Active" />
        <Dependent type="60" displayName="Information" parentDisplayName="Patient" id="{894cc46a-b0cb-4ab0-8bf6-200544e46a2d}" />
      </MissingDependency>
      <MissingDependency>
        <Required type="2" schemaName="cvt_bltablet" displayName="Tablet SIP Address" parentSchemaName="contact" parentDisplayName="Patient" solution="Active" />
        <Dependent type="60" displayName="Information" parentDisplayName="Patient" id="{894cc46a-b0cb-4ab0-8bf6-200544e46a2d}" />
      </MissingDependency>
      <MissingDependency>
        <Required type="2" schemaName="cvt_staticvmrlink" displayName="Static VMR Link" parentSchemaName="contact" parentDisplayName="Patient" solution="Active" />
        <Dependent type="60" displayName="Information" parentDisplayName="Patient" id="{894cc46a-b0cb-4ab0-8bf6-200544e46a2d}" />
      </MissingDependency>
      <MissingDependency>
        <Required type="2" schemaName="cvt_timezone" displayName="Time Zone" parentSchemaName="contact" parentDisplayName="Patient" solution="Active" />
        <Dependent type="60" displayName="Information" parentDisplayName="Patient" id="{894cc46a-b0cb-4ab0-8bf6-200544e46a2d}" />
      </MissingDependency>
      <MissingDependency>
        <Required type="2" schemaName="cvt_vistaids" displayName="Vista IDs" parentSchemaName="contact" parentDisplayName="Patient" solution="Active" />
        <Dependent type="60" displayName="Information" parentDisplayName="Patient" id="{894cc46a-b0cb-4ab0-8bf6-200544e46a2d}" />
      </MissingDependency>
      <MissingDependency>
        <Required type="2" schemaName="defaultpricelevelid" displayName="Price List" parentSchemaName="contact" parentDisplayName="Patient" solution="msdynce_ProductManagement (9.0.4.0066)">
          <package>msdynce_ProductManagementAnchor (9.0.23021.10002)</package>
        </Required>
        <Dependent type="60" displayName="Information" parentDisplayName="Patient" id="{894cc46a-b0cb-4ab0-8bf6-200544e46a2d}" />
      </MissingDependency>
      <MissingDependency>
        <Required type="2" schemaName="mcs_branchofservice" displayName="Branch of Service" parentSchemaName="contact" parentDisplayName="Patient" solution="Active" />
        <Dependent type="60" displayName="Information" parentDisplayName="Patient" id="{894cc46a-b0cb-4ab0-8bf6-200544e46a2d}" />
      </MissingDependency>
      <MissingDependency>
        <Required type="2" schemaName="mcs_deceased" displayName="Deceased" parentSchemaName="contact" parentDisplayName="Patient" solution="Active" />
        <Dependent type="60" displayName="Information" parentDisplayName="Patient" id="{894cc46a-b0cb-4ab0-8bf6-200544e46a2d}" />
      </MissingDependency>
      <MissingDependency>
        <Required type="2" schemaName="mcs_deceaseddate" displayName="Deceased Date" parentSchemaName="contact" parentDisplayName="Patient" solution="Active" />
        <Dependent type="60" displayName="Information" parentDisplayName="Patient" id="{894cc46a-b0cb-4ab0-8bf6-200544e46a2d}" />
      </MissingDependency>
      <MissingDependency>
        <Required type="2" schemaName="mcs_identitytheft" displayName="Identity Theft" parentSchemaName="contact" parentDisplayName="Patient" solution="Active" />
        <Dependent type="60" displayName="Information" parentDisplayName="Patient" id="{894cc46a-b0cb-4ab0-8bf6-200544e46a2d}" />
      </MissingDependency>
      <MissingDependency>
        <Required type="2" schemaName="mcs_last4" displayName="Last 4" parentSchemaName="contact" parentDisplayName="Patient" solution="Active" />
        <Dependent type="60" displayName="Information" parentDisplayName="Patient" id="{894cc46a-b0cb-4ab0-8bf6-200544e46a2d}" />
      </MissingDependency>
      <MissingDependency>
        <Required type="2" schemaName="mcs_othernames" displayName="Other Names" parentSchemaName="contact" parentDisplayName="Patient" solution="Active" />
        <Dependent type="60" displayName="Information" parentDisplayName="Patient" id="{894cc46a-b0cb-4ab0-8bf6-200544e46a2d}" />
      </MissingDependency>
      <MissingDependency>
        <Required type="2" schemaName="originatingleadid" displayName="Originating Lead" parentSchemaName="contact" parentDisplayName="Patient" solution="msdynce_LeadManagement (9.0.4.0066)">
          <package>msdynce_LeadManagementAnchor (9.0.23021.10002)</package>
        </Required>
        <Dependent type="60" displayName="Information" parentDisplayName="Patient" id="{894cc46a-b0cb-4ab0-8bf6-200544e46a2d}" />
      </MissingDependency>
      <MissingDependency>
        <Required type="2" schemaName="preferredequipmentid" displayName="Preferred Facility/Equipment" parentSchemaName="contact" parentDisplayName="Patient" solution="msdynce_Service (9.0.5.56)">
          <package>msdynce_ServiceAnchor (9.0.23033.3041)</package>
        </Required>
        <Dependent type="60" displayName="Information" parentDisplayName="Patient" id="{894cc46a-b0cb-4ab0-8bf6-200544e46a2d}" />
      </MissingDependency>
      <MissingDependency>
        <Required type="2" schemaName="preferredserviceid" displayName="Preferred Service" parentSchemaName="contact" parentDisplayName="Patient" solution="msdynce_Service (9.0.5.56)">
          <package>msdynce_ServiceAnchor (9.0.23033.3041)</package>
        </Required>
        <Dependent type="60" displayName="Information" parentDisplayName="Patient" id="{894cc46a-b0cb-4ab0-8bf6-200544e46a2d}" />
      </MissingDependency>
      <MissingDependency>
        <Required type="2" schemaName="tmp_deviceserialnumber" displayName="Device Serial Number" parentSchemaName="contact" parentDisplayName="Patient" solution="Active" />
        <Dependent type="60" displayName="Information" parentDisplayName="Patient" id="{894cc46a-b0cb-4ab0-8bf6-200544e46a2d}" />
      </MissingDependency>
      <MissingDependency>
        <Required type="26" schemaName="Identifier List" displayName="Identifier List" parentSchemaName="mcs_personidentifiers" parentDisplayName="Person Identifiers" solution="Active" id="{12e0a471-e3e9-e411-8e4c-00155d14e721}" />
        <Dependent type="60" displayName="Information" parentDisplayName="Patient" id="{894cc46a-b0cb-4ab0-8bf6-200544e46a2d}" />
      </MissingDependency>
      <MissingDependency>
        <Required type="26" schemaName="Vista Books/Cancels Sub-Grid" displayName="Vista Books/Cancels Sub-Grid" parentSchemaName="cvt_vistaintegrationresult" parentDisplayName="Vista Integration Result" solution="Active" id="{1aceb3e8-cbc6-e611-80de-000d3a007bf6}" />
        <Dependent type="60" displayName="Information" parentDisplayName="Patient" id="{894cc46a-b0cb-4ab0-8bf6-200544e46a2d}" />
      </MissingDependency>
      <MissingDependency>
        <Required type="26" schemaName="Active Services" displayName="Active Services" parentSchemaName="service" parentDisplayName="Service" solution="msdynce_Service (9.0.5.56)" id="{2bd4de5e-a7b4-4f5d-8fde-eb3b62d8e2b2}">
          <package>msdynce_ServiceAnchor (9.0.23033.3041)</package>
        </Required>
        <Dependent type="60" displayName="Information" parentDisplayName="Patient" id="{894cc46a-b0cb-4ab0-8bf6-200544e46a2d}" />
      </MissingDependency>
      <MissingDependency>
        <Required type="26" schemaName="Active Vista Integration Results" displayName="Active Vista Integration Results" parentSchemaName="cvt_vistaintegrationresult" parentDisplayName="Vista Integration Result" solution="Active" id="{60fd513b-e3c4-42f2-bdf7-1f90108705df}" />
        <Dependent type="60" displayName="Information" parentDisplayName="Patient" id="{894cc46a-b0cb-4ab0-8bf6-200544e46a2d}" />
      </MissingDependency>
      <MissingDependency>
        <Required type="26" schemaName="Active Person Identifiers" displayName="Active Person Identifiers" parentSchemaName="mcs_personidentifiers" parentDisplayName="Person Identifiers" solution="Active" id="{935aec72-1f2d-4e8f-8230-b6cfc7f4ebf3}" />
        <Dependent type="60" displayName="Information" parentDisplayName="Patient" id="{894cc46a-b0cb-4ab0-8bf6-200544e46a2d}" />
      </MissingDependency>
      <MissingDependency>
        <Required type="60" displayName="Information" parentDisplayName="Patient" solution="msdynce_AppCommon (9.0.4.0066)" id="{894cc46a-b0cb-4ab0-8bf6-200544e46a2d}">
          <package>msdynce_AppCommonAnchor (9.0.23032.15004)</package>
        </Required>
        <Dependent type="60" displayName="Information" parentDisplayName="Patient" id="{894cc46a-b0cb-4ab0-8bf6-200544e46a2d}" />
      </MissingDependency>
      <MissingDependency>
        <Required type="61" schemaName="cvt_jquery.1.7.1.js" displayName="cvt_jquery.1.7.1.js" solution="TMP_Sprint24 (1.0.0.0)" />
        <Dependent type="60" displayName="Information" parentDisplayName="Patient" id="{894cc46a-b0cb-4ab0-8bf6-200544e46a2d}" />
      </MissingDependency>
      <MissingDependency>
        <Required type="61" schemaName="cvt_Patient.js" displayName="cvt_Patient.js" solution="Active" />
        <Dependent type="60" displayName="Information" parentDisplayName="Patient" id="{894cc46a-b0cb-4ab0-8bf6-200544e46a2d}" />
      </MissingDependency>
      <MissingDependency>
        <Required type="61" schemaName="mcs_serviceactivity.min.js" displayName="mcs_serviceactivity.min.js" solution="TMP_Sprint22 (1.0.0.2)" />
        <Dependent type="61" schemaName="mcs_serviceactivity.min.js" displayName="mcs_serviceactivity.min.js" />
      </MissingDependency>
      <MissingDependency>
        <Required type="61" schemaName="tmp_patientflags" displayName="tmp_patientflags" solution="TMP_Sprint23 (1.0.0.0)" />
        <Dependent type="60" displayName="Information" parentDisplayName="Patient" id="{894cc46a-b0cb-4ab0-8bf6-200544e46a2d}" />
      </MissingDependency>
    </MissingDependencies>
  </SolutionManifest>
</ImportExportXml>