<ImportExportXml version="9.2.25012.204" SolutionPackageVersion="9.2" languagecode="1033" generatedBy="CrmLive" xmlns:xsi="http://www.w3.org/2001/XMLSchema-instance" OrganizationVersion="9.2.25012.204" OrganizationSchemaType="Full" CRMServerServiceabilityVersion="9.2.25012.00204">
  <SolutionManifest>
    <UniqueName>TMPHotfixRelease5261</UniqueName>
    <LocalizedNames>
      <LocalizedName description="TMP Hotfix Release 5.2.6.1" languagecode="1033" />
    </LocalizedNames>
    <Descriptions />
    <Version>1.0.0.1</Version>
    <Managed>0</Managed>
    <Publisher>
      <UniqueName>tmpdefaultpublisher</UniqueName>
      <LocalizedNames>
        <LocalizedName description="TMP Default Publisher" languagecode="1033" />
      </LocalizedNames>
      <Descriptions />
      <EMailAddress xsi:nil="true"></EMailAddress>
      <SupportingWebsiteUrl xsi:nil="true"></SupportingWebsiteUrl>
      <CustomizationPrefix>tmp</CustomizationPrefix>
      <CustomizationOptionValuePrefix>17897</CustomizationOptionValuePrefix>
      <Addresses>
        <Address>
          <AddressNumber>1</AddressNumber>
          <AddressTypeCode>1</AddressTypeCode>
          <City xsi:nil="true"></City>
          <County xsi:nil="true"></County>
          <Country xsi:nil="true"></Country>
          <Fax xsi:nil="true"></Fax>
          <FreightTermsCode xsi:nil="true"></FreightTermsCode>
          <ImportSequenceNumber xsi:nil="true"></ImportSequenceNumber>
          <Latitude xsi:nil="true"></Latitude>
          <Line1 xsi:nil="true"></Line1>
          <Line2 xsi:nil="true"></Line2>
          <Line3 xsi:nil="true"></Line3>
          <Longitude xsi:nil="true"></Longitude>
          <Name xsi:nil="true"></Name>
          <PostalCode xsi:nil="true"></PostalCode>
          <PostOfficeBox xsi:nil="true"></PostOfficeBox>
          <PrimaryContactName xsi:nil="true"></PrimaryContactName>
          <ShippingMethodCode>1</ShippingMethodCode>
          <StateOrProvince xsi:nil="true"></StateOrProvince>
          <Telephone1 xsi:nil="true"></Telephone1>
          <Telephone2 xsi:nil="true"></Telephone2>
          <Telephone3 xsi:nil="true"></Telephone3>
          <TimeZoneRuleVersionNumber xsi:nil="true"></TimeZoneRuleVersionNumber>
          <UPSZone xsi:nil="true"></UPSZone>
          <UTCOffset xsi:nil="true"></UTCOffset>
          <UTCConversionTimeZoneCode xsi:nil="true"></UTCConversionTimeZoneCode>
        </Address>
        <Address>
          <AddressNumber>2</AddressNumber>
          <AddressTypeCode>1</AddressTypeCode>
          <City xsi:nil="true"></City>
          <County xsi:nil="true"></County>
          <Country xsi:nil="true"></Country>
          <Fax xsi:nil="true"></Fax>
          <FreightTermsCode xsi:nil="true"></FreightTermsCode>
          <ImportSequenceNumber xsi:nil="true"></ImportSequenceNumber>
          <Latitude xsi:nil="true"></Latitude>
          <Line1 xsi:nil="true"></Line1>
          <Line2 xsi:nil="true"></Line2>
          <Line3 xsi:nil="true"></Line3>
          <Longitude xsi:nil="true"></Longitude>
          <Name xsi:nil="true"></Name>
          <PostalCode xsi:nil="true"></PostalCode>
          <PostOfficeBox xsi:nil="true"></PostOfficeBox>
          <PrimaryContactName xsi:nil="true"></PrimaryContactName>
          <ShippingMethodCode>1</ShippingMethodCode>
          <StateOrProvince xsi:nil="true"></StateOrProvince>
          <Telephone1 xsi:nil="true"></Telephone1>
          <Telephone2 xsi:nil="true"></Telephone2>
          <Telephone3 xsi:nil="true"></Telephone3>
          <TimeZoneRuleVersionNumber xsi:nil="true"></TimeZoneRuleVersionNumber>
          <UPSZone xsi:nil="true"></UPSZone>
          <UTCOffset xsi:nil="true"></UTCOffset>
          <UTCConversionTimeZoneCode xsi:nil="true"></UTCConversionTimeZoneCode>
        </Address>
      </Addresses>
    </Publisher>
    <RootComponents>
      <RootComponent type="91" id="{69719429-31ad-4864-8a1f-c6597679e24b}" schemaName="VA.TMP.Integration.Plugins, Version=1.0.0.0, Culture=neutral, PublicKeyToken=f9ed7db8a23d3ea1" behavior="0" />
    </RootComponents>
    <MissingDependencies>
      <MissingDependency>
        <Required type="90" schemaName="VA.TMP.Integration.Plugins.ServiceAppointment.ServiceAppointmentProxyAddUpdatePostStage, VA.TMP.Integration.Plugins, Version=1.0.0.0, Culture=neutral, PublicKeyToken=f9ed7db8a23d3ea1" displayName="VA.TMP.Integration.Plugins.ServiceAppointment.ServiceAppointmentProxyAddUpdatePostStage" solution="TMP_Sprint23 (1.0.0.0)" id="{0eb1462c-998d-e711-9431-0050568da084}" />
        <Dependent type="90" schemaName="VA.TMP.Integration.Plugins.ServiceAppointment.ServiceAppointmentProxyAddUpdatePostStage, VA.TMP.Integration.Plugins, Version=1.0.0.0, Culture=neutral, PublicKeyToken=f9ed7db8a23d3ea1" displayName="VA.TMP.Integration.Plugins.ServiceAppointment.ServiceAppointmentProxyAddUpdatePostStage" id="{0eb1462c-998d-e711-9431-0050568da084}" />
      </MissingDependency>
      <MissingDependency>
        <Required type="90" schemaName="VA.TMP.Integration.Plugins.ServiceAppointment.ServiceAppointmentCreatePostStage, VA.TMP.Integration.Plugins, Version=1.0.0.0, Culture=neutral, PublicKeyToken=f9ed7db8a23d3ea1" displayName="VA.TMP.Integration.Plugins.ServiceAppointment.ServiceAppointmentCreatePostStage" solution="TMP_Sprint23 (1.0.0.0)" id="{18727b17-f079-e611-9421-0050568da084}" />
        <Dependent type="90" schemaName="VA.TMP.Integration.Plugins.ServiceAppointment.ServiceAppointmentCreatePostStage, VA.TMP.Integration.Plugins, Version=1.0.0.0, Culture=neutral, PublicKeyToken=f9ed7db8a23d3ea1" displayName="VA.TMP.Integration.Plugins.ServiceAppointment.ServiceAppointmentCreatePostStage" id="{18727b17-f079-e611-9421-0050568da084}" />
      </MissingDependency>
      <MissingDependency>
        <Required type="90" schemaName="VA.TMP.Integration.Plugins.ServiceAppointment.ServiceAppointmentVmrUpdatePostStage, VA.TMP.Integration.Plugins, Version=1.0.0.0, Culture=neutral, PublicKeyToken=f9ed7db8a23d3ea1" displayName="VA.TMP.Integration.Plugins.ServiceAppointment.ServiceAppointmentVmrUpdatePostStage" solution="TMP_Sprint23 (1.0.0.0)" id="{19727b17-f079-e611-9421-0050568da084}" />
        <Dependent type="90" schemaName="VA.TMP.Integration.Plugins.ServiceAppointment.ServiceAppointmentVmrUpdatePostStage, VA.TMP.Integration.Plugins, Version=1.0.0.0, Culture=neutral, PublicKeyToken=f9ed7db8a23d3ea1" displayName="VA.TMP.Integration.Plugins.ServiceAppointment.ServiceAppointmentVmrUpdatePostStage" id="{19727b17-f079-e611-9421-0050568da084}" />
      </MissingDependency>
      <MissingDependency>
        <Required type="90" schemaName="VA.TMP.Integration.Plugins.Appointment.AppointmentIntegrationOrchestratorUpdatePostStage, VA.TMP.Integration.Plugins, Version=1.0.0.0, Culture=neutral, PublicKeyToken=f9ed7db8a23d3ea1" displayName="VA.TMP.Integration.Plugins.Appointment.AppointmentIntegrationOrchestratorUpdatePostStage" solution="TMP_Sprint23 (1.0.0.0)" id="{210e87e9-f6ce-e711-9436-0050568da084}" />
        <Dependent type="90" schemaName="VA.TMP.Integration.Plugins.Appointment.AppointmentIntegrationOrchestratorUpdatePostStage, VA.TMP.Integration.Plugins, Version=1.0.0.0, Culture=neutral, PublicKeyToken=f9ed7db8a23d3ea1" displayName="VA.TMP.Integration.Plugins.Appointment.AppointmentIntegrationOrchestratorUpdatePostStage" id="{210e87e9-f6ce-e711-9436-0050568da084}" />
      </MissingDependency>
      <MissingDependency>
        <Required type="90" schemaName="VA.TMP.Integration.Plugins.Appointment.AppointmentUpdateVistaPostStage, VA.TMP.Integration.Plugins, Version=1.0.0.0, Culture=neutral, PublicKeyToken=f9ed7db8a23d3ea1" displayName="VA.TMP.Integration.Plugins.Appointment.AppointmentUpdateVistaPostStage" solution="TMP_Sprint23 (1.0.0.0)" id="{220e87e9-f6ce-e711-9436-0050568da084}" />
        <Dependent type="90" schemaName="VA.TMP.Integration.Plugins.Appointment.AppointmentUpdateVistaPostStage, VA.TMP.Integration.Plugins, Version=1.0.0.0, Culture=neutral, PublicKeyToken=f9ed7db8a23d3ea1" displayName="VA.TMP.Integration.Plugins.Appointment.AppointmentUpdateVistaPostStage" id="{220e87e9-f6ce-e711-9436-0050568da084}" />
      </MissingDependency>
      <MissingDependency>
        <Required type="90" schemaName="VA.TMP.Integration.Plugins.ServiceAppointment.ServiceAppointmentIntegrationOrchestratorPostStage, VA.TMP.Integration.Plugins, Version=1.0.0.0, Culture=neutral, PublicKeyToken=f9ed7db8a23d3ea1" displayName="VA.TMP.Integration.Plugins.ServiceAppointment.ServiceAppointmentIntegrationOrchestratorPostStage" solution="TMP_Sprint23 (1.0.0.0)" id="{230e87e9-f6ce-e711-9436-0050568da084}" />
        <Dependent type="90" schemaName="VA.TMP.Integration.Plugins.ServiceAppointment.ServiceAppointmentIntegrationOrchestratorPostStage, VA.TMP.Integration.Plugins, Version=1.0.0.0, Culture=neutral, PublicKeyToken=f9ed7db8a23d3ea1" displayName="VA.TMP.Integration.Plugins.ServiceAppointment.ServiceAppointmentIntegrationOrchestratorPostStage" id="{230e87e9-f6ce-e711-9436-0050568da084}" />
      </MissingDependency>
      <MissingDependency>
        <Required type="90" schemaName="VA.TMP.Integration.Plugins.ServiceAppointment.ServiceAppointmentVistaCancelPostStage, VA.TMP.Integration.Plugins, Version=1.0.0.0, Culture=neutral, PublicKeyToken=f9ed7db8a23d3ea1" displayName="VA.TMP.Integration.Plugins.ServiceAppointment.ServiceAppointmentVistaCancelPostStage" solution="TMP_Sprint23 (1.0.0.0)" id="{240e87e9-f6ce-e711-9436-0050568da084}" />
        <Dependent type="90" schemaName="VA.TMP.Integration.Plugins.ServiceAppointment.ServiceAppointmentVistaCancelPostStage, VA.TMP.Integration.Plugins, Version=1.0.0.0, Culture=neutral, PublicKeyToken=f9ed7db8a23d3ea1" displayName="VA.TMP.Integration.Plugins.ServiceAppointment.ServiceAppointmentVistaCancelPostStage" id="{240e87e9-f6ce-e711-9436-0050568da084}" />
      </MissingDependency>
      <MissingDependency>
        <Required type="90" schemaName="VA.TMP.Integration.Plugins.ServiceAppointment.ServiceAppointmentVistaUpdatePostStage, VA.TMP.Integration.Plugins, Version=1.0.0.0, Culture=neutral, PublicKeyToken=f9ed7db8a23d3ea1" displayName="VA.TMP.Integration.Plugins.ServiceAppointment.ServiceAppointmentVistaUpdatePostStage" solution="TMP_Sprint23 (1.0.0.0)" id="{250e87e9-f6ce-e711-9436-0050568da084}" />
        <Dependent type="90" schemaName="VA.TMP.Integration.Plugins.ServiceAppointment.ServiceAppointmentVistaUpdatePostStage, VA.TMP.Integration.Plugins, Version=1.0.0.0, Culture=neutral, PublicKeyToken=f9ed7db8a23d3ea1" displayName="VA.TMP.Integration.Plugins.ServiceAppointment.ServiceAppointmentVistaUpdatePostStage" id="{250e87e9-f6ce-e711-9436-0050568da084}" />
      </MissingDependency>
      <MissingDependency>
        <Required type="90" schemaName="VA.TMP.Integration.Plugins.Patient_flag.PatientGetPatientFlagPreStage, VA.TMP.Integration.Plugins, Version=1.0.0.0, Culture=neutral, PublicKeyToken=f9ed7db8a23d3ea1" displayName="VA.TMP.Integration.Plugins.Patient_flag.PatientGetPatientFlagPreStage" solution="TMP_Sprint23 (1.0.0.0)" id="{2b759c6f-5055-4f56-8035-ec07b3611870}" />
        <Dependent type="90" schemaName="VA.TMP.Integration.Plugins.Patient_flag.PatientGetPatientFlagPreStage, VA.TMP.Integration.Plugins, Version=1.0.0.0, Culture=neutral, PublicKeyToken=f9ed7db8a23d3ea1" displayName="VA.TMP.Integration.Plugins.Patient_flag.PatientGetPatientFlagPreStage" id="{2b759c6f-5055-4f56-8035-ec07b3611870}" />
      </MissingDependency>
      <MissingDependency>
        <Required type="90" schemaName="VA.TMP.Integration.Plugins.ServiceAppointment.ServiceAppointmentVmrCancelPostStage, VA.TMP.Integration.Plugins, Version=1.0.0.0, Culture=neutral, PublicKeyToken=f9ed7db8a23d3ea1" displayName="VA.TMP.Integration.Plugins.ServiceAppointment.ServiceAppointmentVmrCancelPostStage" solution="TMP_Sprint23 (1.0.0.0)" id="{c6716244-8d27-e811-943a-0050568da084}" />
        <Dependent type="90" schemaName="VA.TMP.Integration.Plugins.ServiceAppointment.ServiceAppointmentVmrCancelPostStage, VA.TMP.Integration.Plugins, Version=1.0.0.0, Culture=neutral, PublicKeyToken=f9ed7db8a23d3ea1" displayName="VA.TMP.Integration.Plugins.ServiceAppointment.ServiceAppointmentVmrCancelPostStage" id="{c6716244-8d27-e811-943a-0050568da084}" />
      </MissingDependency>
      <MissingDependency>
        <Required type="90" schemaName="VA.TMP.Integration.Plugins.CrmePerson.CrmePersonRetrieveMultiplePostHealthShareGetConsults, VA.TMP.Integration.Plugins, Version=1.0.0.0, Culture=neutral, PublicKeyToken=f9ed7db8a23d3ea1" displayName="VA.TMP.Integration.Plugins.CrmePerson.CrmePersonRetrieveMultiplePostHealthShareGetConsults" solution="TMP_Sprint23 (1.0.0.0)" id="{de220774-2794-e811-943f-0050568da084}" />
        <Dependent type="90" schemaName="VA.TMP.Integration.Plugins.CrmePerson.CrmePersonRetrieveMultiplePostHealthShareGetConsults, VA.TMP.Integration.Plugins, Version=1.0.0.0, Culture=neutral, PublicKeyToken=f9ed7db8a23d3ea1" displayName="VA.TMP.Integration.Plugins.CrmePerson.CrmePersonRetrieveMultiplePostHealthShareGetConsults" id="{de220774-2794-e811-943f-0050568da084}" />
      </MissingDependency>
      <MissingDependency>
        <Required type="90" schemaName="VA.TMP.Integration.Plugins.CvtVod.CvtVodCreatePostStage, VA.TMP.Integration.Plugins, Version=1.0.0.0, Culture=neutral, PublicKeyToken=f9ed7db8a23d3ea1" displayName="VA.TMP.Integration.Plugins.CvtVod.CvtVodCreatePostStage" solution="TMP_Sprint23 (1.0.0.0)" id="{f0e55e4f-0f3f-e711-942c-0050568da084}" />
        <Dependent type="90" schemaName="VA.TMP.Integration.Plugins.CvtVod.CvtVodCreatePostStage, VA.TMP.Integration.Plugins, Version=1.0.0.0, Culture=neutral, PublicKeyToken=f9ed7db8a23d3ea1" displayName="VA.TMP.Integration.Plugins.CvtVod.CvtVodCreatePostStage" id="{f0e55e4f-0f3f-e711-942c-0050568da084}" />
      </MissingDependency>
      <MissingDependency>
        <Required type="90" schemaName="VA.TMP.Integration.Plugins.CrmePerson.CrmePersonRetrieveMultiplePostStage, VA.TMP.Integration.Plugins, Version=1.0.0.0, Culture=neutral, PublicKeyToken=f9ed7db8a23d3ea1" displayName="VA.TMP.Integration.Plugins.CrmePerson.CrmePersonRetrieveMultiplePostStage" solution="TMP_Sprint23 (1.0.0.0)" id="{f4a23de8-b38a-e611-9423-0050568da084}" />
        <Dependent type="90" schemaName="VA.TMP.Integration.Plugins.CrmePerson.CrmePersonRetrieveMultiplePostStage, VA.TMP.Integration.Plugins, Version=1.0.0.0, Culture=neutral, PublicKeyToken=f9ed7db8a23d3ea1" displayName="VA.TMP.Integration.Plugins.CrmePerson.CrmePersonRetrieveMultiplePostStage" id="{f4a23de8-b38a-e611-9423-0050568da084}" />
      </MissingDependency>
      <MissingDependency>
        <Required type="90" schemaName="VA.TMP.Integration.Plugins.VistaIntegrationResult.VistaIntegrationResultUpdatePostStage, VA.TMP.Integration.Plugins, Version=1.0.0.0, Culture=neutral, PublicKeyToken=f9ed7db8a23d3ea1" displayName="VA.TMP.Integration.Plugins.VistaIntegrationResult.VistaIntegrationResultUpdatePostStage" solution="TMP_Sprint23 (1.0.0.0)" id="{fa6173d9-ce31-e711-942b-0050568da084}" />
        <Dependent type="90" schemaName="VA.TMP.Integration.Plugins.VistaIntegrationResult.VistaIntegrationResultUpdatePostStage, VA.TMP.Integration.Plugins, Version=1.0.0.0, Culture=neutral, PublicKeyToken=f9ed7db8a23d3ea1" displayName="VA.TMP.Integration.Plugins.VistaIntegrationResult.VistaIntegrationResultUpdatePostStage" id="{fa6173d9-ce31-e711-942b-0050568da084}" />
      </MissingDependency>
      <MissingDependency>
        <Required type="91" schemaName="VA.TMP.Integration.Plugins, Version=1.0.0.0, Culture=neutral, PublicKeyToken=f9ed7db8a23d3ea1" displayName="VA.TMP.Integration.Plugins" solution="TMP_Sprint23 (1.0.0.0)" id="{69719429-31ad-4864-8a1f-c6597679e24b}" />
        <Dependent type="91" schemaName="VA.TMP.Integration.Plugins, Version=1.0.0.0, Culture=neutral, PublicKeyToken=f9ed7db8a23d3ea1" displayName="VA.TMP.Integration.Plugins" id="{69719429-31ad-4864-8a1f-c6597679e24b}" />
      </MissingDependency>
    </MissingDependencies>
  </SolutionManifest>
</ImportExportXml>